warning: profiles for the non root package will be ignored, specify profiles at the workspace root:
package:   /Users/chrischeng/axiom/app_courier/crates/cclab-grid-wasm/Cargo.toml
workspace: /Users/chrischeng/axiom/app_courier/Cargo.toml
warning: function `resolve_courier_url_from` is never used
   --> libs/cli-std/src/lib.rs:317:4
    |
317 | fn resolve_courier_url_from(env: impl Fn(&str) -> Option<String>) -> Option<String> {
    |    ^^^^^^^^^^^^^^^^^^^^^^^^
    |
    = note: `#[warn(dead_code)]` (part of `#[warn(unused)]`) on by default

warning: function `reopen_payload` is never used
   --> libs/cli-std/src/issue.rs:118:4
    |
118 | fn reopen_payload() -> serde_json::Value {
    |    ^^^^^^^^^^^^^^

warning: function `github_search_url` is never used
   --> libs/cli-std/src/issue.rs:206:4
    |
206 | fn github_search_url(q: &str, limit: u32) -> String {
    |    ^^^^^^^^^^^^^^^^^

warning: function `github_view_url` is never used
   --> libs/cli-std/src/issue.rs:217:4
    |
217 | fn github_view_url(repo: &str, number: u64) -> String {
    |    ^^^^^^^^^^^^^^^

warning: `cli-std` (lib) generated 4 warnings
warning: unreachable expression
   --> apps/agentic-workflow/src/generate/from_td_ast.rs:510:5
    |
508 |       todo!("process: Locate inner ``---`` markers; split raw into [frontmatter_raw, rendered_body]");
    |       ----------------------------------------------------------------------------------------------- any code following this expression is unreachable
509 |       // Decision: Frontmatter markers found?
510 | /     if todo!("decision: Frontmatter markers found?")
511 | |     /* no */
512 | |     {
513 | |         todo!("terminal: Err(MP-FM-001 missing-frontmatter)");
...   |
536 | |     }
    | |_____^ unreachable expression
    |
    = note: `#[warn(unreachable_code)]` (part of `#[warn(unused)]`) on by default

warning: unreachable block in `if` or `while` expression
   --> apps/agentic-workflow/src/generate/from_td_ast.rs:512:5
    |
510 |       if todo!("decision: Frontmatter markers found?")
    |          --------------------------------------------- any code following this expression is unreachable
511 |       /* no */
512 | /     {
513 | |         todo!("terminal: Err(MP-FM-001 missing-frontmatter)");
514 | |     } else
    | |_____^ unreachable block in `if` or `while` expression

warning: unreachable expression
   --> apps/agentic-workflow/src/generate/from_td_ast.rs:521:9
    |
519 |           todo!("process: serde_yaml::from_str::<MermaidPlusFrontmatter>(frontmatter_raw) (typed deserializer dispatches on `kind`)");
    |           --------------------------------------------------------------------------------------------------------------------------- any code following this expression is unreachable
520 |           // Decision: YAML parses into typed frontmatter?
521 | /         if todo!("decision: YAML parses into typed frontmatter?")
522 | |         /* no */
523 | |         {
524 | |             todo!("terminal: Err(MP-FM-002 invalid-yaml | MP-FM-003 unknown-kind | MP-FM-004 schema-mismatch)");
...   |
534 | |             todo!("terminal: Ok(MermaidPlusBlockTyped) — parse layer done");
535 | |         }
    | |_________^ unreachable expression

warning: unreachable block in `if` or `while` expression
   --> apps/agentic-workflow/src/generate/from_td_ast.rs:523:9
    |
521 |           if todo!("decision: YAML parses into typed frontmatter?")
    |              ------------------------------------------------------ any code following this expression is unreachable
522 |           /* no */
523 | /         {
524 | |             todo!("terminal: Err(MP-FM-002 invalid-yaml | MP-FM-003 unknown-kind | MP-FM-004 schema-mismatch)");
525 | |         } else
    | |_________^ unreachable block in `if` or `while` expression

warning: unreachable statement
   --> apps/agentic-workflow/src/generate/from_td_ast.rs:533:13
    |
530 | ...   todo!("process: id = frontmatter.id().unwrap_or(format!(\"{{section_type}}:{{line_start}}\"))");
    |       ----------------------------------------------------------------------------------------------- any code following this expression is unreachable
...
533 | ...   todo!("process: Construct MermaidPlusBlockTyped {{ id, span, frontmatter, frontmatter_raw, rendered_body, diagnostics: [] }}");
    |       ^^^^^^^^^^^^^^^^^^^^^^^^^^^^^^^^^^^^^^^^^^^^^^^^^^^^^^^^^^^^^^^^^^^^^^^^^^^^^^^^^^^^^^^^^^^^^^^^^^^^^^^^^^^^^^^^^^^^^^^^^^^^^^ unreachable statement

warning: unreachable expression
   --> apps/agentic-workflow/src/td_ast/mermaid_plus.rs:402:5
    |
400 |       todo!("process: Locate inner ``---`` markers; split raw into [frontmatter_raw, rendered_body]");
    |       ----------------------------------------------------------------------------------------------- any code following this expression is unreachable
401 |       // Decision: Frontmatter markers found?
402 | /     if todo!("decision: Frontmatter markers found?")
403 | |     /* no */
404 | |     {
405 | |         todo!("terminal: Err(MP-FM-001 missing-frontmatter)");
...   |
428 | |     }
    | |_____^ unreachable expression

warning: unreachable block in `if` or `while` expression
   --> apps/agentic-workflow/src/td_ast/mermaid_plus.rs:404:5
    |
402 |       if todo!("decision: Frontmatter markers found?")
    |          --------------------------------------------- any code following this expression is unreachable
403 |       /* no */
404 | /     {
405 | |         todo!("terminal: Err(MP-FM-001 missing-frontmatter)");
406 | |     } else
    | |_____^ unreachable block in `if` or `while` expression

warning: unreachable expression
   --> apps/agentic-workflow/src/td_ast/mermaid_plus.rs:413:9
    |
411 |           todo!("process: serde_yaml::from_str::<MermaidPlusFrontmatter>(frontmatter_raw) (typed deserializer dispatches on `kind`)");
    |           --------------------------------------------------------------------------------------------------------------------------- any code following this expression is unreachable
412 |           // Decision: YAML parses into typed frontmatter?
413 | /         if todo!("decision: YAML parses into typed frontmatter?")
414 | |         /* no */
415 | |         {
416 | |             todo!("terminal: Err(MP-FM-002 invalid-yaml | MP-FM-003 unknown-kind | MP-FM-004 schema-mismatch)");
...   |
426 | |             todo!("terminal: Ok(MermaidPlusBlockTyped) — parse layer done");
427 | |         }
    | |_________^ unreachable expression

warning: unreachable block in `if` or `while` expression
   --> apps/agentic-workflow/src/td_ast/mermaid_plus.rs:415:9
    |
413 |           if todo!("decision: YAML parses into typed frontmatter?")
    |              ------------------------------------------------------ any code following this expression is unreachable
414 |           /* no */
415 | /         {
416 | |             todo!("terminal: Err(MP-FM-002 invalid-yaml | MP-FM-003 unknown-kind | MP-FM-004 schema-mismatch)");
417 | |         } else
    | |_________^ unreachable block in `if` or `while` expression

warning: unreachable statement
   --> apps/agentic-workflow/src/td_ast/mermaid_plus.rs:425:13
    |
422 | ...   todo!("process: id = frontmatter.id().unwrap_or(format!(\"{{section_type}}:{{line_start}}\"))");
    |       ----------------------------------------------------------------------------------------------- any code following this expression is unreachable
...
425 | ...   todo!("process: Construct MermaidPlusBlockTyped {{ id, span, frontmatter, frontmatter_raw, rendered_body, diagnostics: [] }}");
    |       ^^^^^^^^^^^^^^^^^^^^^^^^^^^^^^^^^^^^^^^^^^^^^^^^^^^^^^^^^^^^^^^^^^^^^^^^^^^^^^^^^^^^^^^^^^^^^^^^^^^^^^^^^^^^^^^^^^^^^^^^^^^^^^ unreachable statement

warning: unreachable expression
  --> apps/agentic-workflow/src/td_ast/mod.rs:67:5
   |
65 |       todo!("process: Locate inner ``---`` markers; split raw into [frontmatter_raw, rendered_body]");
   |       ----------------------------------------------------------------------------------------------- any code following this expression is unreachable
66 |       // Decision: Frontmatter markers found?
67 | /     if todo!("decision: Frontmatter markers found?")
68 | |     /* no */
69 | |     {
70 | |         todo!("terminal: Err(MP-FM-001 missing-frontmatter)");
...  |
93 | |     }
   | |_____^ unreachable expression

warning: unreachable block in `if` or `while` expression
  --> apps/agentic-workflow/src/td_ast/mod.rs:69:5
   |
67 |       if todo!("decision: Frontmatter markers found?")
   |          --------------------------------------------- any code following this expression is unreachable
68 |       /* no */
69 | /     {
70 | |         todo!("terminal: Err(MP-FM-001 missing-frontmatter)");
71 | |     } else
   | |_____^ unreachable block in `if` or `while` expression

warning: unreachable expression
  --> apps/agentic-workflow/src/td_ast/mod.rs:78:9
   |
76 |           todo!("process: serde_yaml::from_str::<MermaidPlusFrontmatter>(frontmatter_raw) (typed deserializer dispatches on `kind`)");
   |           --------------------------------------------------------------------------------------------------------------------------- any code following this expression is unreachable
77 |           // Decision: YAML parses into typed frontmatter?
78 | /         if todo!("decision: YAML parses into typed frontmatter?")
79 | |         /* no */
80 | |         {
81 | |             todo!("terminal: Err(MP-FM-002 invalid-yaml | MP-FM-003 unknown-kind | MP-FM-004 schema-mismatch)");
...  |
91 | |             todo!("terminal: Ok(MermaidPlusBlockTyped) — parse layer done");
92 | |         }
   | |_________^ unreachable expression

warning: unreachable block in `if` or `while` expression
  --> apps/agentic-workflow/src/td_ast/mod.rs:80:9
   |
78 |           if todo!("decision: YAML parses into typed frontmatter?")
   |              ------------------------------------------------------ any code following this expression is unreachable
79 |           /* no */
80 | /         {
81 | |             todo!("terminal: Err(MP-FM-002 invalid-yaml | MP-FM-003 unknown-kind | MP-FM-004 schema-mismatch)");
82 | |         } else
   | |_________^ unreachable block in `if` or `while` expression

warning: unreachable statement
  --> apps/agentic-workflow/src/td_ast/mod.rs:90:13
   |
87 | ...   todo!("process: id = frontmatter.id().unwrap_or(format!(\"{{section_type}}:{{line_start}}\"))");
   |       ----------------------------------------------------------------------------------------------- any code following this expression is unreachable
...
90 | ...   todo!("process: Construct MermaidPlusBlockTyped {{ id, span, frontmatter, frontmatter_raw, rendered_body, diagnostics: [] }}");
   |       ^^^^^^^^^^^^^^^^^^^^^^^^^^^^^^^^^^^^^^^^^^^^^^^^^^^^^^^^^^^^^^^^^^^^^^^^^^^^^^^^^^^^^^^^^^^^^^^^^^^^^^^^^^^^^^^^^^^^^^^^^^^^^^ unreachable statement

warning: unused variable: `project_root`
    --> apps/agentic-workflow/src/cli/cb.rs:5778:5
     |
5778 |     project_root: &std::path::Path,
     |     ^^^^^^^^^^^^ help: if this is intentional, prefix it with an underscore: `_project_root`
     |
     = note: `#[warn(unused_variables)]` (part of `#[warn(unused)]`) on by default

warning: `agentic-workflow` (lib) generated 16 warnings (run `cargo fix --lib -p agentic-workflow` to apply 1 suggestion)
warning: unused import: `base64::Engine as _`
  --> apps/jet/src/cdp_driver/page_binding.rs:26:5
   |
26 | use base64::Engine as _;
   |     ^^^^^^^^^^^^^^^^^^^
   |
   = note: `#[warn(unused_imports)]` (part of `#[warn(unused)]`) on by default

warning: unused variable: `title`
   --> apps/jet/src/pkg_manager/audit.rs:146:21
    |
146 |                 let title = optional_audit_string_field(advisory, "title", id)
    |                     ^^^^^ help: if this is intentional, prefix it with an underscore: `_title`
    |
    = note: `#[warn(unused_variables)]` (part of `#[warn(unused)]`) on by default

warning: function `safe_asset_filename` is never used
  --> apps/jet/src/asset/mod.rs:65:15
   |
65 | pub(crate) fn safe_asset_filename(path: &Path) -> Result<String, String> {
   |               ^^^^^^^^^^^^^^^^^^^
   |
   = note: `#[warn(dead_code)]` (part of `#[warn(unused)]`) on by default

warning: function `format_asset_filename_err` is never used
  --> apps/jet/src/asset/mod.rs:76:15
   |
76 | pub(crate) fn format_asset_filename_err(path: &Path) -> String {
   |               ^^^^^^^^^^^^^^^^^^^^^^^^^

warning: function `try_close_browser_rpc` is never used
   --> apps/jet/src/browser/mod.rs:202:21
    |
202 | pub(crate) async fn try_close_browser_rpc(client: &CdpClient) -> Result<()> {
    |                     ^^^^^^^^^^^^^^^^^^^^^

warning: function `format_cdp_response_dropped_err` is never used
   --> apps/jet/src/browser/cdp.rs:322:15
    |
322 | pub(crate) fn format_cdp_response_dropped_err(method: &str, session_id: Option<&str>) -> String {
    |               ^^^^^^^^^^^^^^^^^^^^^^^^^^^^^^^

warning: function `format_storage_state_cookies_shape_warn` is never used
   --> apps/jet/src/browser/context.rs:283:15
    |
283 | pub(crate) fn format_storage_state_cookies_shape_warn(actual_type: &str) -> String {
    |               ^^^^^^^^^^^^^^^^^^^^^^^^^^^^^^^^^^^^^^^

warning: constant `CSS_BUNDLE_ASSET_STEM_FALLBACK` is never used
  --> apps/jet/src/bundler/css_bundle.rs:13:18
   |
13 | pub(crate) const CSS_BUNDLE_ASSET_STEM_FALLBACK: &str = "asset";
   |                  ^^^^^^^^^^^^^^^^^^^^^^^^^^^^^^

warning: constant `CSS_BUNDLE_ASSET_EXT_FALLBACK` is never used
  --> apps/jet/src/bundler/css_bundle.rs:19:18
   |
19 | pub(crate) const CSS_BUNDLE_ASSET_EXT_FALLBACK: &str = "";
   |                  ^^^^^^^^^^^^^^^^^^^^^^^^^^^^^

warning: function `format_css_bundle_asset_non_utf8_stem_warn` is never used
  --> apps/jet/src/bundler/css_bundle.rs:27:15
   |
27 | pub(crate) fn format_css_bundle_asset_non_utf8_stem_warn(path: &Path, lossy: &str) -> String {
   |               ^^^^^^^^^^^^^^^^^^^^^^^^^^^^^^^^^^^^^^^^^^

warning: function `format_css_bundle_asset_non_utf8_ext_warn` is never used
  --> apps/jet/src/bundler/css_bundle.rs:43:15
   |
43 | pub(crate) fn format_css_bundle_asset_non_utf8_ext_warn(path: &Path, lossy: &str) -> String {
   |               ^^^^^^^^^^^^^^^^^^^^^^^^^^^^^^^^^^^^^^^^^

warning: function `coerce_css_bundle_asset_stem_or_warn` is never used
  --> apps/jet/src/bundler/css_bundle.rs:59:15
   |
59 | pub(crate) fn coerce_css_bundle_asset_stem_or_warn(path: &Path) -> std::borrow::Cow<'_, str> {
   |               ^^^^^^^^^^^^^^^^^^^^^^^^^^^^^^^^^^^^

warning: function `coerce_css_bundle_asset_ext_or_warn` is never used
  --> apps/jet/src/bundler/css_bundle.rs:86:15
   |
86 | pub(crate) fn coerce_css_bundle_asset_ext_or_warn(path: &Path) -> std::borrow::Cow<'_, str> {
   |               ^^^^^^^^^^^^^^^^^^^^^^^^^^^^^^^^^^^

warning: function `collect_es_module_marker_edits` is never used
    --> apps/jet/src/bundler/dce.rs:1091:4
     |
1091 | fn collect_es_module_marker_edits(source: &str, node: Node<'_>, edits: &mut Vec<StaticEdit>) {
     |    ^^^^^^^^^^^^^^^^^^^^^^^^^^^^^^

warning: function `safe_import_meta_env_define_value` is never used
  --> apps/jet/src/bundler/define.rs:23:15
   |
23 | pub(crate) fn safe_import_meta_env_define_value(value: &str) -> String {
   |               ^^^^^^^^^^^^^^^^^^^^^^^^^^^^^^^^^

warning: function `read_project_type_is_lib` is never used
    --> apps/jet/src/cli.rs:4389:4
     |
4389 | fn read_project_type_is_lib(path: &Path) -> bool {
     |    ^^^^^^^^^^^^^^^^^^^^^^^^

warning: constant `DEV_SERVER_HMR_REBUILD_NO_EXTENSION_FALLBACK` is never used
  --> apps/jet/src/dev_server/mod.rs:54:18
   |
54 | pub(crate) const DEV_SERVER_HMR_REBUILD_NO_EXTENSION_FALLBACK: &str = "";
   |                  ^^^^^^^^^^^^^^^^^^^^^^^^^^^^^^^^^^^^^^^^^^^^

warning: function `format_dev_server_hmr_rebuild_no_extension_warn` is never used
  --> apps/jet/src/dev_server/mod.rs:62:15
   |
62 | pub(crate) fn format_dev_server_hmr_rebuild_no_extension_warn(path: &Path) -> String {
   |               ^^^^^^^^^^^^^^^^^^^^^^^^^^^^^^^^^^^^^^^^^^^^^^^

warning: function `format_dev_server_hmr_rebuild_non_utf8_extension_warn` is never used
  --> apps/jet/src/dev_server/mod.rs:77:15
   |
77 | pub(crate) fn format_dev_server_hmr_rebuild_non_utf8_extension_warn(
   |               ^^^^^^^^^^^^^^^^^^^^^^^^^^^^^^^^^^^^^^^^^^^^^^^^^^^^^

warning: function `coerce_dev_server_hmr_rebuild_extension_or_warn` is never used
  --> apps/jet/src/dev_server/mod.rs:95:15
   |
95 | pub(crate) fn coerce_dev_server_hmr_rebuild_extension_or_warn(
   |               ^^^^^^^^^^^^^^^^^^^^^^^^^^^^^^^^^^^^^^^^^^^^^^^

warning: function `rewrite_bare_specifiers` is never used
    --> apps/jet/src/dev_server/mod.rs:2524:4
     |
2524 | fn rewrite_bare_specifiers(code: &str, root_dir: &std::path::Path) -> String {
     |    ^^^^^^^^^^^^^^^^^^^^^^^

warning: function `read_package_json_value` is never used
    --> apps/jet/src/dev_server/mod.rs:3247:15
     |
3247 | pub(crate) fn read_package_json_value(path: &std::path::Path) -> Option<serde_json::Value> {
     |               ^^^^^^^^^^^^^^^^^^^^^^^

warning: function `format_subpath_imports_rewrite_warn` is never used
    --> apps/jet/src/dev_server/mod.rs:3281:15
     |
3281 | pub(crate) fn format_subpath_imports_rewrite_warn(
     |               ^^^^^^^^^^^^^^^^^^^^^^^^^^^^^^^^^^^

warning: function `resolve_node_subpath_imports` is never used
    --> apps/jet/src/dev_server/mod.rs:3322:15
     |
3322 | pub(crate) fn resolve_node_subpath_imports(
     |               ^^^^^^^^^^^^^^^^^^^^^^^^^^^^

warning: function `convert_cjs_file_to_esm` is never used
    --> apps/jet/src/dev_server/prebundle.rs:1709:15
     |
1709 | pub(crate) fn convert_cjs_file_to_esm(source: &str, file_path: &Path) -> String {
     |               ^^^^^^^^^^^^^^^^^^^^^^^

warning: function `format_lockfile_read_warn` is never used
    --> apps/jet/src/pkg_manager/mod.rs:1684:15
     |
1684 | pub(crate) fn format_lockfile_read_warn(path: &std::path::Path, err: &anyhow::Error) -> String {
     |               ^^^^^^^^^^^^^^^^^^^^^^^^^

warning: function `package_json_read_io_ctx` is never used
    --> apps/jet/src/pkg_manager/mod.rs:1726:15
     |
1726 | pub(crate) fn package_json_read_io_ctx(path: &Path) -> String {
     |               ^^^^^^^^^^^^^^^^^^^^^^^^

warning: function `package_json_parse_ctx` is never used
    --> apps/jet/src/pkg_manager/mod.rs:1738:15
     |
1738 | pub(crate) fn package_json_parse_ctx(path: &Path) -> String {
     |               ^^^^^^^^^^^^^^^^^^^^^^

warning: enum `LinkTargetClass` is never used
   --> apps/jet/src/pkg_manager/lockfile.rs:420:17
    |
420 | pub(crate) enum LinkTargetClass {
    |                 ^^^^^^^^^^^^^^^

warning: function `safe_classify_link_target` is never used
   --> apps/jet/src/pkg_manager/lockfile.rs:437:15
    |
437 | pub(crate) fn safe_classify_link_target(link: &Path) -> LinkTargetClass {
    |               ^^^^^^^^^^^^^^^^^^^^^^^^^

warning: function `safe_xdg_metadata_cache_dir` is never used
   --> apps/jet/src/pkg_manager/registry.rs:163:15
    |
163 | pub(crate) fn safe_xdg_metadata_cache_dir(
    |               ^^^^^^^^^^^^^^^^^^^^^^^^^^^

warning: function `format_safe_xdg_cache_warn` is never used
   --> apps/jet/src/pkg_manager/registry.rs:184:15
    |
184 | pub(crate) fn format_safe_xdg_cache_warn(observed_kind: &str) -> String {
    |               ^^^^^^^^^^^^^^^^^^^^^^^^^^

warning: function `load_tsconfig_paths` is never used
   --> apps/jet/src/resolver/alias.rs:441:4
    |
441 | fn load_tsconfig_paths(project_root: &Path) -> Option<Vec<(String, PathBuf)>> {
    |    ^^^^^^^^^^^^^^^^^^^

warning: function `load_tsconfig_paths_from` is never used
   --> apps/jet/src/resolver/alias.rs:445:4
    |
445 | fn load_tsconfig_paths_from(project_root: &Path, filename: &str) -> Option<Vec<(String, PathBuf)>> {
    |    ^^^^^^^^^^^^^^^^^^^^^^^^

warning: constant `RUN_FILE_NO_EXTENSION_FALLBACK` is never used
   --> apps/jet/src/runner/mod.rs:299:18
    |
299 | pub(crate) const RUN_FILE_NO_EXTENSION_FALLBACK: &str = "";
    |                  ^^^^^^^^^^^^^^^^^^^^^^^^^^^^^^

warning: function `format_runner_run_file_no_extension_warn` is never used
   --> apps/jet/src/runner/mod.rs:307:15
    |
307 | pub(crate) fn format_runner_run_file_no_extension_warn(path: &Path) -> String {
    |               ^^^^^^^^^^^^^^^^^^^^^^^^^^^^^^^^^^^^^^^^

warning: function `format_runner_run_file_non_utf8_extension_warn` is never used
   --> apps/jet/src/runner/mod.rs:322:15
    |
322 | pub(crate) fn format_runner_run_file_non_utf8_extension_warn(path: &Path, lossy: &str) -> String {
    |               ^^^^^^^^^^^^^^^^^^^^^^^^^^^^^^^^^^^^^^^^^^^^^^

warning: function `coerce_run_file_extension_or_warn` is never used
   --> apps/jet/src/runner/mod.rs:342:15
    |
342 | pub(crate) fn coerce_run_file_extension_or_warn(path: &Path) -> std::borrow::Cow<'_, str> {
    |               ^^^^^^^^^^^^^^^^^^^^^^^^^^^^^^^^^

warning: function `format_jit_stem_err` is never used
  --> apps/jet/src/runner/jit.rs:28:15
   |
28 | pub(crate) fn format_jit_stem_err(path: &Path) -> String {
   |               ^^^^^^^^^^^^^^^^^^^

warning: function `safe_jit_stem` is never used
  --> apps/jet/src/runner/jit.rs:39:15
   |
39 | pub(crate) fn safe_jit_stem(path: &Path) -> Result<String, String> {
   |               ^^^^^^^^^^^^^

warning: function `os_string_bytes_non_unix_lossy_or_warn` is never used
  --> apps/jet/src/task_runner/hash.rs:72:15
   |
72 | pub(crate) fn os_string_bytes_non_unix_lossy_or_warn(
   |               ^^^^^^^^^^^^^^^^^^^^^^^^^^^^^^^^^^^^^^

warning: function `format_env_var_lookup_non_unix_lossy_warn` is never used
  --> apps/jet/src/task_runner/hash.rs:91:15
   |
91 | pub(crate) fn format_env_var_lookup_non_unix_lossy_warn(key: &str) -> String {
   |               ^^^^^^^^^^^^^^^^^^^^^^^^^^^^^^^^^^^^^^^^^

warning: constant `TRANSFORM_JS_NO_EXTENSION_FALLBACK` is never used
  --> apps/jet/src/transform/mod.rs:78:18
   |
78 | pub(crate) const TRANSFORM_JS_NO_EXTENSION_FALLBACK: &str = "";
   |                  ^^^^^^^^^^^^^^^^^^^^^^^^^^^^^^^^^^

warning: function `format_transform_js_no_extension_warn` is never used
  --> apps/jet/src/transform/mod.rs:86:15
   |
86 | pub(crate) fn format_transform_js_no_extension_warn(filename: &Path) -> String {
   |               ^^^^^^^^^^^^^^^^^^^^^^^^^^^^^^^^^^^^^

warning: function `format_transform_js_non_utf8_extension_warn` is never used
   --> apps/jet/src/transform/mod.rs:101:15
    |
101 | pub(crate) fn format_transform_js_non_utf8_extension_warn(filename: &Path, lossy: &str) -> String {
    |               ^^^^^^^^^^^^^^^^^^^^^^^^^^^^^^^^^^^^^^^^^^^

warning: function `coerce_transform_js_extension_or_warn` is never used
   --> apps/jet/src/transform/mod.rs:123:15
    |
123 | pub(crate) fn coerce_transform_js_extension_or_warn(filename: &Path) -> std::borrow::Cow<'_, str> {
    |               ^^^^^^^^^^^^^^^^^^^^^^^^^^^^^^^^^^^^^

warning: `jet` (lib) generated 46 warnings (run `cargo fix --lib -p jet` to apply 2 suggestions)
warning: unused variable: `client`
   --> apps/cap/src/cli.rs:431:9
    |
431 |     let client = issue_client::Client::new(TOOL.project, TOOL.version)?;
    |         ^^^^^^ help: if this is intentional, prefix it with an underscore: `_client`
    |
    = note: `#[warn(unused_variables)]` (part of `#[warn(unused)]`) on by default

warning: unused import: `rustc_hash::FxHashMap`
 --> projects/mamba/src/runtime/builtins/mod.rs:8:5
  |
8 | use rustc_hash::FxHashMap;
  |     ^^^^^^^^^^^^^^^^^^^^^
  |
  = note: `#[warn(unused_imports)]` (part of `#[warn(unused)]`) on by default

warning: unused import: `eval_str_value`
  --> projects/mamba/src/runtime/builtins/mod.rs:94:31
   |
94 | use eval_exec::{eval_pending, eval_str_value};
   |                               ^^^^^^^^^^^^^^

warning: unused import: `memoryview_field`
  --> projects/mamba/src/runtime/class/mod.rs:49:77
   |
49 |     is_memoryview_instance, memoryview_dict_str_get, memoryview_element_at, memoryview_field,
   |                                                                             ^^^^^^^^^^^^^^^^

warning: unused import: `BufRead`
  --> projects/mamba/src/runtime/file_io.rs:10:15
   |
10 | use std::io::{BufRead, BufReader, Read, Write};
   |               ^^^^^^^

warning: unused import: `super::super::dict_ops::DictKey`
 --> projects/mamba/src/runtime/stdlib/datetime_mod.rs:1:5
  |
1 | use super::super::dict_ops::DictKey;
  |     ^^^^^^^^^^^^^^^^^^^^^^^^^^^^^^^

warning: unused doc comment
    --> projects/mamba/src/runtime/stdlib/random_mod.rs:1149:1
     |
1149 | / /// `getstate()` → `(handle_id,)` 1-tuple — opaque token. Restore via
1150 | | /// `setstate`, valid for the lifetime of the handle.
     | |_----------------------------------------------------^
     |   |
     |   rustdoc does not generate documentation for macro invocations
     |
     = help: to document an item produced by a macro, the macro must produce the documentation as part of its expansion
     = note: `#[warn(unused_doc_comments)]` (part of `#[warn(unused)]`) on by default

warning: unused macro definition: `dispatch_binary`
   --> projects/mamba/src/runtime/stdlib/re_mod.rs:786:14
    |
786 | macro_rules! dispatch_binary {
    |              ^^^^^^^^^^^^^^^
    |
    = note: `#[warn(unused_macros)]` (part of `#[warn(unused)]`) on by default

warning: unused macro definition: `dispatch_ternary`
   --> projects/mamba/src/runtime/stdlib/re_mod.rs:798:14
    |
798 | macro_rules! dispatch_ternary {
    |              ^^^^^^^^^^^^^^^^

warning: unused import: `std::collections::HashMap`
 --> projects/mamba/src/runtime/stdlib/colorsys_mod.rs:8:5
  |
8 | use std::collections::HashMap;
  |     ^^^^^^^^^^^^^^^^^^^^^^^^^

warning: unused import: `NATIVE_TYPE_NAMES`
    --> projects/mamba/src/runtime/stdlib/csv_mod.rs:2608:51
     |
2608 |     use super::super::module::{NATIVE_FUNC_ADDRS, NATIVE_TYPE_NAMES};
     |                                                   ^^^^^^^^^^^^^^^^^

warning: unused macro definition: `dispatch_unary`
  --> projects/mamba/src/runtime/stdlib/gzip_mod.rs:44:14
   |
44 | macro_rules! dispatch_unary {
   |              ^^^^^^^^^^^^^^

warning: unused macro definition: `dispatch_nullary`
  --> projects/mamba/src/runtime/stdlib/html_parser_mod.rs:32:14
   |
32 | macro_rules! dispatch_nullary {
   |              ^^^^^^^^^^^^^^^^

warning: unused import: `xz2::read::XzDecoder`
  --> projects/mamba/src/runtime/stdlib/lzma_mod.rs:43:5
   |
43 | use xz2::read::XzDecoder;
   |     ^^^^^^^^^^^^^^^^^^^^

warning: unused import: `ObjData`
 --> projects/mamba/src/runtime/stdlib/numbers_mod.rs:1:34
  |
1 | use super::super::rc::{MbObject, ObjData};
  |                                  ^^^^^^^

warning: unused import: `ObjData`
 --> projects/mamba/src/runtime/stdlib/pipes_mod.rs:7:34
  |
7 | use super::super::rc::{MbObject, ObjData};
  |                                  ^^^^^^^

warning: unnecessary parentheses around assigned value
    --> projects/mamba/src/runtime/stdlib/statistics_mod.rs:1288:19
     |
1288 |         let den = (((((((5.2264952788528545610e+3 * r + 2.8729085735721942674e+4) * r
     |                   ^
...
1299 |             + 1.0);
     |                  ^
     |
     = note: `#[warn(unused_parens)]` (part of `#[warn(unused)]`) on by default
help: remove these parentheses
     |
1288 ~         let den = ((((((5.2264952788528545610e+3 * r + 2.8729085735721942674e+4) * r
1289 |             + 3.9307895800092710610e+4)
 ...
1298 |             * r
1299 ~             + 1.0 ;
     |

warning: unnecessary parentheses around assigned value
    --> projects/mamba/src/runtime/stdlib/statistics_mod.rs:1307:19
     |
1307 |         let num = (((((((7.7454501427834140764e-4 * r + 2.2723844989269184583e-2) * r
     |                   ^
...
1318 |             + 1.4234371107496835773e+0);
     |                                       ^
     |
help: remove these parentheses
     |
1307 ~         let num = ((((((7.7454501427834140764e-4 * r + 2.2723844989269184583e-2) * r
1308 |             + 2.4178072517745061177e-1)
 ...
1317 |             * r
1318 ~             + 1.4234371107496835773e+0 ;
     |

warning: unnecessary parentheses around assigned value
    --> projects/mamba/src/runtime/stdlib/statistics_mod.rs:1319:19
     |
1319 |         let den = (((((((1.0507500716444168432e-9 * r + 5.4759380849953449460e-4) * r
     |                   ^
...
1330 |             + 1.0);
     |                  ^
     |
help: remove these parentheses
     |
1319 ~         let den = ((((((1.0507500716444168432e-9 * r + 5.4759380849953449460e-4) * r
1320 |             + 1.5198666563616457196e-2)
 ...
1329 |             * r
1330 ~             + 1.0 ;
     |

warning: unnecessary parentheses around assigned value
    --> projects/mamba/src/runtime/stdlib/statistics_mod.rs:1334:19
     |
1334 |         let num = (((((((2.0103343992922881326e-7 * r + 2.7115555687434875782e-5) * r
     |                   ^
...
1345 |             + 6.6579046435011037772e+0);
     |                                       ^
     |
help: remove these parentheses
     |
1334 ~         let num = ((((((2.0103343992922881326e-7 * r + 2.7115555687434875782e-5) * r
1335 |             + 1.2426609473880784386e-3)
 ...
1344 |             * r
1345 ~             + 6.6579046435011037772e+0 ;
     |

warning: unnecessary parentheses around assigned value
    --> projects/mamba/src/runtime/stdlib/statistics_mod.rs:1346:19
     |
1346 |         let den = (((((((2.0442631033899397856e-15 * r + 1.4215117583164458887e-7) * r
     |                   ^
...
1357 |             + 1.0);
     |                  ^
     |
help: remove these parentheses
     |
1346 ~         let den = ((((((2.0442631033899397856e-15 * r + 1.4215117583164458887e-7) * r
1347 |             + 1.8463183175100546818e-5)
 ...
1356 |             * r
1357 ~             + 1.0 ;
     |

warning: unused doc comment
   --> projects/mamba/src/runtime/stdlib/threading_mod.rs:393:1
    |
393 | /// Allocate the next distinct Thread ident (>= 2).
    | ^^^^^^^^^^^^^^^^^^^^^^^^^^^^^^^^^^^^^^^^^^^^^^^^^^^ rustdoc does not generate documentation for macro invocations
    |
    = help: to document an item produced by a macro, the macro must produce the documentation as part of its expansion

warning: unused import: `NATIVE_TYPE_NAMES`
 --> projects/mamba/src/runtime/stdlib/email_mod.rs:1:71
  |
1 | use super::super::module::{register_variadic_func, NATIVE_FUNC_ADDRS, NATIVE_TYPE_NAMES};
  |                                                                       ^^^^^^^^^^^^^^^^^

warning: unused import: `std::collections::HashMap`
  --> projects/mamba/src/runtime/stdlib/getopt_mod.rs:16:5
   |
16 | use std::collections::HashMap;
   |     ^^^^^^^^^^^^^^^^^^^^^^^^^

warning: unused import: `std::collections::HashMap`
  --> projects/mamba/src/runtime/stdlib/getpass_mod.rs:10:5
   |
10 | use std::collections::HashMap;
   |     ^^^^^^^^^^^^^^^^^^^^^^^^^

warning: unused import: `std::collections::HashMap`
  --> projects/mamba/src/runtime/stdlib/quopri_mod.rs:15:5
   |
15 | use std::collections::HashMap;
   |     ^^^^^^^^^^^^^^^^^^^^^^^^^

warning: unused import: `std::collections::HashMap`
  --> projects/mamba/src/runtime/stdlib/uu_mod.rs:24:5
   |
24 | use std::collections::HashMap;
   |     ^^^^^^^^^^^^^^^^^^^^^^^^^

warning: use of deprecated constant `libc::RLIM_NLIMITS`: Not stable across OS versions
   --> projects/mamba/src/runtime/stdlib/resource_mod.rs:286:48
    |
286 |     if resource_id < 0 || resource_id >= libc::RLIM_NLIMITS {
    |                                                ^^^^^^^^^^^^
    |
    = note: `#[warn(deprecated)]` on by default

warning: use of deprecated constant `libc::RLIM_NLIMITS`: Not stable across OS versions
   --> projects/mamba/src/runtime/stdlib/resource_mod.rs:316:48
    |
316 |     if resource_id < 0 || resource_id >= libc::RLIM_NLIMITS {
    |                                                ^^^^^^^^^^^^

warning: unused import: `Read`
  --> projects/mamba/src/runtime/stdlib/lzma_mod.rs:42:15
   |
42 | use std::io::{Read, Write};
   |               ^^^^

warning: irrefutable `if let` pattern
    --> projects/mamba/src/lower/ast_to_hir.rs:1043:20
     |
1043 |                   if let ast::CallArg::Positional(x)
     |  ____________________^
1044 | |                 | ast::CallArg::Keyword { value: x, .. }
1045 | |                 | ast::CallArg::StarArg(x)
1046 | |                 | ast::CallArg::DoubleStarArg(x) = a
     | |____________________________________________________^
     |
     = note: this pattern will always match, so the `if let` is useless
     = help: consider replacing the `if let` with a `let`
     = note: `#[warn(irrefutable_let_patterns)]` on by default

warning: variable does not need to be mutable
    --> projects/mamba/src/lower/ast_to_hir.rs:3952:13
     |
3952 |         let mut note_container =
     |             ----^^^^^^^^^^^^^^
     |             |
     |             help: remove this `mut`
     |
     = note: `#[warn(unused_mut)]` (part of `#[warn(unused)]`) on by default

warning: variable does not need to be mutable
    --> projects/mamba/src/lower/ast_to_hir.rs:6531:25
     |
6531 |                     let mut hoist = |slot: &mut Box<HirExpr>, tag: &str, this: &mut Self| {
     |                         ----^^^^^
     |                         |
     |                         help: remove this `mut`

warning: variable does not need to be mutable
    --> projects/mamba/src/lower/pep695.rs:1877:21
     |
1877 |                 let mut route =
     |                     ----^^^^^
     |                     |
     |                     help: remove this `mut`

warning: unnecessary `unsafe` block
  --> projects/mamba/src/runtime/builtins/callable.rs:27:67
   |
13 |         unsafe {
   |         ------ because it's nested under this `unsafe` block
...
27 |                                     value.as_ptr().and_then(|ptr| unsafe {
   |                                                                   ^^^^^^ unnecessary `unsafe` block
   |
   = note: `#[warn(unused_unsafe)]` (part of `#[warn(unused)]`) on by default

warning: unnecessary `unsafe` block
    --> projects/mamba/src/runtime/builtins/eval_exec.rs:1846:13
     |
1838 |     unsafe {
     |     ------ because it's nested under this `unsafe` block
...
1846 |             unsafe {
     |             ^^^^^^ unnecessary `unsafe` block

warning: unnecessary `unsafe` block
   --> projects/mamba/src/runtime/builtins/hash.rs:148:65
    |
118 |         unsafe {
    |         ------ because it's nested under this `unsafe` block
...
148 |                                     b.as_ptr().is_some_and(|bp| unsafe {
    |                                                                 ^^^^^^ unnecessary `unsafe` block

warning: unnecessary `unsafe` block
    --> projects/mamba/src/runtime/builtins/mod.rs:1418:48
     |
1343 |         unsafe {
     |         ------ because it's nested under this `unsafe` block
...
1418 |                             if let Some(big) = unsafe { super::bigint_ops::extract_bigint(result) }
     |                                                ^^^^^^ unnecessary `unsafe` block

warning: unnecessary `unsafe` block
    --> projects/mamba/src/runtime/builtins/mod.rs:4339:38
     |
4071 |         unsafe {
     |         ------ because it's nested under this `unsafe` block
...
4339 |                             .map(|p| unsafe {
     |                                      ^^^^^^ unnecessary `unsafe` block

warning: unnecessary `unsafe` block
    --> projects/mamba/src/runtime/builtins/mod.rs:5103:63
     |
4768 |         unsafe {
     |         ------ because it's nested under this `unsafe` block
...
5103 |                                 value.as_ptr().and_then(|ptr| unsafe {
     |                                                               ^^^^^^ unnecessary `unsafe` block

warning: unnecessary `unsafe` block
    --> projects/mamba/src/runtime/builtins/mod.rs:5315:33
     |
4768 |         unsafe {
     |         ------ because it's nested under this `unsafe` block
...
5315 |                                 unsafe {
     |                                 ^^^^^^ unnecessary `unsafe` block

warning: unreachable pattern
     --> projects/mamba/src/runtime/class/mod.rs:19257:13
      |
19106 |             "__index__" | "__int__" => {
      |             ----------------------- matches all the relevant values
...
19257 |             "__int__" => return MbValue::from_int(val),
      |             ^^^^^^^^^ no value can reach this
      |
      = note: `#[warn(unreachable_patterns)]` (part of `#[warn(unused)]`) on by default

warning: unnecessary `unsafe` block
     --> projects/mamba/src/runtime/class/mod.rs:18079:29
      |
17299 |         unsafe {
      |         ------ because it's nested under this `unsafe` block
...
18079 |                             unsafe {
      |                             ^^^^^^ unnecessary `unsafe` block

warning: unnecessary `unsafe` block
   --> projects/mamba/src/runtime/module.rs:457:21
    |
454 |             unsafe {
    |             ------ because it's nested under this `unsafe` block
...
457 |                     unsafe {
    |                     ^^^^^^ unnecessary `unsafe` block

warning: irrefutable `if let` pattern
   --> projects/mamba/src/runtime/stdlib/sys_mod.rs:288:20
    |
288 |                 if let Ok(g) = lock.read() {
    |                    ^^^^^^^^^^^^^^^^^^^^^^^
    |
    = note: this pattern will always match, so the `if let` is useless
    = help: consider replacing the `if let` with a `let`

warning: irrefutable `if let` pattern
    --> projects/mamba/src/runtime/stdlib/collections_mod.rs:1004:16
     |
1004 |             if let Ok(f) = fields.read() {
     |                ^^^^^^^^^^^^^^^^^^^^^^^^^
     |
     = note: this pattern will always match, so the `if let` is useless
     = help: consider replacing the `if let` with a `let`

warning: irrefutable `if let` pattern
   --> projects/mamba/src/runtime/stdlib/datetime_mod.rs:422:24
    |
422 |                     if let Ok(mut f) = fields.write() {
    |                        ^^^^^^^^^^^^^^^^^^^^^^^^^^^^^^
    |
    = note: this pattern will always match, so the `if let` is useless
    = help: consider replacing the `if let` with a `let`

warning: irrefutable `if let` pattern
   --> projects/mamba/src/runtime/stdlib/datetime_mod.rs:840:16
    |
840 |             if let Ok(mut f) = fields.write() {
    |                ^^^^^^^^^^^^^^^^^^^^^^^^^^^^^^
    |
    = note: this pattern will always match, so the `if let` is useless
    = help: consider replacing the `if let` with a `let`

warning: irrefutable `if let` pattern
    --> projects/mamba/src/runtime/stdlib/datetime_mod.rs:1414:20
     |
1414 |                 if let Ok(mut f) = fields.write() {
     |                    ^^^^^^^^^^^^^^^^^^^^^^^^^^^^^^
     |
     = note: this pattern will always match, so the `if let` is useless
     = help: consider replacing the `if let` with a `let`

warning: irrefutable `if let` pattern
    --> projects/mamba/src/runtime/stdlib/datetime_mod.rs:1532:20
     |
1532 |                 if let Ok(mut f) = fields.write() {
     |                    ^^^^^^^^^^^^^^^^^^^^^^^^^^^^^^
     |
     = note: this pattern will always match, so the `if let` is useless
     = help: consider replacing the `if let` with a `let`

warning: irrefutable `if let` pattern
    --> projects/mamba/src/runtime/stdlib/datetime_mod.rs:1569:16
     |
1569 |             if let Ok(g) = lock.read() {
     |                ^^^^^^^^^^^^^^^^^^^^^^^
     |
     = note: this pattern will always match, so the `if let` is useless
     = help: consider replacing the `if let` with a `let`

warning: irrefutable `if let` pattern
    --> projects/mamba/src/runtime/stdlib/datetime_mod.rs:1607:16
     |
1607 |             if let Ok(g) = lock.read() {
     |                ^^^^^^^^^^^^^^^^^^^^^^^
     |
     = note: this pattern will always match, so the `if let` is useless
     = help: consider replacing the `if let` with a `let`

warning: irrefutable `if let` pattern
    --> projects/mamba/src/runtime/stdlib/datetime_mod.rs:1840:20
     |
1840 |                 if let Ok(mut f) = fields.write() {
     |                    ^^^^^^^^^^^^^^^^^^^^^^^^^^^^^^
     |
     = note: this pattern will always match, so the `if let` is useless
     = help: consider replacing the `if let` with a `let`

warning: irrefutable `if let` pattern
    --> projects/mamba/src/runtime/stdlib/datetime_mod.rs:2152:28
     |
2152 |                         if let Ok(mut f) = fields.write() {
     |                            ^^^^^^^^^^^^^^^^^^^^^^^^^^^^^^
     |
     = note: this pattern will always match, so the `if let` is useless
     = help: consider replacing the `if let` with a `let`

warning: irrefutable `if let` pattern
    --> projects/mamba/src/runtime/stdlib/datetime_mod.rs:2490:32
     |
2490 | ...                   if let Ok(mut f) = fields.write() {
     |                          ^^^^^^^^^^^^^^^^^^^^^^^^^^^^^^
     |
     = note: this pattern will always match, so the `if let` is useless
     = help: consider replacing the `if let` with a `let`

warning: variable does not need to be mutable
   --> projects/mamba/src/runtime/stdlib/pathlib_mod.rs:671:9
    |
671 |     let mut root_present;
    |         ----^^^^^^^^^^^^
    |         |
    |         help: remove this `mut`

warning: irrefutable `if let` pattern
   --> projects/mamba/src/runtime/stdlib/shutil_mod.rs:528:24
    |
528 |                     if let Ok(guard) = lock.read() {
    |                        ^^^^^^^^^^^^^^^^^^^^^^^^^^^
    |
    = note: this pattern will always match, so the `if let` is useless
    = help: consider replacing the `if let` with a `let`

warning: irrefutable `if let` pattern
   --> projects/mamba/src/runtime/stdlib/shutil_mod.rs:555:24
    |
555 |                     if let Ok(guard) = lock.read() {
    |                        ^^^^^^^^^^^^^^^^^^^^^^^^^^^
    |
    = note: this pattern will always match, so the `if let` is useless
    = help: consider replacing the `if let` with a `let`

warning: irrefutable `let...else` pattern
    --> projects/mamba/src/runtime/stdlib/traceback_mod.rs:2169:17
     |
2169 |                 let Ok(fields) = fields.read() else {
     |                 ^^^^^^^^^^^^^^^^^^^^^^^^^^^^^^
     |
     = note: this pattern always matches, so the else clause is unreachable
help: remove this `else` block
    --> projects/mamba/src/runtime/stdlib/traceback_mod.rs:2169:53
     |
2169 |                   let Ok(fields) = fields.read() else {
     |  _____________________________________________________^
2170 | |                     return false;
2171 | |                 };
     | |_________________^

warning: unused variable: `raw`
    --> projects/mamba/src/runtime/stdlib/argparse_mod.rs:1144:51
     |
1144 | fn check_choice(choices: MbValue, value: MbValue, raw: &str, _parser: MbValue) {
     |                                                   ^^^ help: if this is intentional, prefix it with an underscore: `_raw`
     |
     = note: `#[warn(unused_variables)]` (part of `#[warn(unused)]`) on by default

warning: irrefutable `if let` pattern
   --> projects/mamba/src/runtime/stdlib/html_parser_mod.rs:103:24
    |
103 |                     if let Ok(g) = lock.read() {
    |                        ^^^^^^^^^^^^^^^^^^^^^^^
    |
    = note: this pattern will always match, so the `if let` is useless
    = help: consider replacing the `if let` with a `let`

warning: irrefutable `if let` pattern
    --> projects/mamba/src/runtime/stdlib/html_parser_mod.rs:1536:20
     |
1536 |                 if let Ok(g) = lock.read() {
     |                    ^^^^^^^^^^^^^^^^^^^^^^^
     |
     = note: this pattern will always match, so the `if let` is useless
     = help: consider replacing the `if let` with a `let`

warning: unnecessary `unsafe` block
    --> projects/mamba/src/runtime/stdlib/http_mod.rs:3365:17
     |
3363 |         unsafe {
     |         ------ because it's nested under this `unsafe` block
3364 |             if let ObjData::Dict(ref lock) = (*hd).data {
3365 |                 unsafe { super::super::rc::retain_if_ptr(val) };
     |                 ^^^^^^ unnecessary `unsafe` block

warning: unnecessary `unsafe` block
   --> projects/mamba/src/runtime/stdlib/pickle_mod.rs:432:17
    |
430 |         unsafe {
    |         ------ because it's nested under this `unsafe` block
431 |             if let ObjData::Instance { ref fields, .. } = (*ptr).data {
432 |                 unsafe {
    |                 ^^^^^^ unnecessary `unsafe` block

warning: unnecessary `unsafe` block
   --> projects/mamba/src/runtime/stdlib/pickle_mod.rs:484:35
    |
479 |         unsafe {
    |         ------ because it's nested under this `unsafe` block
...
484 |                     .and_then(|v| unsafe { read_bytes_field(v) })
    |                                   ^^^^^^ unnecessary `unsafe` block

warning: unnecessary `unsafe` block
   --> projects/mamba/src/runtime/stdlib/pickle_mod.rs:517:35
    |
512 |         unsafe {
    |         ------ because it's nested under this `unsafe` block
...
517 |                     .and_then(|v| unsafe { read_bytes_field(v) })
    |                                   ^^^^^^ unnecessary `unsafe` block

warning: unnecessary `unsafe` block
    --> projects/mamba/src/runtime/stdlib/pickle_mod.rs:1215:37
     |
1211 |                         unsafe {
     |                         ------ because it's nested under this `unsafe` block
...
1215 |                                     unsafe {
     |                                     ^^^^^^ unnecessary `unsafe` block

warning: unnecessary `unsafe` block
    --> projects/mamba/src/runtime/stdlib/pickle_mod.rs:1235:37
     |
1228 |                         unsafe {
     |                         ------ because it's nested under this `unsafe` block
...
1235 |                                     unsafe {
     |                                     ^^^^^^ unnecessary `unsafe` block

warning: variable does not need to be mutable
   --> projects/mamba/src/runtime/stdlib/platform_mod.rs:410:9
    |
410 |     let mut flush = |cur: &mut String, cur_is_digit: &mut Option<bool>, out: &mut Vec<MbValue>| {
    |         ----^^^^^
    |         |
    |         help: remove this `mut`

warning: irrefutable `if let` pattern
   --> projects/mamba/src/runtime/stdlib/subprocess_mod.rs:422:16
    |
422 |             if let Ok(map) = lock.read() {
    |                ^^^^^^^^^^^^^^^^^^^^^^^^^
    |
    = note: this pattern will always match, so the `if let` is useless
    = help: consider replacing the `if let` with a `let`

warning: irrefutable `if let` pattern
   --> projects/mamba/src/runtime/stdlib/subprocess_mod.rs:454:20
    |
454 |                 if let Ok(map) = lock.read() {
    |                    ^^^^^^^^^^^^^^^^^^^^^^^^^
    |
    = note: this pattern will always match, so the `if let` is useless
    = help: consider replacing the `if let` with a `let`

warning: variable does not need to be mutable
    --> projects/mamba/src/runtime/stdlib/typing_mod.rs:1362:9
     |
1362 |     let mut push = |v: MbValue, flat: &mut Vec<MbValue>, seen: &mut Vec<String>| {
     |         ----^^^^
     |         |
     |         help: remove this `mut`

warning: unnecessary `unsafe` block
    --> projects/mamba/src/runtime/stdlib/test_mod.rs:1106:63
     |
1102 |     value.as_ptr().and_then(|ptr| unsafe {
     |                                   ------ because it's nested under this `unsafe` block
...
1106 |                     field_value.as_ptr().and_then(|field_ptr| unsafe {
     |                                                               ^^^^^^ unnecessary `unsafe` block

warning: unnecessary `unsafe` block
    --> projects/mamba/src/runtime/string_ops.rs:5136:60
     |
4911 |         unsafe {
     |         ------ because it's nested under this `unsafe` block
...
5136 |                             let n = exc_v.as_ptr().map(|p| unsafe {
     |                                                            ^^^^^^ unnecessary `unsafe` block

warning: unnecessary `unsafe` block
    --> projects/mamba/src/runtime/string_ops.rs:5143:65
     |
4911 |         unsafe {
     |         ------ because it's nested under this `unsafe` block
...
5143 |                             let m = msg_v.as_ptr().and_then(|p| unsafe {
     |                                                                 ^^^^^^ unnecessary `unsafe` block

warning: unnecessary `unsafe` block
    --> projects/mamba/src/runtime/string_ops.rs:5183:84
     |
4911 |         unsafe {
     |         ------ because it's nested under this `unsafe` block
...
5183 |                                     if let Some(path) = repr.as_ptr().and_then(|p| unsafe {
     |                                                                                    ^^^^^^ unnecessary `unsafe` block

warning: unused variable: `name`
    --> projects/mamba/src/types/check.rs:1418:21
     |
1418 |                     name,
     |                     ^^^^
...
1425 |                     name,
     |                     ^^^^
     |
help: try ignoring the field
     |
1418 ~                     name: _,
1419 |                     params,
 ...
1424 |                 | Stmt::AsyncFnDef {
1425 ~                     name: _,
     |

warning: unused variable: `name`
    --> projects/mamba/src/types/check.rs:1679:21
     |
1679 |                     name, type_params, ..
     |                     ^^^^
...
1682 |                     name, type_params, ..
     |                     ^^^^
     |
help: try ignoring the field
     |
1679 ~                     name: _, type_params, ..
1680 |                 }
1681 |                 | Stmt::AsyncFnDef {
1682 ~                     name: _, type_params, ..
     |

warning: type `CapturedCellContext` is more private than the item `MbCoroutine::capture_context`
   --> projects/mamba/src/runtime/async_rt.rs:46:5
    |
 46 |     pub capture_context: super::closure::CapturedCellContext,
    |     ^^^^^^^^^^^^^^^^^^^^^^^^^^^^^^^^^^^^^^^^^^^^^^^^^^^^^^^^ field `MbCoroutine::capture_context` is reachable at visibility `pub`
    |
note: but type `CapturedCellContext` is only usable at visibility `pub(crate)`
   --> projects/mamba/src/runtime/closure.rs:597:1
    |
597 | pub(crate) struct CapturedCellContext {
    | ^^^^^^^^^^^^^^^^^^^^^^^^^^^^^^^^^^^^^
    = note: `#[warn(private_interfaces)]` on by default

warning: function `mb_coroutine_resume_pending_await` is never used
   --> projects/mamba/src/runtime/async_task.rs:436:15
    |
436 | pub(crate) fn mb_coroutine_resume_pending_await(
    |               ^^^^^^^^^^^^^^^^^^^^^^^^^^^^^^^^^
    |
    = note: `#[warn(dead_code)]` (part of `#[warn(unused)]`) on by default

warning: function `make_exec_function_value` is never used
    --> projects/mamba/src/runtime/builtins/eval_exec.rs:1836:4
     |
1836 | fn make_exec_function_value(name: &str, is_async: bool, return_value: MbValue) -> MbValue {
     |    ^^^^^^^^^^^^^^^^^^^^^^^^

warning: function `exec_static_return_value` is never used
    --> projects/mamba/src/runtime/builtins/eval_exec.rs:2678:4
     |
2678 | fn exec_static_return_value(
     |    ^^^^^^^^^^^^^^^^^^^^^^^^

warning: function `exec_stmt` is never used
    --> projects/mamba/src/runtime/builtins/eval_exec.rs:3902:4
     |
3902 | fn exec_stmt(ctx: &mut ExecContext, stmt: &crate::parser::ast::Stmt) {
     |    ^^^^^^^^^

warning: function `exec_stmts` is never used
    --> projects/mamba/src/runtime/builtins/eval_exec.rs:3913:4
     |
3913 | fn exec_stmts(stmts: &[crate::source::span::Spanned<crate::parser::ast::Stmt>]) {
     |    ^^^^^^^^^^

warning: function `format_syntax_error` is never used
    --> projects/mamba/src/runtime/builtins/eval_exec.rs:5289:4
     |
5289 | fn format_syntax_error(
     |    ^^^^^^^^^^^^^^^^^^^

warning: function `known_text_codec_fallback` is never used
  --> projects/mamba/src/runtime/bytes_ops.rs:87:4
   |
87 | fn known_text_codec_fallback(enc: &str) -> bool {
   |    ^^^^^^^^^^^^^^^^^^^^^^^^^

warning: function `sync_class_namespace_from_dict` is never used
    --> projects/mamba/src/runtime/class/mod.rs:2407:4
     |
2407 | fn sync_class_namespace_from_dict(class_name: &str, namespace: MbValue) {
     |    ^^^^^^^^^^^^^^^^^^^^^^^^^^^^^^

warning: function `refresh_cached_init` is never used
    --> projects/mamba/src/runtime/class/mod.rs:2474:4
     |
2474 | fn refresh_cached_init(class_name: &str) {
     |    ^^^^^^^^^^^^^^^^^^^

warning: function `get_instance_class_name_value` is never used
    --> projects/mamba/src/runtime/class/mod.rs:9582:4
     |
9582 | fn get_instance_class_name_value(instance: MbValue) -> MbValue {
     |    ^^^^^^^^^^^^^^^^^^^^^^^^^^^^^

warning: field `text` is never read
  --> projects/mamba/src/runtime/file_io.rs:45:5
   |
38 | struct ParsedMode {
   |        ---------- field in this struct
...
45 |     text: bool,   // 't'
   |     ^^^^

warning: function `dispatch_makedirs` is never used
  --> projects/mamba/src/runtime/stdlib/os_mod.rs:80:17
   |
80 | dispatch_unary!(dispatch_makedirs, mb_os_makedirs);
   |                 ^^^^^^^^^^^^^^^^^
   |
   = note: this warning originates in the macro `dispatch_unary` (in Nightly builds, run with -Z macro-backtrace for more info)

warning: function `extract_list` is never used
  --> projects/mamba/src/runtime/stdlib/sys_mod.rs:14:4
   |
14 | fn extract_list(val: MbValue) -> Vec<MbValue> {
   |    ^^^^^^^^^^^^

warning: function `dispatch_getrecursionlimit` is never used
  --> projects/mamba/src/runtime/stdlib/sys_mod.rs:27:4
   |
27 | fn dispatch_getrecursionlimit(args: MbValue) -> MbValue {
   |    ^^^^^^^^^^^^^^^^^^^^^^^^^^

warning: function `dispatch_getsizeof` is never used
  --> projects/mamba/src/runtime/stdlib/sys_mod.rs:32:4
   |
32 | fn dispatch_getsizeof(args: MbValue) -> MbValue {
   |    ^^^^^^^^^^^^^^^^^^

warning: function `dispatch_getdefaultencoding` is never used
  --> projects/mamba/src/runtime/stdlib/sys_mod.rs:37:4
   |
37 | fn dispatch_getdefaultencoding(args: MbValue) -> MbValue {
   |    ^^^^^^^^^^^^^^^^^^^^^^^^^^^

warning: function `dispatch_intern` is never used
  --> projects/mamba/src/runtime/stdlib/sys_mod.rs:48:22
   |
48 | unsafe extern "C" fn dispatch_intern(args_ptr: *const MbValue, nargs: usize) -> MbValue {
   |                      ^^^^^^^^^^^^^^^

warning: function `get_decimal` is never used
   --> projects/mamba/src/runtime/stdlib/decimal_mod.rs:253:4
    |
253 | fn get_decimal(handle: MbValue) -> Option<Decimal> {
    |    ^^^^^^^^^^^

warning: function `finish_callable_result` is never used
   --> projects/mamba/src/runtime/stdlib/functools_mod.rs:958:4
    |
958 | fn finish_callable_result(func: MbValue, raw: MbValue, is_boxed_ret: bool) -> MbValue {
    |    ^^^^^^^^^^^^^^^^^^^^^^

warning: function `d_passthrough` is never used
    --> projects/mamba/src/runtime/stdlib/inspect_mod.rs:1540:22
     |
1540 | unsafe extern "C" fn d_passthrough(args_ptr: *const MbValue, nargs: usize) -> MbValue {
     |                      ^^^^^^^^^^^^^

warning: function `dispatch_re_surface_stub` is never used
   --> projects/mamba/src/runtime/stdlib/re_mod.rs:972:22
    |
972 | unsafe extern "C" fn dispatch_re_surface_stub(_args_ptr: *const MbValue, _nargs: usize) -> MbValue {
    |                      ^^^^^^^^^^^^^^^^^^^^^^^^

warning: function `make_tb_instance_with_depth` is never used
    --> projects/mamba/src/runtime/stdlib/traceback_mod.rs:2008:4
     |
2008 | fn make_tb_instance_with_depth(depth: usize) -> MbValue {
     |    ^^^^^^^^^^^^^^^^^^^^^^^^^^^

warning: function `is_traceback_instance` is never used
    --> projects/mamba/src/runtime/stdlib/traceback_mod.rs:2164:4
     |
2164 | fn is_traceback_instance(value: MbValue) -> bool {
     |    ^^^^^^^^^^^^^^^^^^^^^

warning: function `optional_display_name` is never used
    --> projects/mamba/src/runtime/stdlib/argparse_mod.rs:1228:4
     |
1228 | fn optional_display_name(act: MbValue) -> String {
     |    ^^^^^^^^^^^^^^^^^^^^^

warning: function `class_shell` is never used
   --> projects/mamba/src/runtime/stdlib/bz2_mod.rs:484:4
    |
484 | fn class_shell(class_name: &str, attr_names: &[&str]) -> MbValue {
    |    ^^^^^^^^^^^

warning: function `mb_calendar_empty_str` is never used
   --> projects/mamba/src/runtime/stdlib/calendar_mod.rs:540:4
    |
540 | fn mb_calendar_empty_str() -> MbValue {
    |    ^^^^^^^^^^^^^^^^^^^^^

warning: function `is_real_number` is never used
  --> projects/mamba/src/runtime/stdlib/colorsys_mod.rs:13:4
   |
13 | fn is_real_number(val: MbValue) -> bool {
   |    ^^^^^^^^^^^^^^

warning: function `dispatch_rgb_to_hsv` is never used
  --> projects/mamba/src/runtime/stdlib/colorsys_mod.rs:38:19
   |
38 | dispatch_ternary!(dispatch_rgb_to_hsv, mb_colorsys_rgb_to_hsv);
   |                   ^^^^^^^^^^^^^^^^^^^
   |
   = note: this warning originates in the macro `dispatch_ternary` (in Nightly builds, run with -Z macro-backtrace for more info)

warning: function `dispatch_hsv_to_rgb` is never used
  --> projects/mamba/src/runtime/stdlib/colorsys_mod.rs:39:19
   |
39 | dispatch_ternary!(dispatch_hsv_to_rgb, mb_colorsys_hsv_to_rgb);
   |                   ^^^^^^^^^^^^^^^^^^^
   |
   = note: this warning originates in the macro `dispatch_ternary` (in Nightly builds, run with -Z macro-backtrace for more info)

warning: function `dispatch_rgb_to_hls` is never used
  --> projects/mamba/src/runtime/stdlib/colorsys_mod.rs:40:19
   |
40 | dispatch_ternary!(dispatch_rgb_to_hls, mb_colorsys_rgb_to_hls);
   |                   ^^^^^^^^^^^^^^^^^^^
   |
   = note: this warning originates in the macro `dispatch_ternary` (in Nightly builds, run with -Z macro-backtrace for more info)

warning: function `dispatch_hls_to_rgb` is never used
  --> projects/mamba/src/runtime/stdlib/colorsys_mod.rs:41:19
   |
41 | dispatch_ternary!(dispatch_hls_to_rgb, mb_colorsys_hls_to_rgb);
   |                   ^^^^^^^^^^^^^^^^^^^
   |
   = note: this warning originates in the macro `dispatch_ternary` (in Nightly builds, run with -Z macro-backtrace for more info)

warning: function `dispatch_rgb_to_yiq` is never used
  --> projects/mamba/src/runtime/stdlib/colorsys_mod.rs:42:19
   |
42 | dispatch_ternary!(dispatch_rgb_to_yiq, mb_colorsys_rgb_to_yiq);
   |                   ^^^^^^^^^^^^^^^^^^^
   |
   = note: this warning originates in the macro `dispatch_ternary` (in Nightly builds, run with -Z macro-backtrace for more info)

warning: function `dispatch_yiq_to_rgb` is never used
  --> projects/mamba/src/runtime/stdlib/colorsys_mod.rs:43:19
   |
43 | dispatch_ternary!(dispatch_yiq_to_rgb, mb_colorsys_yiq_to_rgb);
   |                   ^^^^^^^^^^^^^^^^^^^
   |
   = note: this warning originates in the macro `dispatch_ternary` (in Nightly builds, run with -Z macro-backtrace for more info)

warning: function `readline_slice` is never used
   --> projects/mamba/src/runtime/stdlib/compressed_file.rs:572:4
    |
572 | fn readline_slice(plain: &[u8], pos: usize) -> (Vec<u8>, usize) {
    |    ^^^^^^^^^^^^^^

warning: function `is_bytes_value` is never used
    --> projects/mamba/src/runtime/stdlib/difflib_mod.rs:1486:4
     |
1486 | fn is_bytes_value(val: MbValue) -> bool {
     |    ^^^^^^^^^^^^^^

warning: function `value_as_query_string` is never used
    --> projects/mamba/src/runtime/stdlib/http_mod.rs:1323:4
     |
1323 | fn value_as_query_string(v: MbValue) -> String {
     |    ^^^^^^^^^^^^^^^^^^^^^

warning: function `percent_encode` is never used
    --> projects/mamba/src/runtime/stdlib/http_mod.rs:2396:4
     |
2396 | fn percent_encode(s: &str, safe: &str, plus_for_space: bool) -> String {
     |    ^^^^^^^^^^^^^^

warning: function `percent_decode` is never used
    --> projects/mamba/src/runtime/stdlib/http_mod.rs:2449:4
     |
2449 | fn percent_decode(s: &str, plus_for_space: bool) -> String {
     |    ^^^^^^^^^^^^^^

warning: function `resolve_nbytes` is never used
   --> projects/mamba/src/runtime/stdlib/secrets_mod.rs:129:4
    |
129 | fn resolve_nbytes(n: MbValue) -> usize {
    |    ^^^^^^^^^^^^^^

warning: constant `ERF_SERIES_CUTOFF` is never used
    --> projects/mamba/src/runtime/stdlib/statistics_mod.rs:1538:7
     |
1538 | const ERF_SERIES_CUTOFF: f64 = 1.5;
     |       ^^^^^^^^^^^^^^^^^

warning: function `raise_value_error` is never used
  --> projects/mamba/src/runtime/stdlib/string_constants_mod.rs:71:4
   |
71 | fn raise_value_error(msg: &str) {
   |    ^^^^^^^^^^^^^^^^^

warning: function `make_completed_process` is never used
   --> projects/mamba/src/runtime/stdlib/subprocess_mod.rs:627:4
    |
627 | fn make_completed_process(
    |    ^^^^^^^^^^^^^^^^^^^^^^

warning: function `dispatch_unidata_version` is never used
  --> projects/mamba/src/runtime/stdlib/unicodedata_mod.rs:57:15
   |
57 | disp_nullary!(dispatch_unidata_version, mb_unicodedata_unidata_version);
   |               ^^^^^^^^^^^^^^^^^^^^^^^^
   |
   = note: this warning originates in the macro `disp_nullary` (in Nightly builds, run with -Z macro-backtrace for more info)

warning: field `consumed` is never read
    --> projects/mamba/src/runtime/stdlib/zlib_mod.rs:1565:33
     |
1565 |     Complete { output: Vec<u8>, consumed: usize },
     |     --------                    ^^^^^^^^
     |     |
     |     field in this variant

warning: function `compile_one` is never used
   --> projects/mamba/src/runtime/stdlib/compileall_mod.rs:261:4
    |
261 | fn compile_one(path: &str) -> bool {
    |    ^^^^^^^^^^^

warning: function `instance_class_name` is never used
   --> projects/mamba/src/runtime/stdlib/email_mod.rs:168:4
    |
168 | fn instance_class_name(inst: MbValue) -> Option<String> {
    |    ^^^^^^^^^^^^^^^^^^^

warning: function `dispatch_getopt` is never used
   --> projects/mamba/src/runtime/stdlib/getopt_mod.rs:279:19
    |
279 | dispatch_ternary!(dispatch_getopt, mb_getopt_getopt);
    |                   ^^^^^^^^^^^^^^^
    |
    = note: this warning originates in the macro `dispatch_ternary` (in Nightly builds, run with -Z macro-backtrace for more info)

warning: function `dispatch_gnu_getopt` is never used
   --> projects/mamba/src/runtime/stdlib/getopt_mod.rs:280:19
    |
280 | dispatch_ternary!(dispatch_gnu_getopt, mb_getopt_gnu_getopt);
    |                   ^^^^^^^^^^^^^^^^^^^
    |
    = note: this warning originates in the macro `dispatch_ternary` (in Nightly builds, run with -Z macro-backtrace for more info)

warning: function `dispatch_getopt_error` is never used
   --> projects/mamba/src/runtime/stdlib/getopt_mod.rs:289:22
    |
289 | unsafe extern "C" fn dispatch_getopt_error(args_ptr: *const MbValue, nargs: usize) -> MbValue {
    |                      ^^^^^^^^^^^^^^^^^^^^^

warning: function `dispatch_getpass` is never used
  --> projects/mamba/src/runtime/stdlib/getpass_mod.rs:13:22
   |
13 | unsafe extern "C" fn dispatch_getpass(_a: *const MbValue, _n: usize) -> MbValue {
   |                      ^^^^^^^^^^^^^^^^

warning: function `dispatch_getuser` is never used
  --> projects/mamba/src/runtime/stdlib/getpass_mod.rs:28:22
   |
28 | unsafe extern "C" fn dispatch_getuser(_a: *const MbValue, _n: usize) -> MbValue {
   |                      ^^^^^^^^^^^^^^^^

warning: function `is_sep` is never used
  --> projects/mamba/src/runtime/stdlib/ntpath_mod.rs:86:4
   |
86 | fn is_sep(c: char) -> bool {
   |    ^^^^^^

warning: constant `ESCAPE` is never used
  --> projects/mamba/src/runtime/stdlib/quopri_mod.rs:17:7
   |
17 | const ESCAPE: u8 = b'=';
   |       ^^^^^^

warning: constant `MAXLINESIZE` is never used
  --> projects/mamba/src/runtime/stdlib/quopri_mod.rs:18:7
   |
18 | const MAXLINESIZE: usize = 76;
   |       ^^^^^^^^^^^

warning: constant `HEX_DIGITS` is never used
  --> projects/mamba/src/runtime/stdlib/quopri_mod.rs:19:7
   |
19 | const HEX_DIGITS: &[u8; 16] = b"0123456789ABCDEF";
   |       ^^^^^^^^^^

warning: function `args_slice` is never used
  --> projects/mamba/src/runtime/stdlib/quopri_mod.rs:21:11
   |
21 | unsafe fn args_slice<'a>(args_ptr: *const MbValue, nargs: usize) -> &'a [MbValue] {
   |           ^^^^^^^^^^

warning: function `as_bytes` is never used
  --> projects/mamba/src/runtime/stdlib/quopri_mod.rs:29:11
   |
29 | unsafe fn as_bytes(val: MbValue) -> Option<Vec<u8>> {
   |           ^^^^^^^^

warning: function `is_dict` is never used
  --> projects/mamba/src/runtime/stdlib/quopri_mod.rs:39:4
   |
39 | fn is_dict(val: MbValue) -> bool {
   |    ^^^^^^^

warning: function `dict_get` is never used
  --> projects/mamba/src/runtime/stdlib/quopri_mod.rs:46:4
   |
46 | fn dict_get(dict: MbValue, key: &str) -> Option<MbValue> {
   |    ^^^^^^^^

warning: function `truthy` is never used
  --> projects/mamba/src/runtime/stdlib/quopri_mod.rs:56:4
   |
56 | fn truthy(val: MbValue) -> bool {
   |    ^^^^^^

warning: function `flag` is never used
  --> projects/mamba/src/runtime/stdlib/quopri_mod.rs:71:4
   |
71 | fn flag(args: &[MbValue], pos: usize, name: &str) -> bool {
   |    ^^^^

warning: function `raise_type` is never used
  --> projects/mamba/src/runtime/stdlib/quopri_mod.rs:89:4
   |
89 | fn raise_type(msg: &str) -> MbValue {
   |    ^^^^^^^^^^

warning: function `needs_quoting` is never used
  --> projects/mamba/src/runtime/stdlib/quopri_mod.rs:98:4
   |
98 | fn needs_quoting(b: u8, quotetabs: bool, header: bool) -> bool {
   |    ^^^^^^^^^^^^^

warning: function `quote_byte` is never used
   --> projects/mamba/src/runtime/stdlib/quopri_mod.rs:110:4
    |
110 | fn quote_byte(b: u8, out: &mut Vec<u8>) {
    |    ^^^^^^^^^^

warning: function `ishex` is never used
   --> projects/mamba/src/runtime/stdlib/quopri_mod.rs:116:4
    |
116 | fn ishex(b: u8) -> bool {
    |    ^^^^^

warning: function `unhex2` is never used
   --> projects/mamba/src/runtime/stdlib/quopri_mod.rs:120:4
    |
120 | fn unhex2(h: u8, l: u8) -> u8 {
    |    ^^^^^^

warning: function `write_line` is never used
   --> projects/mamba/src/runtime/stdlib/quopri_mod.rs:137:4
    |
137 | fn write_line(s: &[u8], line_end: &[u8], out: &mut Vec<u8>) {
    |    ^^^^^^^^^^

warning: function `readlines` is never used
   --> projects/mamba/src/runtime/stdlib/quopri_mod.rs:157:4
    |
157 | fn readlines(input: &[u8]) -> Vec<&[u8]> {
    |    ^^^^^^^^^

warning: function `encode_bytes` is never used
   --> projects/mamba/src/runtime/stdlib/quopri_mod.rs:175:4
    |
175 | fn encode_bytes(input: &[u8], quotetabs: bool, header: bool) -> Vec<u8> {
    |    ^^^^^^^^^^^^

warning: function `decode_bytes` is never used
   --> projects/mamba/src/runtime/stdlib/quopri_mod.rs:232:4
    |
232 | fn decode_bytes(input: &[u8], header: bool) -> Vec<u8> {
    |    ^^^^^^^^^^^^

warning: function `file_read_remaining` is never used
   --> projects/mamba/src/runtime/stdlib/quopri_mod.rs:292:4
    |
292 | fn file_read_remaining(file: MbValue) -> Vec<u8> {
    |    ^^^^^^^^^^^^^^^^^^^

warning: function `file_write_bytes` is never used
   --> projects/mamba/src/runtime/stdlib/quopri_mod.rs:315:4
    |
315 | fn file_write_bytes(file: MbValue, data: &[u8]) {
    |    ^^^^^^^^^^^^^^^^

warning: function `read_bytes_field` is never used
   --> projects/mamba/src/runtime/stdlib/quopri_mod.rs:348:11
    |
348 | unsafe fn read_bytes_field(v: &MbValue) -> Option<Vec<u8>> {
    |           ^^^^^^^^^^^^^^^^

warning: function `dispatch_encodestring` is never used
   --> projects/mamba/src/runtime/stdlib/quopri_mod.rs:358:22
    |
358 | unsafe extern "C" fn dispatch_encodestring(args_ptr: *const MbValue, nargs: usize) -> MbValue {
    |                      ^^^^^^^^^^^^^^^^^^^^^

warning: function `dispatch_decodestring` is never used
   --> projects/mamba/src/runtime/stdlib/quopri_mod.rs:371:22
    |
371 | unsafe extern "C" fn dispatch_decodestring(args_ptr: *const MbValue, nargs: usize) -> MbValue {
    |                      ^^^^^^^^^^^^^^^^^^^^^

warning: function `dispatch_encode` is never used
   --> projects/mamba/src/runtime/stdlib/quopri_mod.rs:384:22
    |
384 | unsafe extern "C" fn dispatch_encode(args_ptr: *const MbValue, nargs: usize) -> MbValue {
    |                      ^^^^^^^^^^^^^^^

warning: function `dispatch_decode` is never used
   --> projects/mamba/src/runtime/stdlib/quopri_mod.rs:403:22
    |
403 | unsafe extern "C" fn dispatch_decode(args_ptr: *const MbValue, nargs: usize) -> MbValue {
    |                      ^^^^^^^^^^^^^^^

warning: function `list_len` is never used
    --> projects/mamba/src/runtime/stdlib/test_mod.rs:1081:4
     |
1081 | fn list_len(value: MbValue) -> Option<usize> {
     |    ^^^^^^^^

warning: function `list_first` is never used
    --> projects/mamba/src/runtime/stdlib/test_mod.rs:1091:4
     |
1091 | fn list_first(value: MbValue) -> Option<MbValue> {
     |    ^^^^^^^^^^

warning: function `instance_field_str` is never used
    --> projects/mamba/src/runtime/stdlib/test_mod.rs:1101:4
     |
1101 | fn instance_field_str(value: MbValue, field: &str) -> Option<String> {
     |    ^^^^^^^^^^^^^^^^^^

warning: function `traceback_teststack_extract_stack_limit` is never used
    --> projects/mamba/src/runtime/stdlib/test_mod.rs:1121:22
     |
1121 | unsafe extern "C" fn traceback_teststack_extract_stack_limit(_self_v: MbValue) -> MbValue {
     |                      ^^^^^^^^^^^^^^^^^^^^^^^^^^^^^^^^^^^^^^^

warning: function `register_traceback_wrapper_submodule` is never used
    --> projects/mamba/src/runtime/stdlib/test_mod.rs:1154:4
     |
1154 | fn register_traceback_wrapper_submodule() {
     |    ^^^^^^^^^^^^^^^^^^^^^^^^^^^^^^^^^^^^

warning: function `args_slice` is never used
  --> projects/mamba/src/runtime/stdlib/uu_mod.rs:27:11
   |
27 | unsafe fn args_slice<'a>(args_ptr: *const MbValue, nargs: usize) -> &'a [MbValue] {
   |           ^^^^^^^^^^

warning: function `as_str` is never used
  --> projects/mamba/src/runtime/stdlib/uu_mod.rs:35:11
   |
35 | unsafe fn as_str(val: MbValue) -> Option<String> {
   |           ^^^^^^

warning: function `as_bytes` is never used
  --> projects/mamba/src/runtime/stdlib/uu_mod.rs:44:11
   |
44 | unsafe fn as_bytes(val: MbValue) -> Option<Vec<u8>> {
   |           ^^^^^^^^

warning: function `encode_line` is never used
  --> projects/mamba/src/runtime/stdlib/uu_mod.rs:57:4
   |
57 | fn encode_line(data: &[u8], backtick: bool) -> Vec<u8> {
   |    ^^^^^^^^^^^

warning: function `decode_line` is never used
  --> projects/mamba/src/runtime/stdlib/uu_mod.rs:87:4
   |
87 | fn decode_line(line: &[u8]) -> Vec<u8> {
   |    ^^^^^^^^^^^

warning: function `encode_bytes_impl` is never used
   --> projects/mamba/src/runtime/stdlib/uu_mod.rs:136:15
    |
136 | pub(crate) fn encode_bytes_impl(data: &[u8], name: &str, mode: u32, backtick: bool) -> Vec<u8> {
    |               ^^^^^^^^^^^^^^^^^

warning: function `decode_bytes_impl` is never used
   --> projects/mamba/src/runtime/stdlib/uu_mod.rs:153:15
    |
153 | pub(crate) fn decode_bytes_impl(data: &[u8]) -> Vec<u8> {
    |               ^^^^^^^^^^^^^^^^^

warning: function `dispatch_encode_bytes` is never used
   --> projects/mamba/src/runtime/stdlib/uu_mod.rs:188:22
    |
188 | unsafe extern "C" fn dispatch_encode_bytes(args_ptr: *const MbValue, nargs: usize) -> MbValue {
    |                      ^^^^^^^^^^^^^^^^^^^^^

warning: function `dispatch_decode_bytes` is never used
   --> projects/mamba/src/runtime/stdlib/uu_mod.rs:215:22
    |
215 | unsafe extern "C" fn dispatch_decode_bytes(args_ptr: *const MbValue, nargs: usize) -> MbValue {
    |                      ^^^^^^^^^^^^^^^^^^^^^

warning: function `dispatch_encode` is never used
   --> projects/mamba/src/runtime/stdlib/uu_mod.rs:229:22
    |
229 | unsafe extern "C" fn dispatch_encode(args_ptr: *const MbValue, nargs: usize) -> MbValue {
    |                      ^^^^^^^^^^^^^^^

warning: function `dispatch_decode` is never used
   --> projects/mamba/src/runtime/stdlib/uu_mod.rs:274:22
    |
274 | unsafe extern "C" fn dispatch_decode(args_ptr: *const MbValue, nargs: usize) -> MbValue {
    |                      ^^^^^^^^^^^^^^^

warning: function `dispatch_test` is never used
   --> projects/mamba/src/runtime/stdlib/uu_mod.rs:294:22
    |
294 | unsafe extern "C" fn dispatch_test(_a: *const MbValue, _n: usize) -> MbValue {
    |                      ^^^^^^^^^^^^^

warning: function `dispatch_class_shell` is never used
   --> projects/mamba/src/runtime/stdlib/uu_mod.rs:298:22
    |
298 | unsafe extern "C" fn dispatch_class_shell(_a: *const MbValue, _n: usize) -> MbValue {
    |                      ^^^^^^^^^^^^^^^^^^^^

warning: function `raise_lookup_error` is never used
   --> projects/mamba/src/runtime/string_ops.rs:242:4
    |
242 | fn raise_lookup_error(msg: impl Into<String>) -> MbValue {
    |    ^^^^^^^^^^^^^^^^^^

warning: function `known_text_codec_fallback` is never used
   --> projects/mamba/src/runtime/string_ops.rs:250:4
    |
250 | fn known_text_codec_fallback(enc: &str) -> bool {
    |    ^^^^^^^^^^^^^^^^^^^^^^^^^

warning: direct cast of function item into an integer
   --> projects/mamba/src/runtime/stdlib/os_mod.rs:803:45
    |
803 |         ("is_file", method_direntry_is_file as usize),
    |                                             ^^^^^^^^
    |
    = note: `#[warn(function_casts_as_integer)]` on by default
help: first cast to a pointer `as *const ()`
    |
803 |         ("is_file", method_direntry_is_file as *const () as usize),
    |                                             ++++++++++++

warning: direct cast of function item into an integer
   --> projects/mamba/src/runtime/stdlib/os_mod.rs:804:43
    |
804 |         ("is_dir", method_direntry_is_dir as usize),
    |                                           ^^^^^^^^
    |
help: first cast to a pointer `as *const ()`
    |
804 |         ("is_dir", method_direntry_is_dir as *const () as usize),
    |                                           ++++++++++++

warning: direct cast of function item into an integer
   --> projects/mamba/src/runtime/stdlib/os_mod.rs:805:51
    |
805 |         ("is_symlink", method_direntry_is_symlink as usize),
    |                                                   ^^^^^^^^
    |
help: first cast to a pointer `as *const ()`
    |
805 |         ("is_symlink", method_direntry_is_symlink as *const () as usize),
    |                                                   ++++++++++++

warning: direct cast of function item into an integer
   --> projects/mamba/src/runtime/stdlib/os_mod.rs:806:39
    |
806 |         ("stat", method_direntry_stat as usize),
    |                                       ^^^^^^^^
    |
help: first cast to a pointer `as *const ()`
    |
806 |         ("stat", method_direntry_stat as *const () as usize),
    |                                       ++++++++++++

warning: direct cast of function item into an integer
   --> projects/mamba/src/runtime/stdlib/os_mod.rs:807:41
    |
807 |         ("inode", method_direntry_inode as usize),
    |                                         ^^^^^^^^
    |
help: first cast to a pointer `as *const ()`
    |
807 |         ("inode", method_direntry_inode as *const () as usize),
    |                                         ++++++++++++

warning: direct cast of function item into an integer
   --> projects/mamba/src/runtime/stdlib/os_mod.rs:808:47
    |
808 |         ("__fspath__", method_direntry_fspath as usize),
    |                                               ^^^^^^^^
    |
help: first cast to a pointer `as *const ()`
    |
808 |         ("__fspath__", method_direntry_fspath as *const () as usize),
    |                                               ++++++++++++

warning: direct cast of function item into an integer
   --> projects/mamba/src/runtime/stdlib/os_mod.rs:809:43
    |
809 |         ("__repr__", method_direntry_repr as usize),
    |                                           ^^^^^^^^
    |
help: first cast to a pointer `as *const ()`
    |
809 |         ("__repr__", method_direntry_repr as *const () as usize),
    |                                           ++++++++++++

warning: direct cast of function item into an integer
   --> projects/mamba/src/runtime/stdlib/base64_mod.rs:282:42
    |
282 |         ("b64encode", dispatch_b64encode as usize),
    |                                          ^^^^^^^^
    |
help: first cast to a pointer `as *const ()`
    |
282 |         ("b64encode", dispatch_b64encode as *const () as usize),
    |                                          ++++++++++++

warning: direct cast of function item into an integer
   --> projects/mamba/src/runtime/stdlib/base64_mod.rs:283:42
    |
283 |         ("b64decode", dispatch_b64decode as usize),
    |                                          ^^^^^^^^
    |
help: first cast to a pointer `as *const ()`
    |
283 |         ("b64decode", dispatch_b64decode as *const () as usize),
    |                                          ++++++++++++

warning: direct cast of function item into an integer
   --> projects/mamba/src/runtime/stdlib/base64_mod.rs:284:58
    |
284 |         ("urlsafe_b64encode", dispatch_urlsafe_b64encode as usize),
    |                                                          ^^^^^^^^
    |
help: first cast to a pointer `as *const ()`
    |
284 |         ("urlsafe_b64encode", dispatch_urlsafe_b64encode as *const () as usize),
    |                                                          ++++++++++++

warning: direct cast of function item into an integer
   --> projects/mamba/src/runtime/stdlib/base64_mod.rs:285:58
    |
285 |         ("urlsafe_b64decode", dispatch_urlsafe_b64decode as usize),
    |                                                          ^^^^^^^^
    |
help: first cast to a pointer `as *const ()`
    |
285 |         ("urlsafe_b64decode", dispatch_urlsafe_b64decode as *const () as usize),
    |                                                          ++++++++++++

warning: direct cast of function item into an integer
   --> projects/mamba/src/runtime/stdlib/base64_mod.rs:287:60
    |
287 |         ("standard_b64encode", dispatch_standard_b64encode as usize),
    |                                                            ^^^^^^^^
    |
help: first cast to a pointer `as *const ()`
    |
287 |         ("standard_b64encode", dispatch_standard_b64encode as *const () as usize),
    |                                                            ++++++++++++

warning: direct cast of function item into an integer
   --> projects/mamba/src/runtime/stdlib/base64_mod.rs:288:60
    |
288 |         ("standard_b64decode", dispatch_standard_b64decode as usize),
    |                                                            ^^^^^^^^
    |
help: first cast to a pointer `as *const ()`
    |
288 |         ("standard_b64decode", dispatch_standard_b64decode as *const () as usize),
    |                                                            ++++++++++++

warning: direct cast of function item into an integer
   --> projects/mamba/src/runtime/stdlib/base64_mod.rs:289:42
    |
289 |         ("b32encode", dispatch_b32encode as usize),
    |                                          ^^^^^^^^
    |
help: first cast to a pointer `as *const ()`
    |
289 |         ("b32encode", dispatch_b32encode as *const () as usize),
    |                                          ++++++++++++

warning: direct cast of function item into an integer
   --> projects/mamba/src/runtime/stdlib/base64_mod.rs:290:42
    |
290 |         ("b32decode", dispatch_b32decode as usize),
    |                                          ^^^^^^^^
    |
help: first cast to a pointer `as *const ()`
    |
290 |         ("b32decode", dispatch_b32decode as *const () as usize),
    |                                          ++++++++++++

warning: direct cast of function item into an integer
   --> projects/mamba/src/runtime/stdlib/base64_mod.rs:291:48
    |
291 |         ("b32hexencode", dispatch_b32hexencode as usize),
    |                                                ^^^^^^^^
    |
help: first cast to a pointer `as *const ()`
    |
291 |         ("b32hexencode", dispatch_b32hexencode as *const () as usize),
    |                                                ++++++++++++

warning: direct cast of function item into an integer
   --> projects/mamba/src/runtime/stdlib/base64_mod.rs:292:48
    |
292 |         ("b32hexdecode", dispatch_b32hexdecode as usize),
    |                                                ^^^^^^^^
    |
help: first cast to a pointer `as *const ()`
    |
292 |         ("b32hexdecode", dispatch_b32hexdecode as *const () as usize),
    |                                                ++++++++++++

warning: direct cast of function item into an integer
   --> projects/mamba/src/runtime/stdlib/base64_mod.rs:293:42
    |
293 |         ("b16encode", dispatch_b16encode as usize),
    |                                          ^^^^^^^^
    |
help: first cast to a pointer `as *const ()`
    |
293 |         ("b16encode", dispatch_b16encode as *const () as usize),
    |                                          ++++++++++++

warning: direct cast of function item into an integer
   --> projects/mamba/src/runtime/stdlib/base64_mod.rs:294:42
    |
294 |         ("b16decode", dispatch_b16decode as usize),
    |                                          ^^^^^^^^
    |
help: first cast to a pointer `as *const ()`
    |
294 |         ("b16decode", dispatch_b16decode as *const () as usize),
    |                                          ++++++++++++

warning: direct cast of function item into an integer
   --> projects/mamba/src/runtime/stdlib/base64_mod.rs:295:42
    |
295 |         ("a85encode", dispatch_a85encode as usize),
    |                                          ^^^^^^^^
    |
help: first cast to a pointer `as *const ()`
    |
295 |         ("a85encode", dispatch_a85encode as *const () as usize),
    |                                          ++++++++++++

warning: direct cast of function item into an integer
   --> projects/mamba/src/runtime/stdlib/base64_mod.rs:296:42
    |
296 |         ("a85decode", dispatch_a85decode as usize),
    |                                          ^^^^^^^^
    |
help: first cast to a pointer `as *const ()`
    |
296 |         ("a85decode", dispatch_a85decode as *const () as usize),
    |                                          ++++++++++++

warning: direct cast of function item into an integer
   --> projects/mamba/src/runtime/stdlib/base64_mod.rs:297:42
    |
297 |         ("b85encode", dispatch_b85encode as usize),
    |                                          ^^^^^^^^
    |
help: first cast to a pointer `as *const ()`
    |
297 |         ("b85encode", dispatch_b85encode as *const () as usize),
    |                                          ++++++++++++

warning: direct cast of function item into an integer
   --> projects/mamba/src/runtime/stdlib/base64_mod.rs:298:42
    |
298 |         ("b85decode", dispatch_b85decode as usize),
    |                                          ^^^^^^^^
    |
help: first cast to a pointer `as *const ()`
    |
298 |         ("b85decode", dispatch_b85decode as *const () as usize),
    |                                          ++++++++++++

warning: direct cast of function item into an integer
   --> projects/mamba/src/runtime/stdlib/base64_mod.rs:299:46
    |
299 |         ("encodebytes", dispatch_encodebytes as usize),
    |                                              ^^^^^^^^
    |
help: first cast to a pointer `as *const ()`
    |
299 |         ("encodebytes", dispatch_encodebytes as *const () as usize),
    |                                              ++++++++++++

warning: direct cast of function item into an integer
   --> projects/mamba/src/runtime/stdlib/base64_mod.rs:300:46
    |
300 |         ("decodebytes", dispatch_decodebytes as usize),
    |                                              ^^^^^^^^
    |
help: first cast to a pointer `as *const ()`
    |
300 |         ("decodebytes", dispatch_decodebytes as *const () as usize),
    |                                              ++++++++++++

warning: direct cast of function item into an integer
   --> projects/mamba/src/runtime/stdlib/base64_mod.rs:301:43
    |
301 |         ("encode", dispatch_encode_stream as usize),
    |                                           ^^^^^^^^
    |
help: first cast to a pointer `as *const ()`
    |
301 |         ("encode", dispatch_encode_stream as *const () as usize),
    |                                           ++++++++++++

warning: direct cast of function item into an integer
   --> projects/mamba/src/runtime/stdlib/base64_mod.rs:302:43
    |
302 |         ("decode", dispatch_decode_stream as usize),
    |                                           ^^^^^^^^
    |
help: first cast to a pointer `as *const ()`
    |
302 |         ("decode", dispatch_decode_stream as *const () as usize),
    |                                           ++++++++++++

warning: direct cast of function item into an integer
   --> projects/mamba/src/runtime/stdlib/contextlib_mod.rs:109:23
    |
109 |     let noop = d_noop as usize;
    |                       ^^^^^^^^
    |
help: first cast to a pointer `as *const ()`
    |
109 |     let noop = d_noop as *const () as usize;
    |                       ++++++++++++

warning: direct cast of function item into an integer
   --> projects/mamba/src/runtime/stdlib/contextlib_mod.rs:110:31
    |
110 |     let identity = d_identity as usize;
    |                               ^^^^^^^^
    |
help: first cast to a pointer `as *const ()`
    |
110 |     let identity = d_identity as *const () as usize;
    |                               ++++++++++++

warning: direct cast of function item into an integer
   --> projects/mamba/src/runtime/stdlib/contextlib_mod.rs:121:39
    |
121 |         ("__enter__", d_self_returner as usize),
    |                                       ^^^^^^^^
    |
help: first cast to a pointer `as *const ()`
    |
121 |         ("__enter__", d_self_returner as *const () as usize),
    |                                       ++++++++++++

warning: direct cast of function item into an integer
   --> projects/mamba/src/runtime/stdlib/contextlib_mod.rs:123:40
    |
123 |         ("__aenter__", d_self_returner as usize),
    |                                        ^^^^^^^^
    |
help: first cast to a pointer `as *const ()`
    |
123 |         ("__aenter__", d_self_returner as *const () as usize),
    |                                        ++++++++++++

warning: direct cast of function item into an integer
   --> projects/mamba/src/runtime/stdlib/contextlib_mod.rs:912:23
    |
912 |         closing_enter as usize,
    |                       ^^^^^^^^
    |
help: first cast to a pointer `as *const ()`
    |
912 |         closing_enter as *const () as usize,
    |                       ++++++++++++

warning: direct cast of function item into an integer
   --> projects/mamba/src/runtime/stdlib/contextlib_mod.rs:913:22
    |
913 |         closing_exit as usize,
    |                      ^^^^^^^^
    |
help: first cast to a pointer `as *const ()`
    |
913 |         closing_exit as *const () as usize,
    |                      ++++++++++++

warning: direct cast of function item into an integer
   --> projects/mamba/src/runtime/stdlib/contextlib_mod.rs:917:24
    |
917 |         suppress_enter as usize,
    |                        ^^^^^^^^
    |
help: first cast to a pointer `as *const ()`
    |
917 |         suppress_enter as *const () as usize,
    |                        ++++++++++++

warning: direct cast of function item into an integer
   --> projects/mamba/src/runtime/stdlib/contextlib_mod.rs:918:23
    |
918 |         suppress_exit as usize,
    |                       ^^^^^^^^
    |
help: first cast to a pointer `as *const ()`
    |
918 |         suppress_exit as *const () as usize,
    |                       ++++++++++++

warning: direct cast of function item into an integer
   --> projects/mamba/src/runtime/stdlib/contextlib_mod.rs:922:26
    |
922 |         exit_stack_enter as usize,
    |                          ^^^^^^^^
    |
help: first cast to a pointer `as *const ()`
    |
922 |         exit_stack_enter as *const () as usize,
    |                          ++++++++++++

warning: direct cast of function item into an integer
   --> projects/mamba/src/runtime/stdlib/contextlib_mod.rs:923:25
    |
923 |         exit_stack_exit as usize,
    |                         ^^^^^^^^
    |
help: first cast to a pointer `as *const ()`
    |
923 |         exit_stack_exit as *const () as usize,
    |                         ++++++++++++

warning: direct cast of function item into an integer
   --> projects/mamba/src/runtime/stdlib/contextlib_mod.rs:927:26
    |
927 |         exit_stack_enter as usize,
    |                          ^^^^^^^^
    |
help: first cast to a pointer `as *const ()`
    |
927 |         exit_stack_enter as *const () as usize,
    |                          ++++++++++++

warning: direct cast of function item into an integer
   --> projects/mamba/src/runtime/stdlib/contextlib_mod.rs:928:25
    |
928 |         exit_stack_exit as usize,
    |                         ^^^^^^^^
    |
help: first cast to a pointer `as *const ()`
    |
928 |         exit_stack_exit as *const () as usize,
    |                         ++++++++++++

warning: direct cast of function item into an integer
   --> projects/mamba/src/runtime/stdlib/contextlib_mod.rs:932:31
    |
932 |         redirect_stdout_enter as usize,
    |                               ^^^^^^^^
    |
help: first cast to a pointer `as *const ()`
    |
932 |         redirect_stdout_enter as *const () as usize,
    |                               ++++++++++++

warning: direct cast of function item into an integer
   --> projects/mamba/src/runtime/stdlib/contextlib_mod.rs:933:30
    |
933 |         redirect_stdout_exit as usize,
    |                              ^^^^^^^^
    |
help: first cast to a pointer `as *const ()`
    |
933 |         redirect_stdout_exit as *const () as usize,
    |                              ++++++++++++

warning: direct cast of function item into an integer
   --> projects/mamba/src/runtime/stdlib/contextlib_mod.rs:937:31
    |
937 |         redirect_stderr_enter as usize,
    |                               ^^^^^^^^
    |
help: first cast to a pointer `as *const ()`
    |
937 |         redirect_stderr_enter as *const () as usize,
    |                               ++++++++++++

warning: direct cast of function item into an integer
   --> projects/mamba/src/runtime/stdlib/contextlib_mod.rs:938:30
    |
938 |         redirect_stderr_exit as usize,
    |                              ^^^^^^^^
    |
help: first cast to a pointer `as *const ()`
    |
938 |         redirect_stderr_exit as *const () as usize,
    |                              ++++++++++++

warning: direct cast of function item into an integer
   --> projects/mamba/src/runtime/stdlib/contextlib_mod.rs:943:26
    |
943 |         exit_stack_enter as usize,
    |                          ^^^^^^^^
    |
help: first cast to a pointer `as *const ()`
    |
943 |         exit_stack_enter as *const () as usize,
    |                          ++++++++++++

warning: direct cast of function item into an integer
   --> projects/mamba/src/runtime/stdlib/contextlib_mod.rs:948:26
    |
948 |         exit_stack_enter as usize,
    |                          ^^^^^^^^
    |
help: first cast to a pointer `as *const ()`
    |
948 |         exit_stack_enter as *const () as usize,
    |                          ++++++++++++

warning: direct cast of function item into an integer
   --> projects/mamba/src/runtime/stdlib/contextlib_mod.rs:957:55
    |
957 |             MbValue::from_func(context_decorator_call as usize),
    |                                                       ^^^^^^^^
    |
help: first cast to a pointer `as *const ()`
    |
957 |             MbValue::from_func(context_decorator_call as *const () as usize),
    |                                                       ++++++++++++

warning: direct cast of function item into an integer
   --> projects/mamba/src/runtime/stdlib/contextlib_mod.rs:969:36
    |
969 |         let addr = cd_wrapper_call as usize;
    |                                    ^^^^^^^^
    |
help: first cast to a pointer `as *const ()`
    |
969 |         let addr = cd_wrapper_call as *const () as usize;
    |                                    ++++++++++++

warning: direct cast of function item into an integer
   --> projects/mamba/src/runtime/stdlib/contextlib_mod.rs:981:36
    |
981 |         let addr = cm_factory_call as usize;
    |                                    ^^^^^^^^
    |
help: first cast to a pointer `as *const ()`
    |
981 |         let addr = cm_factory_call as *const () as usize;
    |                                    ++++++++++++

warning: direct cast of function item into an integer
   --> projects/mamba/src/runtime/stdlib/contextlib_mod.rs:995:51
    |
995 |             MbValue::from_func(generator_cm_enter as usize),
    |                                                   ^^^^^^^^
    |
help: first cast to a pointer `as *const ()`
    |
995 |             MbValue::from_func(generator_cm_enter as *const () as usize),
    |                                                   ++++++++++++

warning: direct cast of function item into an integer
   --> projects/mamba/src/runtime/stdlib/contextlib_mod.rs:999:50
    |
999 |             MbValue::from_func(generator_cm_exit as usize),
    |                                                  ^^^^^^^^
    |
help: first cast to a pointer `as *const ()`
    |
999 |             MbValue::from_func(generator_cm_exit as *const () as usize),
    |                                                  ++++++++++++

warning: direct cast of function item into an integer
    --> projects/mamba/src/runtime/stdlib/contextlib_mod.rs:1003:50
     |
1003 |             MbValue::from_func(generator_cm_call as usize),
     |                                                  ^^^^^^^^
     |
help: first cast to a pointer `as *const ()`
     |
1003 |             MbValue::from_func(generator_cm_call as *const () as usize),
     |                                                  ++++++++++++

warning: direct cast of function item into an integer
    --> projects/mamba/src/runtime/stdlib/contextlib_mod.rs:1012:23
     |
1012 |     let noop = d_noop as usize;
     |                       ^^^^^^^^
     |
help: first cast to a pointer `as *const ()`
     |
1012 |     let noop = d_noop as *const () as usize;
     |                       ++++++++++++

warning: direct cast of function item into an integer
    --> projects/mamba/src/runtime/stdlib/contextlib_mod.rs:1013:31
     |
1013 |     let identity = d_identity as usize;
     |                               ^^^^^^^^
     |
help: first cast to a pointer `as *const ()`
     |
1013 |     let identity = d_identity as *const () as usize;
     |                               ++++++++++++

warning: direct cast of function item into an integer
    --> projects/mamba/src/runtime/stdlib/contextlib_mod.rs:1016:38
     |
1016 |         ("suppress", d_suppress_ctor as usize),
     |                                      ^^^^^^^^
     |
help: first cast to a pointer `as *const ()`
     |
1016 |         ("suppress", d_suppress_ctor as *const () as usize),
     |                                      ++++++++++++

warning: direct cast of function item into an integer
    --> projects/mamba/src/runtime/stdlib/contextlib_mod.rs:1019:52
     |
1019 |         ("redirect_stdout", d_redirect_stdout_ctor as usize),
     |                                                    ^^^^^^^^
     |
help: first cast to a pointer `as *const ()`
     |
1019 |         ("redirect_stdout", d_redirect_stdout_ctor as *const () as usize),
     |                                                    ++++++++++++

warning: direct cast of function item into an integer
    --> projects/mamba/src/runtime/stdlib/contextlib_mod.rs:1020:52
     |
1020 |         ("redirect_stderr", d_redirect_stderr_ctor as usize),
     |                                                    ^^^^^^^^
     |
help: first cast to a pointer `as *const ()`
     |
1020 |         ("redirect_stderr", d_redirect_stderr_ctor as *const () as usize),
     |                                                    ++++++++++++

warning: direct cast of function item into an integer
    --> projects/mamba/src/runtime/stdlib/contextlib_mod.rs:1021:36
     |
1021 |         ("closing", d_closing_ctor as usize),
     |                                    ^^^^^^^^
     |
help: first cast to a pointer `as *const ()`
     |
1021 |         ("closing", d_closing_ctor as *const () as usize),
     |                                    ++++++++++++

warning: direct cast of function item into an integer
    --> projects/mamba/src/runtime/stdlib/contextlib_mod.rs:1022:41
     |
1022 |         ("ExitStack", d_exit_stack_ctor as usize),
     |                                         ^^^^^^^^
     |
help: first cast to a pointer `as *const ()`
     |
1022 |         ("ExitStack", d_exit_stack_ctor as *const () as usize),
     |                                         ++++++++++++

warning: direct cast of function item into an integer
    --> projects/mamba/src/runtime/stdlib/contextlib_mod.rs:1023:52
     |
1023 |         ("AsyncExitStack", d_async_exit_stack_ctor as usize),
     |                                                    ^^^^^^^^
     |
help: first cast to a pointer `as *const ()`
     |
1023 |         ("AsyncExitStack", d_async_exit_stack_ctor as *const () as usize),
     |                                                    ++++++++++++

warning: direct cast of function item into an integer
    --> projects/mamba/src/runtime/stdlib/contextlib_mod.rs:1025:50
     |
1025 |         ("AbstractContextManager", d_abstract_cm as usize),
     |                                                  ^^^^^^^^
     |
help: first cast to a pointer `as *const ()`
     |
1025 |         ("AbstractContextManager", d_abstract_cm as *const () as usize),
     |                                                  ++++++++++++

warning: direct cast of function item into an integer
    --> projects/mamba/src/runtime/stdlib/contextlib_mod.rs:1026:61
     |
1026 |         ("AbstractAsyncContextManager", d_abstract_async_cm as usize),
     |                                                             ^^^^^^^^
     |
help: first cast to a pointer `as *const ()`
     |
1026 |         ("AbstractAsyncContextManager", d_abstract_async_cm as *const () as usize),
     |                                                             ++++++++++++

warning: direct cast of function item into an integer
    --> projects/mamba/src/runtime/stdlib/contextlib_mod.rs:1042:23
     |
1042 |         d_abstract_cm as usize as u64,
     |                       ^^^^^^^^
     |
help: first cast to a pointer `as *const ()`
     |
1042 |         d_abstract_cm as *const () as usize as u64,
     |                       ++++++++++++

warning: direct cast of function item into an integer
    --> projects/mamba/src/runtime/stdlib/contextlib_mod.rs:1046:29
     |
1046 |         d_abstract_async_cm as usize as u64,
     |                             ^^^^^^^^
     |
help: first cast to a pointer `as *const ()`
     |
1046 |         d_abstract_async_cm as *const () as usize as u64,
     |                             ++++++++++++

warning: direct cast of function item into an integer
   --> projects/mamba/src/runtime/stdlib/copyreg_mod.rs:345:27
    |
345 |     let pickle = d_pickle as usize;
    |                           ^^^^^^^^
    |
help: first cast to a pointer `as *const ()`
    |
345 |     let pickle = d_pickle as *const () as usize;
    |                           ++++++++++++

warning: direct cast of function item into an integer
   --> projects/mamba/src/runtime/stdlib/copyreg_mod.rs:346:37
    |
346 |     let constructor = d_constructor as usize;
    |                                     ^^^^^^^^
    |
help: first cast to a pointer `as *const ()`
    |
346 |     let constructor = d_constructor as *const () as usize;
    |                                     ++++++++++++

warning: direct cast of function item into an integer
   --> projects/mamba/src/runtime/stdlib/copyreg_mod.rs:347:41
    |
347 |     let reconstructor = d_reconstructor as usize;
    |                                         ^^^^^^^^
    |
help: first cast to a pointer `as *const ()`
    |
347 |     let reconstructor = d_reconstructor as *const () as usize;
    |                                         ++++++++++++

warning: direct cast of function item into an integer
   --> projects/mamba/src/runtime/stdlib/copyreg_mod.rs:348:27
    |
348 |     let newobj = d_newobj as usize;
    |                           ^^^^^^^^
    |
help: first cast to a pointer `as *const ()`
    |
348 |     let newobj = d_newobj as *const () as usize;
    |                           ++++++++++++

warning: direct cast of function item into an integer
   --> projects/mamba/src/runtime/stdlib/copyreg_mod.rs:349:33
    |
349 |     let newobj_ex = d_newobj_ex as usize;
    |                                 ^^^^^^^^
    |
help: first cast to a pointer `as *const ()`
    |
349 |     let newobj_ex = d_newobj_ex as *const () as usize;
    |                                 ++++++++++++

warning: direct cast of function item into an integer
   --> projects/mamba/src/runtime/stdlib/copyreg_mod.rs:350:35
    |
350 |     let add_ext = d_add_extension as usize;
    |                                   ^^^^^^^^
    |
help: first cast to a pointer `as *const ()`
    |
350 |     let add_ext = d_add_extension as *const () as usize;
    |                                   ++++++++++++

warning: direct cast of function item into an integer
   --> projects/mamba/src/runtime/stdlib/copyreg_mod.rs:351:41
    |
351 |     let remove_ext = d_remove_extension as usize;
    |                                         ^^^^^^^^
    |
help: first cast to a pointer `as *const ()`
    |
351 |     let remove_ext = d_remove_extension as *const () as usize;
    |                                         ++++++++++++

warning: direct cast of function item into an integer
   --> projects/mamba/src/runtime/stdlib/copyreg_mod.rs:352:47
    |
352 |     let clear_cache = d_clear_extension_cache as usize;
    |                                               ^^^^^^^^
    |
help: first cast to a pointer `as *const ()`
    |
352 |     let clear_cache = d_clear_extension_cache as *const () as usize;
    |                                               ++++++++++++

warning: direct cast of function item into an integer
   --> projects/mamba/src/runtime/stdlib/copyreg_mod.rs:353:23
    |
353 |     let noop = d_noop as usize;
    |                       ^^^^^^^^
    |
help: first cast to a pointer `as *const ()`
    |
353 |     let noop = d_noop as *const () as usize;
    |                       ++++++++++++

warning: direct cast of function item into an integer
   --> projects/mamba/src/runtime/stdlib/cprofile_mod.rs:542:29
    |
542 |         ("enable", m_enable as usize),
    |                             ^^^^^^^^
    |
help: first cast to a pointer `as *const ()`
    |
542 |         ("enable", m_enable as *const () as usize),
    |                             ++++++++++++

warning: direct cast of function item into an integer
   --> projects/mamba/src/runtime/stdlib/cprofile_mod.rs:543:31
    |
543 |         ("disable", m_disable as usize),
    |                               ^^^^^^^^
    |
help: first cast to a pointer `as *const ()`
    |
543 |         ("disable", m_disable as *const () as usize),
    |                               ++++++++++++

warning: direct cast of function item into an integer
   --> projects/mamba/src/runtime/stdlib/cprofile_mod.rs:544:41
    |
544 |         ("create_stats", m_create_stats as usize),
    |                                         ^^^^^^^^
    |
help: first cast to a pointer `as *const ()`
    |
544 |         ("create_stats", m_create_stats as *const () as usize),
    |                                         ++++++++++++

warning: direct cast of function item into an integer
   --> projects/mamba/src/runtime/stdlib/cprofile_mod.rs:545:39
    |
545 |         ("print_stats", m_print_stats as usize),
    |                                       ^^^^^^^^
    |
help: first cast to a pointer `as *const ()`
    |
545 |         ("print_stats", m_print_stats as *const () as usize),
    |                                       ++++++++++++

warning: direct cast of function item into an integer
   --> projects/mamba/src/runtime/stdlib/cprofile_mod.rs:546:33
    |
546 |         ("getstats", m_getstats as usize),
    |                                 ^^^^^^^^
    |
help: first cast to a pointer `as *const ()`
    |
546 |         ("getstats", m_getstats as *const () as usize),
    |                                 ++++++++++++

warning: direct cast of function item into an integer
   --> projects/mamba/src/runtime/stdlib/cprofile_mod.rs:547:23
    |
547 |         ("run", m_run as usize),
    |                       ^^^^^^^^
    |
help: first cast to a pointer `as *const ()`
    |
547 |         ("run", m_run as *const () as usize),
    |                       ++++++++++++

warning: direct cast of function item into an integer
   --> projects/mamba/src/runtime/stdlib/cprofile_mod.rs:548:29
    |
548 |         ("runctx", m_runctx as usize),
    |                             ^^^^^^^^
    |
help: first cast to a pointer `as *const ()`
    |
548 |         ("runctx", m_runctx as *const () as usize),
    |                             ++++++++++++

warning: direct cast of function item into an integer
   --> projects/mamba/src/runtime/stdlib/cprofile_mod.rs:549:31
    |
549 |         ("runcall", m_runcall as usize),
    |                               ^^^^^^^^
    |
help: first cast to a pointer `as *const ()`
    |
549 |         ("runcall", m_runcall as *const () as usize),
    |                               ++++++++++++

warning: direct cast of function item into an integer
   --> projects/mamba/src/runtime/stdlib/cprofile_mod.rs:550:38
    |
550 |         ("__enter__", m_dunder_enter as usize),
    |                                      ^^^^^^^^
    |
help: first cast to a pointer `as *const ()`
    |
550 |         ("__enter__", m_dunder_enter as *const () as usize),
    |                                      ++++++++++++

warning: direct cast of function item into an integer
   --> projects/mamba/src/runtime/stdlib/cprofile_mod.rs:551:36
    |
551 |         ("__exit__", m_dunder_exit as usize),
    |                                    ^^^^^^^^
    |
help: first cast to a pointer `as *const ()`
    |
551 |         ("__exit__", m_dunder_exit as *const () as usize),
    |                                    ++++++++++++

warning: direct cast of function item into an integer
   --> projects/mamba/src/runtime/stdlib/cprofile_mod.rs:570:42
    |
570 |     let ctor_addr = dispatch_profile_new as usize;
    |                                          ^^^^^^^^
    |
help: first cast to a pointer `as *const ()`
    |
570 |     let ctor_addr = dispatch_profile_new as *const () as usize;
    |                                          ++++++++++++

warning: direct cast of function item into an integer
   --> projects/mamba/src/runtime/stdlib/cprofile_mod.rs:571:33
    |
571 |     let run_addr = dispatch_run as usize;
    |                                 ^^^^^^^^
    |
help: first cast to a pointer `as *const ()`
    |
571 |     let run_addr = dispatch_run as *const () as usize;
    |                                 ++++++++++++

warning: direct cast of function item into an integer
   --> projects/mamba/src/runtime/stdlib/cprofile_mod.rs:572:39
    |
572 |     let runctx_addr = dispatch_runctx as usize;
    |                                       ^^^^^^^^
    |
help: first cast to a pointer `as *const ()`
    |
572 |     let runctx_addr = dispatch_runctx as *const () as usize;
    |                                       ++++++++++++

warning: direct cast of function item into an integer
    --> projects/mamba/src/runtime/stdlib/decimal_mod.rs:3372:38
     |
3372 |         ("Decimal", dispatch_Decimal as usize),
     |                                      ^^^^^^^^
     |
help: first cast to a pointer `as *const ()`
     |
3372 |         ("Decimal", dispatch_Decimal as *const () as usize),
     |                                      ++++++++++++

warning: direct cast of function item into an integer
    --> projects/mamba/src/runtime/stdlib/decimal_mod.rs:3373:52
     |
3373 |         ("getcontext", dispatch_decimal_getcontext as usize),
     |                                                    ^^^^^^^^
     |
help: first cast to a pointer `as *const ()`
     |
3373 |         ("getcontext", dispatch_decimal_getcontext as *const () as usize),
     |                                                    ++++++++++++

warning: direct cast of function item into an integer
    --> projects/mamba/src/runtime/stdlib/decimal_mod.rs:3374:52
     |
3374 |         ("setcontext", dispatch_decimal_setcontext as usize),
     |                                                    ^^^^^^^^
     |
help: first cast to a pointer `as *const ()`
     |
3374 |         ("setcontext", dispatch_decimal_setcontext as *const () as usize),
     |                                                    ++++++++++++

warning: direct cast of function item into an integer
    --> projects/mamba/src/runtime/stdlib/decimal_mod.rs:3375:56
     |
3375 |         ("localcontext", dispatch_decimal_localcontext as usize),
     |                                                        ^^^^^^^^
     |
help: first cast to a pointer `as *const ()`
     |
3375 |         ("localcontext", dispatch_decimal_localcontext as *const () as usize),
     |                                                        ++++++++++++

warning: direct cast of function item into an integer
    --> projects/mamba/src/runtime/stdlib/decimal_mod.rs:3376:46
     |
3376 |         ("decimal_add", dispatch_decimal_add as usize),
     |                                              ^^^^^^^^
     |
help: first cast to a pointer `as *const ()`
     |
3376 |         ("decimal_add", dispatch_decimal_add as *const () as usize),
     |                                              ++++++++++++

warning: direct cast of function item into an integer
    --> projects/mamba/src/runtime/stdlib/decimal_mod.rs:3377:46
     |
3377 |         ("decimal_sub", dispatch_decimal_sub as usize),
     |                                              ^^^^^^^^
     |
help: first cast to a pointer `as *const ()`
     |
3377 |         ("decimal_sub", dispatch_decimal_sub as *const () as usize),
     |                                              ++++++++++++

warning: direct cast of function item into an integer
    --> projects/mamba/src/runtime/stdlib/decimal_mod.rs:3378:46
     |
3378 |         ("decimal_mul", dispatch_decimal_mul as usize),
     |                                              ^^^^^^^^
     |
help: first cast to a pointer `as *const ()`
     |
3378 |         ("decimal_mul", dispatch_decimal_mul as *const () as usize),
     |                                              ++++++++++++

warning: direct cast of function item into an integer
    --> projects/mamba/src/runtime/stdlib/decimal_mod.rs:3379:54
     |
3379 |         ("decimal_truediv", dispatch_decimal_truediv as usize),
     |                                                      ^^^^^^^^
     |
help: first cast to a pointer `as *const ()`
     |
3379 |         ("decimal_truediv", dispatch_decimal_truediv as *const () as usize),
     |                                                      ++++++++++++

warning: direct cast of function item into an integer
    --> projects/mamba/src/runtime/stdlib/decimal_mod.rs:3380:46
     |
3380 |         ("decimal_str", dispatch_decimal_str as usize),
     |                                              ^^^^^^^^
     |
help: first cast to a pointer `as *const ()`
     |
3380 |         ("decimal_str", dispatch_decimal_str as *const () as usize),
     |                                              ++++++++++++

warning: direct cast of function item into an integer
    --> projects/mamba/src/runtime/stdlib/decimal_mod.rs:3381:54
     |
3381 |         ("decimal_is_zero", dispatch_decimal_is_zero as usize),
     |                                                      ^^^^^^^^
     |
help: first cast to a pointer `as *const ()`
     |
3381 |         ("decimal_is_zero", dispatch_decimal_is_zero as *const () as usize),
     |                                                      ++++++++++++

warning: direct cast of function item into an integer
    --> projects/mamba/src/runtime/stdlib/decimal_mod.rs:3490:49
     |
3490 |         let stub = dispatch_decimal_method_stub as usize as u64;
     |                                                 ^^^^^^^^
     |
help: first cast to a pointer `as *const ()`
     |
3490 |         let stub = dispatch_decimal_method_stub as *const () as usize as u64;
     |                                                 ++++++++++++

warning: direct cast of function item into an integer
   --> projects/mamba/src/runtime/stdlib/faulthandler_mod.rs:218:52
    |
218 |             libc::signal(sig, fault_signal_handler as usize as libc::sighandler_t);
    |                                                    ^^^^^^^^
    |
help: first cast to a pointer `as *const ()`
    |
218 |             libc::signal(sig, fault_signal_handler as *const () as usize as libc::sighandler_t);
    |                                                    ++++++++++++

warning: direct cast of function item into an integer
   --> projects/mamba/src/runtime/stdlib/faulthandler_mod.rs:305:36
    |
305 |         ("enable", dispatch_enable as usize),
    |                                    ^^^^^^^^
    |
help: first cast to a pointer `as *const ()`
    |
305 |         ("enable", dispatch_enable as *const () as usize),
    |                                    ++++++++++++

warning: direct cast of function item into an integer
   --> projects/mamba/src/runtime/stdlib/faulthandler_mod.rs:306:38
    |
306 |         ("disable", dispatch_disable as usize),
    |                                      ^^^^^^^^
    |
help: first cast to a pointer `as *const ()`
    |
306 |         ("disable", dispatch_disable as *const () as usize),
    |                                      ++++++++++++

warning: direct cast of function item into an integer
   --> projects/mamba/src/runtime/stdlib/faulthandler_mod.rs:307:44
    |
307 |         ("is_enabled", dispatch_is_enabled as usize),
    |                                            ^^^^^^^^
    |
help: first cast to a pointer `as *const ()`
    |
307 |         ("is_enabled", dispatch_is_enabled as *const () as usize),
    |                                            ++++++++++++

warning: direct cast of function item into an integer
   --> projects/mamba/src/runtime/stdlib/faulthandler_mod.rs:308:52
    |
308 |         ("dump_traceback", dispatch_dump_traceback as usize),
    |                                                    ^^^^^^^^
    |
help: first cast to a pointer `as *const ()`
    |
308 |         ("dump_traceback", dispatch_dump_traceback as *const () as usize),
    |                                                    ++++++++++++

warning: direct cast of function item into an integer
    --> projects/mamba/src/runtime/stdlib/fractions_mod.rs:1214:40
     |
1214 |         ("Fraction", dispatch_Fraction as usize),
     |                                        ^^^^^^^^
     |
help: first cast to a pointer `as *const ()`
     |
1214 |         ("Fraction", dispatch_Fraction as *const () as usize),
     |                                        ++++++++++++

warning: direct cast of function item into an integer
    --> projects/mamba/src/runtime/stdlib/fractions_mod.rs:1215:44
     |
1215 |         ("from_float", dispatch_from_float as usize),
     |                                            ^^^^^^^^
     |
help: first cast to a pointer `as *const ()`
     |
1215 |         ("from_float", dispatch_from_float as *const () as usize),
     |                                            ++++++++++++

warning: direct cast of function item into an integer
    --> projects/mamba/src/runtime/stdlib/fractions_mod.rs:1216:48
     |
1216 |         ("fraction_add", dispatch_fraction_add as usize),
     |                                                ^^^^^^^^
     |
help: first cast to a pointer `as *const ()`
     |
1216 |         ("fraction_add", dispatch_fraction_add as *const () as usize),
     |                                                ++++++++++++

warning: direct cast of function item into an integer
    --> projects/mamba/src/runtime/stdlib/fractions_mod.rs:1217:48
     |
1217 |         ("fraction_sub", dispatch_fraction_sub as usize),
     |                                                ^^^^^^^^
     |
help: first cast to a pointer `as *const ()`
     |
1217 |         ("fraction_sub", dispatch_fraction_sub as *const () as usize),
     |                                                ++++++++++++

warning: direct cast of function item into an integer
    --> projects/mamba/src/runtime/stdlib/fractions_mod.rs:1218:48
     |
1218 |         ("fraction_mul", dispatch_fraction_mul as usize),
     |                                                ^^^^^^^^
     |
help: first cast to a pointer `as *const ()`
     |
1218 |         ("fraction_mul", dispatch_fraction_mul as *const () as usize),
     |                                                ++++++++++++

warning: direct cast of function item into an integer
    --> projects/mamba/src/runtime/stdlib/fractions_mod.rs:1219:56
     |
1219 |         ("fraction_truediv", dispatch_fraction_truediv as usize),
     |                                                        ^^^^^^^^
     |
help: first cast to a pointer `as *const ()`
     |
1219 |         ("fraction_truediv", dispatch_fraction_truediv as *const () as usize),
     |                                                        ++++++++++++

warning: direct cast of function item into an integer
    --> projects/mamba/src/runtime/stdlib/fractions_mod.rs:1220:58
     |
1220 |         ("fraction_floordiv", dispatch_fraction_floordiv as usize),
     |                                                          ^^^^^^^^
     |
help: first cast to a pointer `as *const ()`
     |
1220 |         ("fraction_floordiv", dispatch_fraction_floordiv as *const () as usize),
     |                                                          ++++++++++++

warning: direct cast of function item into an integer
    --> projects/mamba/src/runtime/stdlib/fractions_mod.rs:1221:48
     |
1221 |         ("fraction_mod", dispatch_fraction_mod as usize),
     |                                                ^^^^^^^^
     |
help: first cast to a pointer `as *const ()`
     |
1221 |         ("fraction_mod", dispatch_fraction_mod as *const () as usize),
     |                                                ++++++++++++

warning: direct cast of function item into an integer
    --> projects/mamba/src/runtime/stdlib/fractions_mod.rs:1222:54
     |
1222 |         ("fraction_divmod", dispatch_fraction_divmod as usize),
     |                                                      ^^^^^^^^
     |
help: first cast to a pointer `as *const ()`
     |
1222 |         ("fraction_divmod", dispatch_fraction_divmod as *const () as usize),
     |                                                      ++++++++++++

warning: direct cast of function item into an integer
    --> projects/mamba/src/runtime/stdlib/fractions_mod.rs:1223:48
     |
1223 |         ("fraction_pow", dispatch_fraction_pow as usize),
     |                                                ^^^^^^^^
     |
help: first cast to a pointer `as *const ()`
     |
1223 |         ("fraction_pow", dispatch_fraction_pow as *const () as usize),
     |                                                ++++++++++++

warning: direct cast of function item into an integer
    --> projects/mamba/src/runtime/stdlib/fractions_mod.rs:1224:48
     |
1224 |         ("fraction_neg", dispatch_fraction_neg as usize),
     |                                                ^^^^^^^^
     |
help: first cast to a pointer `as *const ()`
     |
1224 |         ("fraction_neg", dispatch_fraction_neg as *const () as usize),
     |                                                ++++++++++++

warning: direct cast of function item into an integer
    --> projects/mamba/src/runtime/stdlib/fractions_mod.rs:1225:48
     |
1225 |         ("fraction_abs", dispatch_fraction_abs as usize),
     |                                                ^^^^^^^^
     |
help: first cast to a pointer `as *const ()`
     |
1225 |         ("fraction_abs", dispatch_fraction_abs as *const () as usize),
     |                                                ++++++++++++

warning: direct cast of function item into an integer
    --> projects/mamba/src/runtime/stdlib/fractions_mod.rs:1226:48
     |
1226 |         ("fraction_int", dispatch_fraction_int as usize),
     |                                                ^^^^^^^^
     |
help: first cast to a pointer `as *const ()`
     |
1226 |         ("fraction_int", dispatch_fraction_int as *const () as usize),
     |                                                ++++++++++++

warning: direct cast of function item into an integer
    --> projects/mamba/src/runtime/stdlib/fractions_mod.rs:1227:52
     |
1227 |         ("fraction_float", dispatch_fraction_float as usize),
     |                                                    ^^^^^^^^
     |
help: first cast to a pointer `as *const ()`
     |
1227 |         ("fraction_float", dispatch_fraction_float as *const () as usize),
     |                                                    ++++++++++++

warning: direct cast of function item into an integer
    --> projects/mamba/src/runtime/stdlib/fractions_mod.rs:1228:48
     |
1228 |         ("fraction_str", dispatch_fraction_str as usize),
     |                                                ^^^^^^^^
     |
help: first cast to a pointer `as *const ()`
     |
1228 |         ("fraction_str", dispatch_fraction_str as *const () as usize),
     |                                                ++++++++++++

warning: direct cast of function item into an integer
    --> projects/mamba/src/runtime/stdlib/fractions_mod.rs:1229:50
     |
1229 |         ("fraction_repr", dispatch_fraction_repr as usize),
     |                                                  ^^^^^^^^
     |
help: first cast to a pointer `as *const ()`
     |
1229 |         ("fraction_repr", dispatch_fraction_repr as *const () as usize),
     |                                                  ++++++++++++

warning: direct cast of function item into an integer
    --> projects/mamba/src/runtime/stdlib/fractions_mod.rs:1230:60
     |
1230 |         ("fraction_numerator", dispatch_fraction_numerator as usize),
     |                                                            ^^^^^^^^
     |
help: first cast to a pointer `as *const ()`
     |
1230 |         ("fraction_numerator", dispatch_fraction_numerator as *const () as usize),
     |                                                            ++++++++++++

warning: direct cast of function item into an integer
    --> projects/mamba/src/runtime/stdlib/fractions_mod.rs:1233:43
     |
1233 |             dispatch_fraction_denominator as usize,
     |                                           ^^^^^^^^
     |
help: first cast to a pointer `as *const ()`
     |
1233 |             dispatch_fraction_denominator as *const () as usize,
     |                                           ++++++++++++

warning: direct cast of function item into an integer
    --> projects/mamba/src/runtime/stdlib/fractions_mod.rs:1235:62
     |
1235 |         ("fraction_is_integer", dispatch_fraction_is_integer as usize),
     |                                                              ^^^^^^^^
     |
help: first cast to a pointer `as *const ()`
     |
1235 |         ("fraction_is_integer", dispatch_fraction_is_integer as *const () as usize),
     |                                                              ++++++++++++

warning: direct cast of function item into an integer
    --> projects/mamba/src/runtime/stdlib/fractions_mod.rs:1238:48
     |
1238 |             dispatch_fraction_as_integer_ratio as usize,
     |                                                ^^^^^^^^
     |
help: first cast to a pointer `as *const ()`
     |
1238 |             dispatch_fraction_as_integer_ratio as *const () as usize,
     |                                                ++++++++++++

warning: direct cast of function item into an integer
    --> projects/mamba/src/runtime/stdlib/fractions_mod.rs:1242:49
     |
1242 |             dispatch_fraction_limit_denominator as usize,
     |                                                 ^^^^^^^^
     |
help: first cast to a pointer `as *const ()`
     |
1242 |             dispatch_fraction_limit_denominator as *const () as usize,
     |                                                 ++++++++++++

warning: direct cast of function item into an integer
    --> projects/mamba/src/runtime/stdlib/fractions_mod.rs:1244:46
     |
1244 |         ("fraction_eq", dispatch_fraction_eq as usize),
     |                                              ^^^^^^^^
     |
help: first cast to a pointer `as *const ()`
     |
1244 |         ("fraction_eq", dispatch_fraction_eq as *const () as usize),
     |                                              ++++++++++++

warning: direct cast of function item into an integer
    --> projects/mamba/src/runtime/stdlib/fractions_mod.rs:1245:46
     |
1245 |         ("fraction_lt", dispatch_fraction_lt as usize),
     |                                              ^^^^^^^^
     |
help: first cast to a pointer `as *const ()`
     |
1245 |         ("fraction_lt", dispatch_fraction_lt as *const () as usize),
     |                                              ++++++++++++

warning: direct cast of function item into an integer
    --> projects/mamba/src/runtime/stdlib/fractions_mod.rs:1246:46
     |
1246 |         ("fraction_le", dispatch_fraction_le as usize),
     |                                              ^^^^^^^^
     |
help: first cast to a pointer `as *const ()`
     |
1246 |         ("fraction_le", dispatch_fraction_le as *const () as usize),
     |                                              ++++++++++++

warning: direct cast of function item into an integer
    --> projects/mamba/src/runtime/stdlib/fractions_mod.rs:1247:46
     |
1247 |         ("fraction_gt", dispatch_fraction_gt as usize),
     |                                              ^^^^^^^^
     |
help: first cast to a pointer `as *const ()`
     |
1247 |         ("fraction_gt", dispatch_fraction_gt as *const () as usize),
     |                                              ++++++++++++

warning: direct cast of function item into an integer
    --> projects/mamba/src/runtime/stdlib/fractions_mod.rs:1248:46
     |
1248 |         ("fraction_ge", dispatch_fraction_ge as usize),
     |                                              ^^^^^^^^
     |
help: first cast to a pointer `as *const ()`
     |
1248 |         ("fraction_ge", dispatch_fraction_ge as *const () as usize),
     |                                              ++++++++++++

warning: direct cast of function item into an integer
    --> projects/mamba/src/runtime/stdlib/fractions_mod.rs:1280:48
     |
1280 |             dispatch_fraction_as_integer_ratio as usize,
     |                                                ^^^^^^^^
     |
help: first cast to a pointer `as *const ()`
     |
1280 |             dispatch_fraction_as_integer_ratio as *const () as usize,
     |                                                ++++++++++++

warning: direct cast of function item into an integer
    --> projects/mamba/src/runtime/stdlib/fractions_mod.rs:1282:53
     |
1282 |         ("is_integer", dispatch_fraction_is_integer as usize),
     |                                                     ^^^^^^^^
     |
help: first cast to a pointer `as *const ()`
     |
1282 |         ("is_integer", dispatch_fraction_is_integer as *const () as usize),
     |                                                     ++++++++++++

warning: direct cast of function item into an integer
    --> projects/mamba/src/runtime/stdlib/fractions_mod.rs:1285:49
     |
1285 |             dispatch_fraction_limit_denominator as usize,
     |                                                 ^^^^^^^^
     |
help: first cast to a pointer `as *const ()`
     |
1285 |             dispatch_fraction_limit_denominator as *const () as usize,
     |                                                 ++++++++++++

warning: direct cast of function item into an integer
    --> projects/mamba/src/runtime/stdlib/fractions_mod.rs:1287:51
     |
1287 |         ("conjugate", dispatch_fraction_numerator as usize),
     |                                                   ^^^^^^^^
     |
help: first cast to a pointer `as *const ()`
     |
1287 |         ("conjugate", dispatch_fraction_numerator as *const () as usize),
     |                                                   ++++++++++++

warning: direct cast of function item into an integer
    --> projects/mamba/src/runtime/stdlib/fractions_mod.rs:1288:51
     |
1288 |         ("numerator", dispatch_fraction_numerator as usize),
     |                                                   ^^^^^^^^
     |
help: first cast to a pointer `as *const ()`
     |
1288 |         ("numerator", dispatch_fraction_numerator as *const () as usize),
     |                                                   ++++++++++++

warning: direct cast of function item into an integer
    --> projects/mamba/src/runtime/stdlib/fractions_mod.rs:1289:55
     |
1289 |         ("denominator", dispatch_fraction_denominator as usize),
     |                                                       ^^^^^^^^
     |
help: first cast to a pointer `as *const ()`
     |
1289 |         ("denominator", dispatch_fraction_denominator as *const () as usize),
     |                                                       ++++++++++++

warning: direct cast of function item into an integer
    --> projects/mamba/src/runtime/stdlib/fractions_mod.rs:1290:44
     |
1290 |         ("from_float", dispatch_from_float as usize),
     |                                            ^^^^^^^^
     |
help: first cast to a pointer `as *const ()`
     |
1290 |         ("from_float", dispatch_from_float as *const () as usize),
     |                                            ++++++++++++

warning: direct cast of function item into an integer
   --> projects/mamba/src/runtime/stdlib/functools_mod.rs:829:63
    |
829 |     super::super::module::register_variadic_func(partial_call as usize as u64);
    |                                                               ^^^^^^^^
    |
help: first cast to a pointer `as *const ()`
    |
829 |     super::super::module::register_variadic_func(partial_call as *const () as usize as u64);
    |                                                               ++++++++++++

warning: direct cast of function item into an integer
   --> projects/mamba/src/runtime/stdlib/hashlib_mod.rs:906:30
    |
906 |         ("md5", dispatch_md5 as usize),
    |                              ^^^^^^^^
    |
help: first cast to a pointer `as *const ()`
    |
906 |         ("md5", dispatch_md5 as *const () as usize),
    |                              ++++++++++++

warning: direct cast of function item into an integer
   --> projects/mamba/src/runtime/stdlib/hashlib_mod.rs:907:32
    |
907 |         ("sha1", dispatch_sha1 as usize),
    |                                ^^^^^^^^
    |
help: first cast to a pointer `as *const ()`
    |
907 |         ("sha1", dispatch_sha1 as *const () as usize),
    |                                ++++++++++++

warning: direct cast of function item into an integer
   --> projects/mamba/src/runtime/stdlib/hashlib_mod.rs:908:36
    |
908 |         ("sha224", dispatch_sha224 as usize),
    |                                    ^^^^^^^^
    |
help: first cast to a pointer `as *const ()`
    |
908 |         ("sha224", dispatch_sha224 as *const () as usize),
    |                                    ++++++++++++

warning: direct cast of function item into an integer
   --> projects/mamba/src/runtime/stdlib/hashlib_mod.rs:909:36
    |
909 |         ("sha256", dispatch_sha256 as usize),
    |                                    ^^^^^^^^
    |
help: first cast to a pointer `as *const ()`
    |
909 |         ("sha256", dispatch_sha256 as *const () as usize),
    |                                    ++++++++++++

warning: direct cast of function item into an integer
   --> projects/mamba/src/runtime/stdlib/hashlib_mod.rs:910:36
    |
910 |         ("sha384", dispatch_sha384 as usize),
    |                                    ^^^^^^^^
    |
help: first cast to a pointer `as *const ()`
    |
910 |         ("sha384", dispatch_sha384 as *const () as usize),
    |                                    ++++++++++++

warning: direct cast of function item into an integer
   --> projects/mamba/src/runtime/stdlib/hashlib_mod.rs:911:36
    |
911 |         ("sha512", dispatch_sha512 as usize),
    |                                    ^^^^^^^^
    |
help: first cast to a pointer `as *const ()`
    |
911 |         ("sha512", dispatch_sha512 as *const () as usize),
    |                                    ++++++++++++

warning: direct cast of function item into an integer
   --> projects/mamba/src/runtime/stdlib/hashlib_mod.rs:912:40
    |
912 |         ("sha3_224", dispatch_sha3_224 as usize),
    |                                        ^^^^^^^^
    |
help: first cast to a pointer `as *const ()`
    |
912 |         ("sha3_224", dispatch_sha3_224 as *const () as usize),
    |                                        ++++++++++++

warning: direct cast of function item into an integer
   --> projects/mamba/src/runtime/stdlib/hashlib_mod.rs:913:40
    |
913 |         ("sha3_256", dispatch_sha3_256 as usize),
    |                                        ^^^^^^^^
    |
help: first cast to a pointer `as *const ()`
    |
913 |         ("sha3_256", dispatch_sha3_256 as *const () as usize),
    |                                        ++++++++++++

warning: direct cast of function item into an integer
   --> projects/mamba/src/runtime/stdlib/hashlib_mod.rs:914:40
    |
914 |         ("sha3_384", dispatch_sha3_384 as usize),
    |                                        ^^^^^^^^
    |
help: first cast to a pointer `as *const ()`
    |
914 |         ("sha3_384", dispatch_sha3_384 as *const () as usize),
    |                                        ++++++++++++

warning: direct cast of function item into an integer
   --> projects/mamba/src/runtime/stdlib/hashlib_mod.rs:915:40
    |
915 |         ("sha3_512", dispatch_sha3_512 as usize),
    |                                        ^^^^^^^^
    |
help: first cast to a pointer `as *const ()`
    |
915 |         ("sha3_512", dispatch_sha3_512 as *const () as usize),
    |                                        ++++++++++++

warning: direct cast of function item into an integer
   --> projects/mamba/src/runtime/stdlib/hashlib_mod.rs:916:38
    |
916 |         ("blake2b", dispatch_blake2b as usize),
    |                                      ^^^^^^^^
    |
help: first cast to a pointer `as *const ()`
    |
916 |         ("blake2b", dispatch_blake2b as *const () as usize),
    |                                      ++++++++++++

warning: direct cast of function item into an integer
   --> projects/mamba/src/runtime/stdlib/hashlib_mod.rs:917:38
    |
917 |         ("blake2s", dispatch_blake2s as usize),
    |                                      ^^^^^^^^
    |
help: first cast to a pointer `as *const ()`
    |
917 |         ("blake2s", dispatch_blake2s as *const () as usize),
    |                                      ++++++++++++

warning: direct cast of function item into an integer
   --> projects/mamba/src/runtime/stdlib/hashlib_mod.rs:918:42
    |
918 |         ("shake_128", dispatch_shake_128 as usize),
    |                                          ^^^^^^^^
    |
help: first cast to a pointer `as *const ()`
    |
918 |         ("shake_128", dispatch_shake_128 as *const () as usize),
    |                                          ++++++++++++

warning: direct cast of function item into an integer
   --> projects/mamba/src/runtime/stdlib/hashlib_mod.rs:919:42
    |
919 |         ("shake_256", dispatch_shake_256 as usize),
    |                                          ^^^^^^^^
    |
help: first cast to a pointer `as *const ()`
    |
919 |         ("shake_256", dispatch_shake_256 as *const () as usize),
    |                                          ++++++++++++

warning: direct cast of function item into an integer
   --> projects/mamba/src/runtime/stdlib/hashlib_mod.rs:920:30
    |
920 |         ("new", dispatch_new as usize),
    |                              ^^^^^^^^
    |
help: first cast to a pointer `as *const ()`
    |
920 |         ("new", dispatch_new as *const () as usize),
    |                              ++++++++++++

warning: direct cast of function item into an integer
   --> projects/mamba/src/runtime/stdlib/hashlib_mod.rs:921:46
    |
921 |         ("pbkdf2_hmac", dispatch_pbkdf2_hmac as usize),
    |                                              ^^^^^^^^
    |
help: first cast to a pointer `as *const ()`
    |
921 |         ("pbkdf2_hmac", dispatch_pbkdf2_hmac as *const () as usize),
    |                                              ++++++++++++

warning: direct cast of function item into an integer
   --> projects/mamba/src/runtime/stdlib/hashlib_mod.rs:922:46
    |
922 |         ("file_digest", dispatch_file_digest as usize),
    |                                              ^^^^^^^^
    |
help: first cast to a pointer `as *const ()`
    |
922 |         ("file_digest", dispatch_file_digest as *const () as usize),
    |                                              ++++++++++++

warning: direct cast of function item into an integer
   --> projects/mamba/src/runtime/stdlib/hashlib_mod.rs:956:55
    |
956 |     let compare_digest_addr = dispatch_compare_digest as usize;
    |                                                       ^^^^^^^^
    |
help: first cast to a pointer `as *const ()`
    |
956 |     let compare_digest_addr = dispatch_compare_digest as *const () as usize;
    |                                                       ++++++++++++

warning: direct cast of function item into an integer
   --> projects/mamba/src/runtime/stdlib/pathlib_mod.rs:466:38
    |
466 |         ("as_posix", method_as_posix as usize, true),
    |                                      ^^^^^^^^
    |
help: first cast to a pointer `as *const ()`
    |
466 |         ("as_posix", method_as_posix as *const () as usize, true),
    |                                      ++++++++++++

warning: direct cast of function item into an integer
   --> projects/mamba/src/runtime/stdlib/pathlib_mod.rs:467:44
    |
467 |         ("is_absolute", method_is_absolute as usize, true),
    |                                            ^^^^^^^^
    |
help: first cast to a pointer `as *const ()`
    |
467 |         ("is_absolute", method_is_absolute as *const () as usize, true),
    |                                            ++++++++++++

warning: direct cast of function item into an integer
   --> projects/mamba/src/runtime/stdlib/pathlib_mod.rs:468:44
    |
468 |         ("is_reserved", method_is_reserved as usize, true),
    |                                            ^^^^^^^^
    |
help: first cast to a pointer `as *const ()`
    |
468 |         ("is_reserved", method_is_reserved as *const () as usize, true),
    |                                            ++++++++++++

warning: direct cast of function item into an integer
   --> projects/mamba/src/runtime/stdlib/pathlib_mod.rs:469:38
    |
469 |         ("joinpath", method_joinpath as usize, true),
    |                                      ^^^^^^^^
    |
help: first cast to a pointer `as *const ()`
    |
469 |         ("joinpath", method_joinpath as *const () as usize, true),
    |                                      ++++++++++++

warning: direct cast of function item into an integer
   --> projects/mamba/src/runtime/stdlib/pathlib_mod.rs:470:40
    |
470 |         ("with_name", method_with_name as usize, true),
    |                                        ^^^^^^^^
    |
help: first cast to a pointer `as *const ()`
    |
470 |         ("with_name", method_with_name as *const () as usize, true),
    |                                        ++++++++++++

warning: direct cast of function item into an integer
   --> projects/mamba/src/runtime/stdlib/pathlib_mod.rs:471:40
    |
471 |         ("with_stem", method_with_stem as usize, true),
    |                                        ^^^^^^^^
    |
help: first cast to a pointer `as *const ()`
    |
471 |         ("with_stem", method_with_stem as *const () as usize, true),
    |                                        ++++++++++++

warning: direct cast of function item into an integer
   --> projects/mamba/src/runtime/stdlib/pathlib_mod.rs:472:44
    |
472 |         ("with_suffix", method_with_suffix as usize, true),
    |                                            ^^^^^^^^
    |
help: first cast to a pointer `as *const ()`
    |
472 |         ("with_suffix", method_with_suffix as *const () as usize, true),
    |                                            ++++++++++++

warning: direct cast of function item into an integer
   --> projects/mamba/src/runtime/stdlib/pathlib_mod.rs:473:44
    |
473 |         ("relative_to", method_relative_to as usize, true),
    |                                            ^^^^^^^^
    |
help: first cast to a pointer `as *const ()`
    |
473 |         ("relative_to", method_relative_to as *const () as usize, true),
    |                                            ++++++++++++

warning: direct cast of function item into an integer
   --> projects/mamba/src/runtime/stdlib/pathlib_mod.rs:474:50
    |
474 |         ("is_relative_to", method_is_relative_to as usize, true),
    |                                                  ^^^^^^^^
    |
help: first cast to a pointer `as *const ()`
    |
474 |         ("is_relative_to", method_is_relative_to as *const () as usize, true),
    |                                                  ++++++++++++

warning: direct cast of function item into an integer
   --> projects/mamba/src/runtime/stdlib/pathlib_mod.rs:475:34
    |
475 |         ("as_uri", method_as_uri as usize, true),
    |                                  ^^^^^^^^
    |
help: first cast to a pointer `as *const ()`
    |
475 |         ("as_uri", method_as_uri as *const () as usize, true),
    |                                  ++++++++++++

warning: direct cast of function item into an integer
   --> projects/mamba/src/runtime/stdlib/pathlib_mod.rs:476:32
    |
476 |         ("match", method_match as usize, true),
    |                                ^^^^^^^^
    |
help: first cast to a pointer `as *const ()`
    |
476 |         ("match", method_match as *const () as usize, true),
    |                                ++++++++++++

warning: direct cast of function item into an integer
   --> projects/mamba/src/runtime/stdlib/pathlib_mod.rs:478:34
    |
478 |         ("exists", method_exists as usize, true),
    |                                  ^^^^^^^^
    |
help: first cast to a pointer `as *const ()`
    |
478 |         ("exists", method_exists as *const () as usize, true),
    |                                  ++++++++++++

warning: direct cast of function item into an integer
   --> projects/mamba/src/runtime/stdlib/pathlib_mod.rs:479:36
    |
479 |         ("is_file", method_is_file as usize, true),
    |                                    ^^^^^^^^
    |
help: first cast to a pointer `as *const ()`
    |
479 |         ("is_file", method_is_file as *const () as usize, true),
    |                                    ++++++++++++

warning: direct cast of function item into an integer
   --> projects/mamba/src/runtime/stdlib/pathlib_mod.rs:480:34
    |
480 |         ("is_dir", method_is_dir as usize, true),
    |                                  ^^^^^^^^
    |
help: first cast to a pointer `as *const ()`
    |
480 |         ("is_dir", method_is_dir as *const () as usize, true),
    |                                  ++++++++++++

warning: direct cast of function item into an integer
   --> projects/mamba/src/runtime/stdlib/pathlib_mod.rs:481:36
    |
481 |         ("iterdir", method_iterdir as usize, true),
    |                                    ^^^^^^^^
    |
help: first cast to a pointer `as *const ()`
    |
481 |         ("iterdir", method_iterdir as *const () as usize, true),
    |                                    ++++++++++++

warning: direct cast of function item into an integer
   --> projects/mamba/src/runtime/stdlib/pathlib_mod.rs:482:32
    |
482 |         ("mkdir", method_mkdir as usize, true),
    |                                ^^^^^^^^
    |
help: first cast to a pointer `as *const ()`
    |
482 |         ("mkdir", method_mkdir as *const () as usize, true),
    |                                ++++++++++++

warning: direct cast of function item into an integer
   --> projects/mamba/src/runtime/stdlib/pathlib_mod.rs:483:32
    |
483 |         ("rmdir", method_rmdir as usize, true),
    |                                ^^^^^^^^
    |
help: first cast to a pointer `as *const ()`
    |
483 |         ("rmdir", method_rmdir as *const () as usize, true),
    |                                ++++++++++++

warning: direct cast of function item into an integer
   --> projects/mamba/src/runtime/stdlib/pathlib_mod.rs:484:34
    |
484 |         ("unlink", method_unlink as usize, true),
    |                                  ^^^^^^^^
    |
help: first cast to a pointer `as *const ()`
    |
484 |         ("unlink", method_unlink as *const () as usize, true),
    |                                  ++++++++++++

warning: direct cast of function item into an integer
   --> projects/mamba/src/runtime/stdlib/pathlib_mod.rs:485:40
    |
485 |         ("read_text", method_read_text as usize, true),
    |                                        ^^^^^^^^
    |
help: first cast to a pointer `as *const ()`
    |
485 |         ("read_text", method_read_text as *const () as usize, true),
    |                                        ++++++++++++

warning: direct cast of function item into an integer
   --> projects/mamba/src/runtime/stdlib/pathlib_mod.rs:486:42
    |
486 |         ("write_text", method_write_text as usize, true),
    |                                          ^^^^^^^^
    |
help: first cast to a pointer `as *const ()`
    |
486 |         ("write_text", method_write_text as *const () as usize, true),
    |                                          ++++++++++++

warning: direct cast of function item into an integer
   --> projects/mamba/src/runtime/stdlib/pathlib_mod.rs:487:32
    |
487 |         ("touch", method_touch as usize, true),
    |                                ^^^^^^^^
    |
help: first cast to a pointer `as *const ()`
    |
487 |         ("touch", method_touch as *const () as usize, true),
    |                                ++++++++++++

warning: direct cast of function item into an integer
   --> projects/mamba/src/runtime/stdlib/pathlib_mod.rs:488:36
    |
488 |         ("resolve", method_resolve as usize, true),
    |                                    ^^^^^^^^
    |
help: first cast to a pointer `as *const ()`
    |
488 |         ("resolve", method_resolve as *const () as usize, true),
    |                                    ++++++++++++

warning: direct cast of function item into an integer
   --> projects/mamba/src/runtime/stdlib/pathlib_mod.rs:489:30
    |
489 |         ("glob", method_glob as usize, true),
    |                              ^^^^^^^^
    |
help: first cast to a pointer `as *const ()`
    |
489 |         ("glob", method_glob as *const () as usize, true),
    |                              ++++++++++++

warning: direct cast of function item into an integer
   --> projects/mamba/src/runtime/stdlib/pathlib_mod.rs:490:30
    |
490 |         ("stat", method_stat as usize, true),
    |                              ^^^^^^^^
    |
help: first cast to a pointer `as *const ()`
    |
490 |         ("stat", method_stat as *const () as usize, true),
    |                              ++++++++++++

warning: direct cast of function item into an integer
   --> projects/mamba/src/runtime/stdlib/pathlib_mod.rs:492:30
    |
492 |         ("home", method_home as usize, true),
    |                              ^^^^^^^^
    |
help: first cast to a pointer `as *const ()`
    |
492 |         ("home", method_home as *const () as usize, true),
    |                              ++++++++++++

warning: direct cast of function item into an integer
   --> projects/mamba/src/runtime/stdlib/pathlib_mod.rs:493:28
    |
493 |         ("cwd", method_cwd as usize, true),
    |                            ^^^^^^^^
    |
help: first cast to a pointer `as *const ()`
    |
493 |         ("cwd", method_cwd as *const () as usize, true),
    |                            ++++++++++++

warning: direct cast of function item into an integer
   --> projects/mamba/src/runtime/stdlib/pathlib_mod.rs:495:32
    |
495 |         ("__str__", method_str as usize, false),
    |                                ^^^^^^^^
    |
help: first cast to a pointer `as *const ()`
    |
495 |         ("__str__", method_str as *const () as usize, false),
    |                                ++++++++++++

warning: direct cast of function item into an integer
   --> projects/mamba/src/runtime/stdlib/pathlib_mod.rs:496:34
    |
496 |         ("__repr__", method_repr as usize, false),
    |                                  ^^^^^^^^
    |
help: first cast to a pointer `as *const ()`
    |
496 |         ("__repr__", method_repr as *const () as usize, false),
    |                                  ++++++++++++

warning: direct cast of function item into an integer
   --> projects/mamba/src/runtime/stdlib/pathlib_mod.rs:497:38
    |
497 |         ("__fspath__", method_fspath as usize, false),
    |                                      ^^^^^^^^
    |
help: first cast to a pointer `as *const ()`
    |
497 |         ("__fspath__", method_fspath as *const () as usize, false),
    |                                      ++++++++++++

warning: direct cast of function item into an integer
   --> projects/mamba/src/runtime/stdlib/pathlib_mod.rs:498:36
    |
498 |         ("__bytes__", method_bytes as usize, false),
    |                                    ^^^^^^^^
    |
help: first cast to a pointer `as *const ()`
    |
498 |         ("__bytes__", method_bytes as *const () as usize, false),
    |                                    ++++++++++++

warning: direct cast of function item into an integer
   --> projects/mamba/src/runtime/stdlib/pathlib_mod.rs:499:34
    |
499 |         ("__hash__", method_hash as usize, false),
    |                                  ^^^^^^^^
    |
help: first cast to a pointer `as *const ()`
    |
499 |         ("__hash__", method_hash as *const () as usize, false),
    |                                  ++++++++++++

warning: direct cast of function item into an integer
   --> projects/mamba/src/runtime/stdlib/pathlib_mod.rs:500:30
    |
500 |         ("__eq__", dunder_eq as usize, false),
    |                              ^^^^^^^^
    |
help: first cast to a pointer `as *const ()`
    |
500 |         ("__eq__", dunder_eq as *const () as usize, false),
    |                              ++++++++++++

warning: direct cast of function item into an integer
   --> projects/mamba/src/runtime/stdlib/pathlib_mod.rs:501:30
    |
501 |         ("__ne__", dunder_ne as usize, false),
    |                              ^^^^^^^^
    |
help: first cast to a pointer `as *const ()`
    |
501 |         ("__ne__", dunder_ne as *const () as usize, false),
    |                              ++++++++++++

warning: direct cast of function item into an integer
   --> projects/mamba/src/runtime/stdlib/pathlib_mod.rs:502:30
    |
502 |         ("__lt__", dunder_lt as usize, false),
    |                              ^^^^^^^^
    |
help: first cast to a pointer `as *const ()`
    |
502 |         ("__lt__", dunder_lt as *const () as usize, false),
    |                              ++++++++++++

warning: direct cast of function item into an integer
   --> projects/mamba/src/runtime/stdlib/pathlib_mod.rs:503:30
    |
503 |         ("__le__", dunder_le as usize, false),
    |                              ^^^^^^^^
    |
help: first cast to a pointer `as *const ()`
    |
503 |         ("__le__", dunder_le as *const () as usize, false),
    |                              ++++++++++++

warning: direct cast of function item into an integer
   --> projects/mamba/src/runtime/stdlib/pathlib_mod.rs:504:30
    |
504 |         ("__gt__", dunder_gt as usize, false),
    |                              ^^^^^^^^
    |
help: first cast to a pointer `as *const ()`
    |
504 |         ("__gt__", dunder_gt as *const () as usize, false),
    |                              ++++++++++++

warning: direct cast of function item into an integer
   --> projects/mamba/src/runtime/stdlib/pathlib_mod.rs:505:30
    |
505 |         ("__ge__", dunder_ge as usize, false),
    |                              ^^^^^^^^
    |
help: first cast to a pointer `as *const ()`
    |
505 |         ("__ge__", dunder_ge as *const () as usize, false),
    |                              ++++++++++++

warning: direct cast of function item into an integer
   --> projects/mamba/src/runtime/stdlib/pathlib_mod.rs:506:40
    |
506 |         ("__truediv__", dunder_truediv as usize, false),
    |                                        ^^^^^^^^
    |
help: first cast to a pointer `as *const ()`
    |
506 |         ("__truediv__", dunder_truediv as *const () as usize, false),
    |                                        ++++++++++++

warning: direct cast of function item into an integer
   --> projects/mamba/src/runtime/stdlib/pathlib_mod.rs:507:42
    |
507 |         ("__rtruediv__", dunder_rtruediv as usize, false),
    |                                          ^^^^^^^^
    |
help: first cast to a pointer `as *const ()`
    |
507 |         ("__rtruediv__", dunder_rtruediv as *const () as usize, false),
    |                                          ++++++++++++

warning: direct cast of function item into an integer
   --> projects/mamba/src/runtime/stdlib/pathlib_mod.rs:509:38
    |
509 |         ("__reduce__", method_reduce as usize, true),
    |                                      ^^^^^^^^
    |
help: first cast to a pointer `as *const ()`
    |
509 |         ("__reduce__", method_reduce as *const () as usize, true),
    |                                      ++++++++++++

warning: direct cast of function item into an integer
   --> projects/mamba/src/runtime/stdlib/pathlib_mod.rs:510:34
    |
510 |         ("__init__", method_init as usize, true),
    |                                  ^^^^^^^^
    |
help: first cast to a pointer `as *const ()`
    |
510 |         ("__init__", method_init as *const () as usize, true),
    |                                  ++++++++++++

warning: direct cast of function item into an integer
    --> projects/mamba/src/runtime/stdlib/random_mod.rs:1737:36
     |
1737 |         ("random", dispatch_random as usize),
     |                                    ^^^^^^^^
     |
help: first cast to a pointer `as *const ()`
     |
1737 |         ("random", dispatch_random as *const () as usize),
     |                                    ++++++++++++

warning: direct cast of function item into an integer
    --> projects/mamba/src/runtime/stdlib/random_mod.rs:1738:32
     |
1738 |         ("seed", dispatch_seed as usize),
     |                                ^^^^^^^^
     |
help: first cast to a pointer `as *const ()`
     |
1738 |         ("seed", dispatch_seed as *const () as usize),
     |                                ++++++++++++

warning: direct cast of function item into an integer
    --> projects/mamba/src/runtime/stdlib/random_mod.rs:1739:38
     |
1739 |         ("randint", dispatch_randint as usize),
     |                                      ^^^^^^^^
     |
help: first cast to a pointer `as *const ()`
     |
1739 |         ("randint", dispatch_randint as *const () as usize),
     |                                      ++++++++++++

warning: direct cast of function item into an integer
    --> projects/mamba/src/runtime/stdlib/random_mod.rs:1740:42
     |
1740 |         ("randrange", dispatch_randrange as usize),
     |                                          ^^^^^^^^
     |
help: first cast to a pointer `as *const ()`
     |
1740 |         ("randrange", dispatch_randrange as *const () as usize),
     |                                          ++++++++++++

warning: direct cast of function item into an integer
    --> projects/mamba/src/runtime/stdlib/random_mod.rs:1741:38
     |
1741 |         ("uniform", dispatch_uniform as usize),
     |                                      ^^^^^^^^
     |
help: first cast to a pointer `as *const ()`
     |
1741 |         ("uniform", dispatch_uniform as *const () as usize),
     |                                      ++++++++++++

warning: direct cast of function item into an integer
    --> projects/mamba/src/runtime/stdlib/random_mod.rs:1742:44
     |
1742 |         ("triangular", dispatch_triangular as usize),
     |                                            ^^^^^^^^
     |
help: first cast to a pointer `as *const ()`
     |
1742 |         ("triangular", dispatch_triangular as *const () as usize),
     |                                            ++++++++++++

warning: direct cast of function item into an integer
    --> projects/mamba/src/runtime/stdlib/random_mod.rs:1743:36
     |
1743 |         ("choice", dispatch_choice as usize),
     |                                    ^^^^^^^^
     |
help: first cast to a pointer `as *const ()`
     |
1743 |         ("choice", dispatch_choice as *const () as usize),
     |                                    ++++++++++++

warning: direct cast of function item into an integer
    --> projects/mamba/src/runtime/stdlib/random_mod.rs:1744:38
     |
1744 |         ("shuffle", dispatch_shuffle as usize),
     |                                      ^^^^^^^^
     |
help: first cast to a pointer `as *const ()`
     |
1744 |         ("shuffle", dispatch_shuffle as *const () as usize),
     |                                      ++++++++++++

warning: direct cast of function item into an integer
    --> projects/mamba/src/runtime/stdlib/random_mod.rs:1745:36
     |
1745 |         ("sample", dispatch_sample as usize),
     |                                    ^^^^^^^^
     |
help: first cast to a pointer `as *const ()`
     |
1745 |         ("sample", dispatch_sample as *const () as usize),
     |                                    ++++++++++++

warning: direct cast of function item into an integer
    --> projects/mamba/src/runtime/stdlib/random_mod.rs:1746:38
     |
1746 |         ("choices", dispatch_choices as usize),
     |                                      ^^^^^^^^
     |
help: first cast to a pointer `as *const ()`
     |
1746 |         ("choices", dispatch_choices as *const () as usize),
     |                                      ++++++++++++

warning: direct cast of function item into an integer
    --> projects/mamba/src/runtime/stdlib/random_mod.rs:1747:34
     |
1747 |         ("gauss", dispatch_gauss as usize),
     |                                  ^^^^^^^^
     |
help: first cast to a pointer `as *const ()`
     |
1747 |         ("gauss", dispatch_gauss as *const () as usize),
     |                                  ++++++++++++

warning: direct cast of function item into an integer
    --> projects/mamba/src/runtime/stdlib/random_mod.rs:1748:50
     |
1748 |         ("normalvariate", dispatch_normalvariate as usize),
     |                                                  ^^^^^^^^
     |
help: first cast to a pointer `as *const ()`
     |
1748 |         ("normalvariate", dispatch_normalvariate as *const () as usize),
     |                                                  ++++++++++++

warning: direct cast of function item into an integer
    --> projects/mamba/src/runtime/stdlib/random_mod.rs:1749:46
     |
1749 |         ("expovariate", dispatch_expovariate as usize),
     |                                              ^^^^^^^^
     |
help: first cast to a pointer `as *const ()`
     |
1749 |         ("expovariate", dispatch_expovariate as *const () as usize),
     |                                              ++++++++++++

warning: direct cast of function item into an integer
    --> projects/mamba/src/runtime/stdlib/random_mod.rs:1750:52
     |
1750 |         ("lognormvariate", dispatch_lognormvariate as usize),
     |                                                    ^^^^^^^^
     |
help: first cast to a pointer `as *const ()`
     |
1750 |         ("lognormvariate", dispatch_lognormvariate as *const () as usize),
     |                                                    ++++++++++++

warning: direct cast of function item into an integer
    --> projects/mamba/src/runtime/stdlib/random_mod.rs:1751:54
     |
1751 |         ("vonmisesvariate", dispatch_vonmisesvariate as usize),
     |                                                      ^^^^^^^^
     |
help: first cast to a pointer `as *const ()`
     |
1751 |         ("vonmisesvariate", dispatch_vonmisesvariate as *const () as usize),
     |                                                      ++++++++++++

warning: direct cast of function item into an integer
    --> projects/mamba/src/runtime/stdlib/random_mod.rs:1752:48
     |
1752 |         ("gammavariate", dispatch_gammavariate as usize),
     |                                                ^^^^^^^^
     |
help: first cast to a pointer `as *const ()`
     |
1752 |         ("gammavariate", dispatch_gammavariate as *const () as usize),
     |                                                ++++++++++++

warning: direct cast of function item into an integer
    --> projects/mamba/src/runtime/stdlib/random_mod.rs:1753:46
     |
1753 |         ("betavariate", dispatch_betavariate as usize),
     |                                              ^^^^^^^^
     |
help: first cast to a pointer `as *const ()`
     |
1753 |         ("betavariate", dispatch_betavariate as *const () as usize),
     |                                              ++++++++++++

warning: direct cast of function item into an integer
    --> projects/mamba/src/runtime/stdlib/random_mod.rs:1754:54
     |
1754 |         ("binomialvariate", dispatch_binomialvariate as usize),
     |                                                      ^^^^^^^^
     |
help: first cast to a pointer `as *const ()`
     |
1754 |         ("binomialvariate", dispatch_binomialvariate as *const () as usize),
     |                                                      ++++++++++++

warning: direct cast of function item into an integer
    --> projects/mamba/src/runtime/stdlib/random_mod.rs:1755:50
     |
1755 |         ("paretovariate", dispatch_paretovariate as usize),
     |                                                  ^^^^^^^^
     |
help: first cast to a pointer `as *const ()`
     |
1755 |         ("paretovariate", dispatch_paretovariate as *const () as usize),
     |                                                  ++++++++++++

warning: direct cast of function item into an integer
    --> projects/mamba/src/runtime/stdlib/random_mod.rs:1756:52
     |
1756 |         ("weibullvariate", dispatch_weibullvariate as usize),
     |                                                    ^^^^^^^^
     |
help: first cast to a pointer `as *const ()`
     |
1756 |         ("weibullvariate", dispatch_weibullvariate as *const () as usize),
     |                                                    ++++++++++++

warning: direct cast of function item into an integer
    --> projects/mamba/src/runtime/stdlib/random_mod.rs:1757:46
     |
1757 |         ("getrandbits", dispatch_getrandbits as usize),
     |                                              ^^^^^^^^
     |
help: first cast to a pointer `as *const ()`
     |
1757 |         ("getrandbits", dispatch_getrandbits as *const () as usize),
     |                                              ++++++++++++

warning: direct cast of function item into an integer
    --> projects/mamba/src/runtime/stdlib/random_mod.rs:1758:42
     |
1758 |         ("randbytes", dispatch_randbytes as usize),
     |                                          ^^^^^^^^
     |
help: first cast to a pointer `as *const ()`
     |
1758 |         ("randbytes", dispatch_randbytes as *const () as usize),
     |                                          ++++++++++++

warning: direct cast of function item into an integer
    --> projects/mamba/src/runtime/stdlib/random_mod.rs:1759:40
     |
1759 |         ("getstate", dispatch_getstate as usize),
     |                                        ^^^^^^^^
     |
help: first cast to a pointer `as *const ()`
     |
1759 |         ("getstate", dispatch_getstate as *const () as usize),
     |                                        ++++++++++++

warning: direct cast of function item into an integer
    --> projects/mamba/src/runtime/stdlib/random_mod.rs:1760:40
     |
1760 |         ("setstate", dispatch_setstate as usize),
     |                                        ^^^^^^^^
     |
help: first cast to a pointer `as *const ()`
     |
1760 |         ("setstate", dispatch_setstate as *const () as usize),
     |                                        ++++++++++++

warning: direct cast of function item into an integer
    --> projects/mamba/src/runtime/stdlib/random_mod.rs:1761:36
     |
1761 |         ("Random", dispatch_Random as usize),
     |                                    ^^^^^^^^
     |
help: first cast to a pointer `as *const ()`
     |
1761 |         ("Random", dispatch_Random as *const () as usize),
     |                                    ++++++++++++

warning: direct cast of function item into an integer
    --> projects/mamba/src/runtime/stdlib/random_mod.rs:1762:48
     |
1762 |         ("SystemRandom", dispatch_SystemRandom as usize),
     |                                                ^^^^^^^^
     |
help: first cast to a pointer `as *const ()`
     |
1762 |         ("SystemRandom", dispatch_SystemRandom as *const () as usize),
     |                                                ++++++++++++

warning: direct cast of function item into an integer
    --> projects/mamba/src/runtime/stdlib/random_mod.rs:1777:36
     |
1777 |         ("Random", dispatch_Random as usize),
     |                                    ^^^^^^^^
     |
help: first cast to a pointer `as *const ()`
     |
1777 |         ("Random", dispatch_Random as *const () as usize),
     |                                    ++++++++++++

warning: direct cast of function item into an integer
    --> projects/mamba/src/runtime/stdlib/random_mod.rs:1778:48
     |
1778 |         ("SystemRandom", dispatch_SystemRandom as usize),
     |                                                ^^^^^^^^
     |
help: first cast to a pointer `as *const ()`
     |
1778 |         ("SystemRandom", dispatch_SystemRandom as *const () as usize),
     |                                                ++++++++++++

warning: direct cast of function item into an integer
    --> projects/mamba/src/runtime/stdlib/random_mod.rs:1813:73
     |
1813 |                 "shuffle" => MbValue::from_func(random_instance_shuffle as usize),
     |                                                                         ^^^^^^^^
     |
help: first cast to a pointer `as *const ()`
     |
1813 |                 "shuffle" => MbValue::from_func(random_instance_shuffle as *const () as usize),
     |                                                                         ++++++++++++

warning: direct cast of function item into an integer
    --> projects/mamba/src/runtime/stdlib/random_mod.rs:1814:71
     |
1814 |                 "sample" => MbValue::from_func(random_instance_sample as usize),
     |                                                                       ^^^^^^^^
     |
help: first cast to a pointer `as *const ()`
     |
1814 |                 "sample" => MbValue::from_func(random_instance_sample as *const () as usize),
     |                                                                       ++++++++++++

warning: direct cast of function item into an integer
   --> projects/mamba/src/runtime/stdlib/shutil_mod.rs:360:32
    |
360 |         ("copy", dispatch_copy as usize),
    |                                ^^^^^^^^
    |
help: first cast to a pointer `as *const ()`
    |
360 |         ("copy", dispatch_copy as *const () as usize),
    |                                ++++++++++++

warning: direct cast of function item into an integer
   --> projects/mamba/src/runtime/stdlib/shutil_mod.rs:361:34
    |
361 |         ("copy2", dispatch_copy2 as usize),
    |                                  ^^^^^^^^
    |
help: first cast to a pointer `as *const ()`
    |
361 |         ("copy2", dispatch_copy2 as *const () as usize),
    |                                  ++++++++++++

warning: direct cast of function item into an integer
   --> projects/mamba/src/runtime/stdlib/shutil_mod.rs:362:40
    |
362 |         ("copyfile", dispatch_copyfile as usize),
    |                                        ^^^^^^^^
    |
help: first cast to a pointer `as *const ()`
    |
362 |         ("copyfile", dispatch_copyfile as *const () as usize),
    |                                        ++++++++++++

warning: direct cast of function item into an integer
   --> projects/mamba/src/runtime/stdlib/shutil_mod.rs:363:46
    |
363 |         ("copyfileobj", dispatch_copyfileobj as usize),
    |                                              ^^^^^^^^
    |
help: first cast to a pointer `as *const ()`
    |
363 |         ("copyfileobj", dispatch_copyfileobj as *const () as usize),
    |                                              ++++++++++++

warning: direct cast of function item into an integer
   --> projects/mamba/src/runtime/stdlib/shutil_mod.rs:364:40
    |
364 |         ("copymode", dispatch_copymode as usize),
    |                                        ^^^^^^^^
    |
help: first cast to a pointer `as *const ()`
    |
364 |         ("copymode", dispatch_copymode as *const () as usize),
    |                                        ++++++++++++

warning: direct cast of function item into an integer
   --> projects/mamba/src/runtime/stdlib/shutil_mod.rs:365:40
    |
365 |         ("copystat", dispatch_copystat as usize),
    |                                        ^^^^^^^^
    |
help: first cast to a pointer `as *const ()`
    |
365 |         ("copystat", dispatch_copystat as *const () as usize),
    |                                        ++++++++++++

warning: direct cast of function item into an integer
   --> projects/mamba/src/runtime/stdlib/shutil_mod.rs:366:40
    |
366 |         ("copytree", dispatch_copytree as usize),
    |                                        ^^^^^^^^
    |
help: first cast to a pointer `as *const ()`
    |
366 |         ("copytree", dispatch_copytree as *const () as usize),
    |                                        ++++++++++++

warning: direct cast of function item into an integer
   --> projects/mamba/src/runtime/stdlib/shutil_mod.rs:367:36
    |
367 |         ("rmtree", dispatch_rmtree as usize),
    |                                    ^^^^^^^^
    |
help: first cast to a pointer `as *const ()`
    |
367 |         ("rmtree", dispatch_rmtree as *const () as usize),
    |                                    ++++++++++++

warning: direct cast of function item into an integer
   --> projects/mamba/src/runtime/stdlib/shutil_mod.rs:368:32
    |
368 |         ("move", dispatch_move as usize),
    |                                ^^^^^^^^
    |
help: first cast to a pointer `as *const ()`
    |
368 |         ("move", dispatch_move as *const () as usize),
    |                                ++++++++++++

warning: direct cast of function item into an integer
   --> projects/mamba/src/runtime/stdlib/shutil_mod.rs:369:34
    |
369 |         ("which", dispatch_which as usize),
    |                                  ^^^^^^^^
    |
help: first cast to a pointer `as *const ()`
    |
369 |         ("which", dispatch_which as *const () as usize),
    |                                  ++++++++++++

warning: direct cast of function item into an integer
   --> projects/mamba/src/runtime/stdlib/shutil_mod.rs:370:44
    |
370 |         ("disk_usage", dispatch_disk_usage as usize),
    |                                            ^^^^^^^^
    |
help: first cast to a pointer `as *const ()`
    |
370 |         ("disk_usage", dispatch_disk_usage as *const () as usize),
    |                                            ++++++++++++

warning: direct cast of function item into an integer
   --> projects/mamba/src/runtime/stdlib/shutil_mod.rs:371:58
    |
371 |         ("get_terminal_size", dispatch_get_terminal_size as usize),
    |                                                          ^^^^^^^^
    |
help: first cast to a pointer `as *const ()`
    |
371 |         ("get_terminal_size", dispatch_get_terminal_size as *const () as usize),
    |                                                          ++++++++++++

warning: direct cast of function item into an integer
   --> projects/mamba/src/runtime/stdlib/shutil_mod.rs:372:62
    |
372 |         ("get_archive_formats", dispatch_get_archive_formats as usize),
    |                                                              ^^^^^^^^
    |
help: first cast to a pointer `as *const ()`
    |
372 |         ("get_archive_formats", dispatch_get_archive_formats as *const () as usize),
    |                                                              ++++++++++++

warning: direct cast of function item into an integer
   --> projects/mamba/src/runtime/stdlib/shutil_mod.rs:373:60
    |
373 |         ("get_unpack_formats", dispatch_get_unpack_formats as usize),
    |                                                            ^^^^^^^^
    |
help: first cast to a pointer `as *const ()`
    |
373 |         ("get_unpack_formats", dispatch_get_unpack_formats as *const () as usize),
    |                                                            ++++++++++++

warning: direct cast of function item into an integer
   --> projects/mamba/src/runtime/stdlib/shutil_mod.rs:374:34
    |
374 |         ("chown", dispatch_chown as usize),
    |                                  ^^^^^^^^
    |
help: first cast to a pointer `as *const ()`
    |
374 |         ("chown", dispatch_chown as *const () as usize),
    |                                  ++++++++++++

warning: direct cast of function item into an integer
   --> projects/mamba/src/runtime/stdlib/shutil_mod.rs:375:54
    |
375 |         ("ignore_patterns", dispatch_ignore_patterns as usize),
    |                                                      ^^^^^^^^
    |
help: first cast to a pointer `as *const ()`
    |
375 |         ("ignore_patterns", dispatch_ignore_patterns as *const () as usize),
    |                                                      ++++++++++++

warning: direct cast of function item into an integer
   --> projects/mamba/src/runtime/stdlib/shutil_mod.rs:376:48
    |
376 |         ("make_archive", dispatch_make_archive as usize),
    |                                                ^^^^^^^^
    |
help: first cast to a pointer `as *const ()`
    |
376 |         ("make_archive", dispatch_make_archive as *const () as usize),
    |                                                ++++++++++++

warning: direct cast of function item into an integer
   --> projects/mamba/src/runtime/stdlib/shutil_mod.rs:377:52
    |
377 |         ("unpack_archive", dispatch_unpack_archive as usize),
    |                                                    ^^^^^^^^
    |
help: first cast to a pointer `as *const ()`
    |
377 |         ("unpack_archive", dispatch_unpack_archive as *const () as usize),
    |                                                    ++++++++++++

warning: direct cast of function item into an integer
   --> projects/mamba/src/runtime/stdlib/shutil_mod.rs:380:46
    |
380 |             dispatch_register_archive_format as usize,
    |                                              ^^^^^^^^
    |
help: first cast to a pointer `as *const ()`
    |
380 |             dispatch_register_archive_format as *const () as usize,
    |                                              ++++++++++++

warning: direct cast of function item into an integer
   --> projects/mamba/src/runtime/stdlib/shutil_mod.rs:384:45
    |
384 |             dispatch_register_unpack_format as usize,
    |                                             ^^^^^^^^
    |
help: first cast to a pointer `as *const ()`
    |
384 |             dispatch_register_unpack_format as *const () as usize,
    |                                             ++++++++++++

warning: direct cast of function item into an integer
   --> projects/mamba/src/runtime/stdlib/shutil_mod.rs:388:48
    |
388 |             dispatch_unregister_archive_format as usize,
    |                                                ^^^^^^^^
    |
help: first cast to a pointer `as *const ()`
    |
388 |             dispatch_unregister_archive_format as *const () as usize,
    |                                                ++++++++++++

warning: direct cast of function item into an integer
   --> projects/mamba/src/runtime/stdlib/shutil_mod.rs:392:47
    |
392 |             dispatch_unregister_unpack_format as usize,
    |                                               ^^^^^^^^
    |
help: first cast to a pointer `as *const ()`
    |
392 |             dispatch_unregister_unpack_format as *const () as usize,
    |                                               ++++++++++++

warning: direct cast of function item into an integer
   --> projects/mamba/src/runtime/stdlib/struct_mod.rs:225:32
    |
225 |         ("pack", dispatch_pack as usize),
    |                                ^^^^^^^^
    |
help: first cast to a pointer `as *const ()`
    |
225 |         ("pack", dispatch_pack as *const () as usize),
    |                                ++++++++++++

warning: direct cast of function item into an integer
   --> projects/mamba/src/runtime/stdlib/struct_mod.rs:226:36
    |
226 |         ("unpack", dispatch_unpack as usize),
    |                                    ^^^^^^^^
    |
help: first cast to a pointer `as *const ()`
    |
226 |         ("unpack", dispatch_unpack as *const () as usize),
    |                                    ++++++++++++

warning: direct cast of function item into an integer
   --> projects/mamba/src/runtime/stdlib/struct_mod.rs:227:40
    |
227 |         ("calcsize", dispatch_calcsize as usize),
    |                                        ^^^^^^^^
    |
help: first cast to a pointer `as *const ()`
    |
227 |         ("calcsize", dispatch_calcsize as *const () as usize),
    |                                        ++++++++++++

warning: direct cast of function item into an integer
   --> projects/mamba/src/runtime/stdlib/struct_mod.rs:228:36
    |
228 |         ("Struct", dispatch_struct as usize),
    |                                    ^^^^^^^^
    |
help: first cast to a pointer `as *const ()`
    |
228 |         ("Struct", dispatch_struct as *const () as usize),
    |                                    ++++++++++++

warning: direct cast of function item into an integer
   --> projects/mamba/src/runtime/stdlib/struct_mod.rs:229:46
    |
229 |         ("iter_unpack", dispatch_iter_unpack as usize),
    |                                              ^^^^^^^^
    |
help: first cast to a pointer `as *const ()`
    |
229 |         ("iter_unpack", dispatch_iter_unpack as *const () as usize),
    |                                              ++++++++++++

warning: direct cast of function item into an integer
   --> projects/mamba/src/runtime/stdlib/struct_mod.rs:230:42
    |
230 |         ("pack_into", dispatch_pack_into as usize),
    |                                          ^^^^^^^^
    |
help: first cast to a pointer `as *const ()`
    |
230 |         ("pack_into", dispatch_pack_into as *const () as usize),
    |                                          ++++++++++++

warning: direct cast of function item into an integer
   --> projects/mamba/src/runtime/stdlib/struct_mod.rs:231:46
    |
231 |         ("unpack_from", dispatch_unpack_from as usize),
    |                                              ^^^^^^^^
    |
help: first cast to a pointer `as *const ()`
    |
231 |         ("unpack_from", dispatch_unpack_from as *const () as usize),
    |                                              ++++++++++++

warning: direct cast of function item into an integer
   --> projects/mamba/src/runtime/stdlib/struct_mod.rs:244:52
    |
244 |         s.borrow_mut().insert(dispatch_struct_init as usize as u64);
    |                                                    ^^^^^^^^
    |
help: first cast to a pointer `as *const ()`
    |
244 |         s.borrow_mut().insert(dispatch_struct_init as *const () as usize as u64);
    |                                                    ++++++++++++

warning: direct cast of function item into an integer
   --> projects/mamba/src/runtime/stdlib/struct_mod.rs:257:52
    |
257 |             MbValue::from_func(mb_struct_init_sysv as usize),
    |                                                    ^^^^^^^^
    |
help: first cast to a pointer `as *const ()`
    |
257 |             MbValue::from_func(mb_struct_init_sysv as *const () as usize),
    |                                                    ++++++++++++

warning: direct cast of function item into an integer
    --> projects/mamba/src/runtime/stdlib/struct_mod.rs:1253:36
     |
1253 |         bound_method(dispatch_pack as usize, vec![fmt_for()]),
     |                                    ^^^^^^^^
     |
help: first cast to a pointer `as *const ()`
     |
1253 |         bound_method(dispatch_pack as *const () as usize, vec![fmt_for()]),
     |                                    ++++++++++++

warning: direct cast of function item into an integer
    --> projects/mamba/src/runtime/stdlib/struct_mod.rs:1257:38
     |
1257 |         bound_method(dispatch_unpack as usize, vec![fmt_for()]),
     |                                      ^^^^^^^^
     |
help: first cast to a pointer `as *const ()`
     |
1257 |         bound_method(dispatch_unpack as *const () as usize, vec![fmt_for()]),
     |                                      ++++++++++++

warning: direct cast of function item into an integer
    --> projects/mamba/src/runtime/stdlib/struct_mod.rs:1261:41
     |
1261 |         bound_method(dispatch_pack_into as usize, vec![fmt_for()]),
     |                                         ^^^^^^^^
     |
help: first cast to a pointer `as *const ()`
     |
1261 |         bound_method(dispatch_pack_into as *const () as usize, vec![fmt_for()]),
     |                                         ++++++++++++

warning: direct cast of function item into an integer
    --> projects/mamba/src/runtime/stdlib/struct_mod.rs:1265:43
     |
1265 |         bound_method(dispatch_unpack_from as usize, vec![fmt_for()]),
     |                                           ^^^^^^^^
     |
help: first cast to a pointer `as *const ()`
     |
1265 |         bound_method(dispatch_unpack_from as *const () as usize, vec![fmt_for()]),
     |                                           ++++++++++++

warning: direct cast of function item into an integer
    --> projects/mamba/src/runtime/stdlib/struct_mod.rs:1269:43
     |
1269 |         bound_method(dispatch_iter_unpack as usize, vec![fmt_for()]),
     |                                           ^^^^^^^^
     |
help: first cast to a pointer `as *const ()`
     |
1269 |         bound_method(dispatch_iter_unpack as *const () as usize, vec![fmt_for()]),
     |                                           ++++++++++++

warning: direct cast of function item into an integer
    --> projects/mamba/src/runtime/stdlib/struct_mod.rs:1318:62
     |
1318 |                 let init = bound_method(dispatch_struct_init as usize, vec![this]);
     |                                                              ^^^^^^^^
     |
help: first cast to a pointer `as *const ()`
     |
1318 |                 let init = bound_method(dispatch_struct_init as *const () as usize, vec![this]);
     |                                                              ++++++++++++

warning: direct cast of function item into an integer
  --> projects/mamba/src/runtime/stdlib/tempfile_mod.rs:93:44
   |
93 |         ("gettempdir", dispatch_gettempdir as usize),
   |                                            ^^^^^^^^
   |
help: first cast to a pointer `as *const ()`
   |
93 |         ("gettempdir", dispatch_gettempdir as *const () as usize),
   |                                            ++++++++++++

warning: direct cast of function item into an integer
  --> projects/mamba/src/runtime/stdlib/tempfile_mod.rs:94:50
   |
94 |         ("gettempprefix", dispatch_gettempprefix as usize),
   |                                                  ^^^^^^^^
   |
help: first cast to a pointer `as *const ()`
   |
94 |         ("gettempprefix", dispatch_gettempprefix as *const () as usize),
   |                                                  ++++++++++++

warning: direct cast of function item into an integer
  --> projects/mamba/src/runtime/stdlib/tempfile_mod.rs:95:46
   |
95 |         ("gettempdirb", dispatch_gettempdirb as usize),
   |                                              ^^^^^^^^
   |
help: first cast to a pointer `as *const ()`
   |
95 |         ("gettempdirb", dispatch_gettempdirb as *const () as usize),
   |                                              ++++++++++++

warning: direct cast of function item into an integer
  --> projects/mamba/src/runtime/stdlib/tempfile_mod.rs:96:52
   |
96 |         ("gettempprefixb", dispatch_gettempprefixb as usize),
   |                                                    ^^^^^^^^
   |
help: first cast to a pointer `as *const ()`
   |
96 |         ("gettempprefixb", dispatch_gettempprefixb as *const () as usize),
   |                                                    ++++++++++++

warning: direct cast of function item into an integer
  --> projects/mamba/src/runtime/stdlib/tempfile_mod.rs:97:38
   |
97 |         ("mkdtemp", dispatch_mkdtemp as usize),
   |                                      ^^^^^^^^
   |
help: first cast to a pointer `as *const ()`
   |
97 |         ("mkdtemp", dispatch_mkdtemp as *const () as usize),
   |                                      ++++++++++++

warning: direct cast of function item into an integer
  --> projects/mamba/src/runtime/stdlib/tempfile_mod.rs:98:38
   |
98 |         ("mkstemp", dispatch_mkstemp as usize),
   |                                      ^^^^^^^^
   |
help: first cast to a pointer `as *const ()`
   |
98 |         ("mkstemp", dispatch_mkstemp as *const () as usize),
   |                                      ++++++++++++

warning: direct cast of function item into an integer
  --> projects/mamba/src/runtime/stdlib/tempfile_mod.rs:99:36
   |
99 |         ("mktemp", dispatch_mktemp as usize),
   |                                    ^^^^^^^^
   |
help: first cast to a pointer `as *const ()`
   |
99 |         ("mktemp", dispatch_mktemp as *const () as usize),
   |                                    ++++++++++++

warning: direct cast of function item into an integer
   --> projects/mamba/src/runtime/stdlib/tempfile_mod.rs:100:59
    |
100 |         ("_infer_return_type", dispatch_infer_return_type as usize),
    |                                                           ^^^^^^^^
    |
help: first cast to a pointer `as *const ()`
    |
100 |         ("_infer_return_type", dispatch_infer_return_type as *const () as usize),
    |                                                           ++++++++++++

warning: direct cast of function item into an integer
   --> projects/mamba/src/runtime/stdlib/tempfile_mod.rs:101:60
    |
101 |         ("NamedTemporaryFile", dispatch_NamedTemporaryFile as usize),
    |                                                            ^^^^^^^^
    |
help: first cast to a pointer `as *const ()`
    |
101 |         ("NamedTemporaryFile", dispatch_NamedTemporaryFile as *const () as usize),
    |                                                            ++++++++++++

warning: direct cast of function item into an integer
   --> projects/mamba/src/runtime/stdlib/tempfile_mod.rs:102:60
    |
102 |         ("TemporaryDirectory", dispatch_TemporaryDirectory as usize),
    |                                                            ^^^^^^^^
    |
help: first cast to a pointer `as *const ()`
    |
102 |         ("TemporaryDirectory", dispatch_TemporaryDirectory as *const () as usize),
    |                                                            ++++++++++++

warning: direct cast of function item into an integer
   --> projects/mamba/src/runtime/stdlib/tempfile_mod.rs:103:50
    |
103 |         ("TemporaryFile", dispatch_TemporaryFile as usize),
    |                                                  ^^^^^^^^
    |
help: first cast to a pointer `as *const ()`
    |
103 |         ("TemporaryFile", dispatch_TemporaryFile as *const () as usize),
    |                                                  ++++++++++++

warning: direct cast of function item into an integer
   --> projects/mamba/src/runtime/stdlib/tempfile_mod.rs:106:43
    |
106 |             dispatch_SpooledTemporaryFile as usize,
    |                                           ^^^^^^^^
    |
help: first cast to a pointer `as *const ()`
    |
106 |             dispatch_SpooledTemporaryFile as *const () as usize,
    |                                           ++++++++++++

warning: direct cast of function item into an integer
   --> projects/mamba/src/runtime/stdlib/tempfile_mod.rs:121:54
    |
121 |     let spooled_addr = dispatch_SpooledTemporaryFile as usize;
    |                                                      ^^^^^^^^
    |
help: first cast to a pointer `as *const ()`
    |
121 |     let spooled_addr = dispatch_SpooledTemporaryFile as *const () as usize;
    |                                                      ++++++++++++

warning: direct cast of function item into an integer
    --> projects/mamba/src/runtime/stdlib/weakref_mod.rs:1794:38
     |
1794 |         ("__contains__", ws_contains as usize),
     |                                      ^^^^^^^^
     |
help: first cast to a pointer `as *const ()`
     |
1794 |         ("__contains__", ws_contains as *const () as usize),
     |                                      ++++++++++++

warning: direct cast of function item into an integer
    --> projects/mamba/src/runtime/stdlib/weakref_mod.rs:1795:30
     |
1795 |         ("__iter__", ws_iter as usize),
     |                              ^^^^^^^^
     |
help: first cast to a pointer `as *const ()`
     |
1795 |         ("__iter__", ws_iter as *const () as usize),
     |                              ++++++++++++

warning: direct cast of function item into an integer
    --> projects/mamba/src/runtime/stdlib/weakref_mod.rs:1796:28
     |
1796 |         ("__len__", ws_len as usize),
     |                            ^^^^^^^^
     |
help: first cast to a pointer `as *const ()`
     |
1796 |         ("__len__", ws_len as *const () as usize),
     |                            ++++++++++++

warning: direct cast of function item into an integer
    --> projects/mamba/src/runtime/stdlib/weakref_mod.rs:1797:24
     |
1797 |         ("add", ws_add as usize),
     |                        ^^^^^^^^
     |
help: first cast to a pointer `as *const ()`
     |
1797 |         ("add", ws_add as *const () as usize),
     |                        ++++++++++++

warning: direct cast of function item into an integer
    --> projects/mamba/src/runtime/stdlib/weakref_mod.rs:1798:28
     |
1798 |         ("clear", ws_clear as usize),
     |                            ^^^^^^^^
     |
help: first cast to a pointer `as *const ()`
     |
1798 |         ("clear", ws_clear as *const () as usize),
     |                            ++++++++++++

warning: direct cast of function item into an integer
    --> projects/mamba/src/runtime/stdlib/weakref_mod.rs:1799:26
     |
1799 |         ("copy", ws_copy as usize),
     |                          ^^^^^^^^
     |
help: first cast to a pointer `as *const ()`
     |
1799 |         ("copy", ws_copy as *const () as usize),
     |                          ++++++++++++

warning: direct cast of function item into an integer
    --> projects/mamba/src/runtime/stdlib/weakref_mod.rs:1800:38
     |
1800 |         ("difference", ws_difference as usize),
     |                                      ^^^^^^^^
     |
help: first cast to a pointer `as *const ()`
     |
1800 |         ("difference", ws_difference as *const () as usize),
     |                                      ++++++++++++

warning: direct cast of function item into an integer
    --> projects/mamba/src/runtime/stdlib/weakref_mod.rs:1801:52
     |
1801 |         ("difference_update", ws_difference_update as usize),
     |                                                    ^^^^^^^^
     |
help: first cast to a pointer `as *const ()`
     |
1801 |         ("difference_update", ws_difference_update as *const () as usize),
     |                                                    ++++++++++++

warning: direct cast of function item into an integer
    --> projects/mamba/src/runtime/stdlib/weakref_mod.rs:1802:32
     |
1802 |         ("discard", ws_discard as usize),
     |                                ^^^^^^^^
     |
help: first cast to a pointer `as *const ()`
     |
1802 |         ("discard", ws_discard as *const () as usize),
     |                                ++++++++++++

warning: direct cast of function item into an integer
    --> projects/mamba/src/runtime/stdlib/weakref_mod.rs:1803:42
     |
1803 |         ("intersection", ws_intersection as usize),
     |                                          ^^^^^^^^
     |
help: first cast to a pointer `as *const ()`
     |
1803 |         ("intersection", ws_intersection as *const () as usize),
     |                                          ++++++++++++

warning: direct cast of function item into an integer
    --> projects/mamba/src/runtime/stdlib/weakref_mod.rs:1804:56
     |
1804 |         ("intersection_update", ws_intersection_update as usize),
     |                                                        ^^^^^^^^
     |
help: first cast to a pointer `as *const ()`
     |
1804 |         ("intersection_update", ws_intersection_update as *const () as usize),
     |                                                        ++++++++++++

warning: direct cast of function item into an integer
    --> projects/mamba/src/runtime/stdlib/weakref_mod.rs:1805:38
     |
1805 |         ("isdisjoint", ws_isdisjoint as usize),
     |                                      ^^^^^^^^
     |
help: first cast to a pointer `as *const ()`
     |
1805 |         ("isdisjoint", ws_isdisjoint as *const () as usize),
     |                                      ++++++++++++

warning: direct cast of function item into an integer
    --> projects/mamba/src/runtime/stdlib/weakref_mod.rs:1806:34
     |
1806 |         ("issubset", ws_issubset as usize),
     |                                  ^^^^^^^^
     |
help: first cast to a pointer `as *const ()`
     |
1806 |         ("issubset", ws_issubset as *const () as usize),
     |                                  ++++++++++++

warning: direct cast of function item into an integer
    --> projects/mamba/src/runtime/stdlib/weakref_mod.rs:1807:38
     |
1807 |         ("issuperset", ws_issuperset as usize),
     |                                      ^^^^^^^^
     |
help: first cast to a pointer `as *const ()`
     |
1807 |         ("issuperset", ws_issuperset as *const () as usize),
     |                                      ++++++++++++

warning: direct cast of function item into an integer
    --> projects/mamba/src/runtime/stdlib/weakref_mod.rs:1808:24
     |
1808 |         ("pop", ws_pop as usize),
     |                        ^^^^^^^^
     |
help: first cast to a pointer `as *const ()`
     |
1808 |         ("pop", ws_pop as *const () as usize),
     |                        ++++++++++++

warning: direct cast of function item into an integer
    --> projects/mamba/src/runtime/stdlib/weakref_mod.rs:1809:30
     |
1809 |         ("remove", ws_remove as usize),
     |                              ^^^^^^^^
     |
help: first cast to a pointer `as *const ()`
     |
1809 |         ("remove", ws_remove as *const () as usize),
     |                              ++++++++++++

warning: direct cast of function item into an integer
    --> projects/mamba/src/runtime/stdlib/weakref_mod.rs:1810:58
     |
1810 |         ("symmetric_difference", ws_symmetric_difference as usize),
     |                                                          ^^^^^^^^
     |
help: first cast to a pointer `as *const ()`
     |
1810 |         ("symmetric_difference", ws_symmetric_difference as *const () as usize),
     |                                                          ++++++++++++

warning: direct cast of function item into an integer
    --> projects/mamba/src/runtime/stdlib/weakref_mod.rs:1813:44
     |
1813 |             ws_symmetric_difference_update as usize,
     |                                            ^^^^^^^^
     |
help: first cast to a pointer `as *const ()`
     |
1813 |             ws_symmetric_difference_update as *const () as usize,
     |                                            ++++++++++++

warning: direct cast of function item into an integer
    --> projects/mamba/src/runtime/stdlib/weakref_mod.rs:1815:28
     |
1815 |         ("union", ws_union as usize),
     |                            ^^^^^^^^
     |
help: first cast to a pointer `as *const ()`
     |
1815 |         ("union", ws_union as *const () as usize),
     |                            ++++++++++++

warning: direct cast of function item into an integer
    --> projects/mamba/src/runtime/stdlib/weakref_mod.rs:1816:30
     |
1816 |         ("update", ws_update as usize),
     |                              ^^^^^^^^
     |
help: first cast to a pointer `as *const ()`
     |
1816 |         ("update", ws_update as *const () as usize),
     |                              ++++++++++++

warning: direct cast of function item into an integer
    --> projects/mamba/src/runtime/stdlib/weakref_mod.rs:1824:37
     |
1824 |         ("__setitem__", wvd_setitem as usize),
     |                                     ^^^^^^^^
     |
help: first cast to a pointer `as *const ()`
     |
1824 |         ("__setitem__", wvd_setitem as *const () as usize),
     |                                     ++++++++++++

warning: direct cast of function item into an integer
    --> projects/mamba/src/runtime/stdlib/weakref_mod.rs:1825:37
     |
1825 |         ("__getitem__", wvd_getitem as usize),
     |                                     ^^^^^^^^
     |
help: first cast to a pointer `as *const ()`
     |
1825 |         ("__getitem__", wvd_getitem as *const () as usize),
     |                                     ++++++++++++

warning: direct cast of function item into an integer
    --> projects/mamba/src/runtime/stdlib/weakref_mod.rs:1826:37
     |
1826 |         ("__delitem__", wvd_delitem as usize),
     |                                     ^^^^^^^^
     |
help: first cast to a pointer `as *const ()`
     |
1826 |         ("__delitem__", wvd_delitem as *const () as usize),
     |                                     ++++++++++++

warning: direct cast of function item into an integer
    --> projects/mamba/src/runtime/stdlib/weakref_mod.rs:1827:39
     |
1827 |         ("__contains__", wvd_contains as usize),
     |                                       ^^^^^^^^
     |
help: first cast to a pointer `as *const ()`
     |
1827 |         ("__contains__", wvd_contains as *const () as usize),
     |                                       ++++++++++++

warning: direct cast of function item into an integer
    --> projects/mamba/src/runtime/stdlib/weakref_mod.rs:1828:29
     |
1828 |         ("__len__", wvd_len as usize),
     |                             ^^^^^^^^
     |
help: first cast to a pointer `as *const ()`
     |
1828 |         ("__len__", wvd_len as *const () as usize),
     |                             ++++++++++++

warning: direct cast of function item into an integer
    --> projects/mamba/src/runtime/stdlib/weakref_mod.rs:1829:25
     |
1829 |         ("get", wvd_get as usize),
     |                         ^^^^^^^^
     |
help: first cast to a pointer `as *const ()`
     |
1829 |         ("get", wvd_get as *const () as usize),
     |                         ++++++++++++

warning: direct cast of function item into an integer
    --> projects/mamba/src/runtime/stdlib/weakref_mod.rs:1830:27
     |
1830 |         ("keys", wvd_keys as usize),
     |                           ^^^^^^^^
     |
help: first cast to a pointer `as *const ()`
     |
1830 |         ("keys", wvd_keys as *const () as usize),
     |                           ++++++++++++

warning: direct cast of function item into an integer
    --> projects/mamba/src/runtime/stdlib/weakref_mod.rs:1831:31
     |
1831 |         ("values", wvd_values as usize),
     |                               ^^^^^^^^
     |
help: first cast to a pointer `as *const ()`
     |
1831 |         ("values", wvd_values as *const () as usize),
     |                               ++++++++++++

warning: direct cast of function item into an integer
    --> projects/mamba/src/runtime/stdlib/weakref_mod.rs:1832:29
     |
1832 |         ("items", wvd_items as usize),
     |                             ^^^^^^^^
     |
help: first cast to a pointer `as *const ()`
     |
1832 |         ("items", wvd_items as *const () as usize),
     |                             ++++++++++++

warning: direct cast of function item into an integer
    --> projects/mamba/src/runtime/stdlib/weakref_mod.rs:1835:37
     |
1835 |         ("__setitem__", wkd_setitem as usize),
     |                                     ^^^^^^^^
     |
help: first cast to a pointer `as *const ()`
     |
1835 |         ("__setitem__", wkd_setitem as *const () as usize),
     |                                     ++++++++++++

warning: direct cast of function item into an integer
    --> projects/mamba/src/runtime/stdlib/weakref_mod.rs:1836:37
     |
1836 |         ("__getitem__", wkd_getitem as usize),
     |                                     ^^^^^^^^
     |
help: first cast to a pointer `as *const ()`
     |
1836 |         ("__getitem__", wkd_getitem as *const () as usize),
     |                                     ++++++++++++

warning: direct cast of function item into an integer
    --> projects/mamba/src/runtime/stdlib/weakref_mod.rs:1837:37
     |
1837 |         ("__delitem__", wkd_delitem as usize),
     |                                     ^^^^^^^^
     |
help: first cast to a pointer `as *const ()`
     |
1837 |         ("__delitem__", wkd_delitem as *const () as usize),
     |                                     ++++++++++++

warning: direct cast of function item into an integer
    --> projects/mamba/src/runtime/stdlib/weakref_mod.rs:1838:39
     |
1838 |         ("__contains__", wkd_contains as usize),
     |                                       ^^^^^^^^
     |
help: first cast to a pointer `as *const ()`
     |
1838 |         ("__contains__", wkd_contains as *const () as usize),
     |                                       ++++++++++++

warning: direct cast of function item into an integer
    --> projects/mamba/src/runtime/stdlib/weakref_mod.rs:1839:29
     |
1839 |         ("__len__", wkd_len as usize),
     |                             ^^^^^^^^
     |
help: first cast to a pointer `as *const ()`
     |
1839 |         ("__len__", wkd_len as *const () as usize),
     |                             ++++++++++++

warning: direct cast of function item into an integer
    --> projects/mamba/src/runtime/stdlib/weakref_mod.rs:1840:25
     |
1840 |         ("get", wkd_get as usize),
     |                         ^^^^^^^^
     |
help: first cast to a pointer `as *const ()`
     |
1840 |         ("get", wkd_get as *const () as usize),
     |                         ++++++++++++

warning: direct cast of function item into an integer
    --> projects/mamba/src/runtime/stdlib/weakref_mod.rs:1841:27
     |
1841 |         ("keys", wkd_keys as usize),
     |                           ^^^^^^^^
     |
help: first cast to a pointer `as *const ()`
     |
1841 |         ("keys", wkd_keys as *const () as usize),
     |                           ++++++++++++

warning: direct cast of function item into an integer
    --> projects/mamba/src/runtime/stdlib/weakref_mod.rs:1842:31
     |
1842 |         ("values", wkd_values as usize),
     |                               ^^^^^^^^
     |
help: first cast to a pointer `as *const ()`
     |
1842 |         ("values", wkd_values as *const () as usize),
     |                               ++++++++++++

warning: direct cast of function item into an integer
    --> projects/mamba/src/runtime/stdlib/weakref_mod.rs:1843:29
     |
1843 |         ("items", wkd_items as usize),
     |                             ^^^^^^^^
     |
help: first cast to a pointer `as *const ()`
     |
1843 |         ("items", wkd_items as *const () as usize),
     |                             ++++++++++++

warning: direct cast of function item into an integer
   --> projects/mamba/src/runtime/stdlib/abc_mod.rs:124:34
    |
124 |         ("ABC", dispatch_abc_cls as usize),
    |                                  ^^^^^^^^
    |
help: first cast to a pointer `as *const ()`
    |
124 |         ("ABC", dispatch_abc_cls as *const () as usize),
    |                                  ++++++++++++

warning: direct cast of function item into an integer
   --> projects/mamba/src/runtime/stdlib/abc_mod.rs:125:38
    |
125 |         ("ABCMeta", dispatch_abcmeta as usize),
    |                                      ^^^^^^^^
    |
help: first cast to a pointer `as *const ()`
    |
125 |         ("ABCMeta", dispatch_abcmeta as *const () as usize),
    |                                      ++++++++++++

warning: direct cast of function item into an integer
   --> projects/mamba/src/runtime/stdlib/abc_mod.rs:126:52
    |
126 |         ("abstractmethod", dispatch_abstractmethod as usize),
    |                                                    ^^^^^^^^
    |
help: first cast to a pointer `as *const ()`
    |
126 |         ("abstractmethod", dispatch_abstractmethod as *const () as usize),
    |                                                    ++++++++++++

warning: direct cast of function item into an integer
   --> projects/mamba/src/runtime/stdlib/abc_mod.rs:127:62
    |
127 |         ("abstractclassmethod", dispatch_abstractclassmethod as usize),
    |                                                              ^^^^^^^^
    |
help: first cast to a pointer `as *const ()`
    |
127 |         ("abstractclassmethod", dispatch_abstractclassmethod as *const () as usize),
    |                                                              ++++++++++++

warning: direct cast of function item into an integer
   --> projects/mamba/src/runtime/stdlib/abc_mod.rs:130:43
    |
130 |             dispatch_abstractstaticmethod as usize,
    |                                           ^^^^^^^^
    |
help: first cast to a pointer `as *const ()`
    |
130 |             dispatch_abstractstaticmethod as *const () as usize,
    |                                           ++++++++++++

warning: direct cast of function item into an integer
   --> projects/mamba/src/runtime/stdlib/abc_mod.rs:132:56
    |
132 |         ("abstractproperty", dispatch_abstractproperty as usize),
    |                                                        ^^^^^^^^
    |
help: first cast to a pointer `as *const ()`
    |
132 |         ("abstractproperty", dispatch_abstractproperty as *const () as usize),
    |                                                        ++++++++++++

warning: direct cast of function item into an integer
   --> projects/mamba/src/runtime/stdlib/abc_mod.rs:133:54
    |
133 |         ("get_cache_token", dispatch_get_cache_token as usize),
    |                                                      ^^^^^^^^
    |
help: first cast to a pointer `as *const ()`
    |
133 |         ("get_cache_token", dispatch_get_cache_token as *const () as usize),
    |                                                      ++++++++++++

warning: direct cast of function item into an integer
   --> projects/mamba/src/runtime/stdlib/abc_mod.rs:136:45
    |
136 |             dispatch_update_abstractmethods as usize,
    |                                             ^^^^^^^^
    |
help: first cast to a pointer `as *const ()`
    |
136 |             dispatch_update_abstractmethods as *const () as usize,
    |                                             ++++++++++++

warning: direct cast of function item into an integer
   --> projects/mamba/src/runtime/stdlib/abc_mod.rs:157:50
    |
157 |     let abcmeta_method = dispatch_abcmeta_method as usize;
    |                                                  ^^^^^^^^
    |
help: first cast to a pointer `as *const ()`
    |
157 |     let abcmeta_method = dispatch_abcmeta_method as *const () as usize;
    |                                                  ++++++++++++

warning: direct cast of function item into an integer
    --> projects/mamba/src/runtime/stdlib/argparse_mod.rs:1311:53
     |
1311 |         ("ArgumentParser", dispatch_argument_parser as usize),
     |                                                     ^^^^^^^^
     |
help: first cast to a pointer `as *const ()`
     |
1311 |         ("ArgumentParser", dispatch_argument_parser as *const () as usize),
     |                                                     ++++++++++++

warning: direct cast of function item into an integer
    --> projects/mamba/src/runtime/stdlib/argparse_mod.rs:1312:42
     |
1312 |         ("Namespace", dispatch_namespace as usize),
     |                                          ^^^^^^^^
     |
help: first cast to a pointer `as *const ()`
     |
1312 |         ("Namespace", dispatch_namespace as *const () as usize),
     |                                          ++++++++++++

warning: direct cast of function item into an integer
    --> projects/mamba/src/runtime/stdlib/argparse_mod.rs:1313:36
     |
1313 |         ("Action", dispatch_action as usize),
     |                                    ^^^^^^^^
     |
help: first cast to a pointer `as *const ()`
     |
1313 |         ("Action", dispatch_action as *const () as usize),
     |                                    ++++++++++++

warning: direct cast of function item into an integer
    --> projects/mamba/src/runtime/stdlib/argparse_mod.rs:1314:40
     |
1314 |         ("FileType", dispatch_filetype as usize),
     |                                        ^^^^^^^^
     |
help: first cast to a pointer `as *const ()`
     |
1314 |         ("FileType", dispatch_filetype as *const () as usize),
     |                                        ++++++++++++

warning: direct cast of function item into an integer
    --> projects/mamba/src/runtime/stdlib/argparse_mod.rs:1315:51
     |
1315 |         ("HelpFormatter", dispatch_help_formatter as usize),
     |                                                   ^^^^^^^^
     |
help: first cast to a pointer `as *const ()`
     |
1315 |         ("HelpFormatter", dispatch_help_formatter as *const () as usize),
     |                                                   ++++++++++++

warning: direct cast of function item into an integer
    --> projects/mamba/src/runtime/stdlib/argparse_mod.rs:1318:48
     |
1318 |             dispatch_raw_description_formatter as usize,
     |                                                ^^^^^^^^
     |
help: first cast to a pointer `as *const ()`
     |
1318 |             dispatch_raw_description_formatter as *const () as usize,
     |                                                ++++++++++++

warning: direct cast of function item into an integer
    --> projects/mamba/src/runtime/stdlib/argparse_mod.rs:1320:62
     |
1320 |         ("RawTextHelpFormatter", dispatch_raw_text_formatter as usize),
     |                                                              ^^^^^^^^
     |
help: first cast to a pointer `as *const ()`
     |
1320 |         ("RawTextHelpFormatter", dispatch_raw_text_formatter as *const () as usize),
     |                                                              ++++++++++++

warning: direct cast of function item into an integer
    --> projects/mamba/src/runtime/stdlib/argparse_mod.rs:1323:41
     |
1323 |             dispatch_defaults_formatter as usize,
     |                                         ^^^^^^^^
     |
help: first cast to a pointer `as *const ()`
     |
1323 |             dispatch_defaults_formatter as *const () as usize,
     |                                         ++++++++++++

warning: direct cast of function item into an integer
    --> projects/mamba/src/runtime/stdlib/argparse_mod.rs:1327:45
     |
1327 |             dispatch_metavar_type_formatter as usize,
     |                                             ^^^^^^^^
     |
help: first cast to a pointer `as *const ()`
     |
1327 |             dispatch_metavar_type_formatter as *const () as usize,
     |                                             ++++++++++++

warning: direct cast of function item into an integer
    --> projects/mamba/src/runtime/stdlib/argparse_mod.rs:1331:46
     |
1331 |             dispatch_boolean_optional_action as usize,
     |                                              ^^^^^^^^
     |
help: first cast to a pointer `as *const ()`
     |
1331 |             dispatch_boolean_optional_action as *const () as usize,
     |                                              ++++++++++++

warning: direct cast of function item into an integer
    --> projects/mamba/src/runtime/stdlib/argparse_mod.rs:1336:40
     |
1336 |         ("ngettext", dispatch_ngettext as usize),
     |                                        ^^^^^^^^
     |
help: first cast to a pointer `as *const ()`
     |
1336 |         ("ngettext", dispatch_ngettext as *const () as usize),
     |                                        ++++++++++++

warning: direct cast of function item into an integer
    --> projects/mamba/src/runtime/stdlib/argparse_mod.rs:1447:50
     |
1447 |             ("add_argument", method_add_argument as usize, true),
     |                                                  ^^^^^^^^
     |
help: first cast to a pointer `as *const ()`
     |
1447 |             ("add_argument", method_add_argument as *const () as usize, true),
     |                                                  ++++++++++++

warning: direct cast of function item into an integer
    --> projects/mamba/src/runtime/stdlib/argparse_mod.rs:1448:46
     |
1448 |             ("parse_args", method_parse_args as usize, true),
     |                                              ^^^^^^^^
     |
help: first cast to a pointer `as *const ()`
     |
1448 |             ("parse_args", method_parse_args as *const () as usize, true),
     |                                              ++++++++++++

warning: direct cast of function item into an integer
    --> projects/mamba/src/runtime/stdlib/argparse_mod.rs:1449:58
     |
1449 |             ("parse_known_args", method_parse_known_args as usize, true),
     |                                                          ^^^^^^^^
     |
help: first cast to a pointer `as *const ()`
     |
1449 |             ("parse_known_args", method_parse_known_args as *const () as usize, true),
     |                                                          ++++++++++++

warning: direct cast of function item into an integer
    --> projects/mamba/src/runtime/stdlib/argparse_mod.rs:1450:50
     |
1450 |             ("set_defaults", method_set_defaults as usize, true),
     |                                                  ^^^^^^^^
     |
help: first cast to a pointer `as *const ()`
     |
1450 |             ("set_defaults", method_set_defaults as *const () as usize, true),
     |                                                  ++++++++++++

warning: direct cast of function item into an integer
    --> projects/mamba/src/runtime/stdlib/argparse_mod.rs:1451:48
     |
1451 |             ("get_default", method_get_default as usize, true),
     |                                                ^^^^^^^^
     |
help: first cast to a pointer `as *const ()`
     |
1451 |             ("get_default", method_get_default as *const () as usize, true),
     |                                                ++++++++++++

warning: direct cast of function item into an integer
    --> projects/mamba/src/runtime/stdlib/argparse_mod.rs:1452:54
     |
1452 |             ("add_subparsers", method_add_subparsers as usize, true),
     |                                                      ^^^^^^^^
     |
help: first cast to a pointer `as *const ()`
     |
1452 |             ("add_subparsers", method_add_subparsers as *const () as usize, true),
     |                                                      ++++++++++++

warning: direct cast of function item into an integer
    --> projects/mamba/src/runtime/stdlib/argparse_mod.rs:1453:36
     |
1453 |             ("error", method_error as usize, true),
     |                                    ^^^^^^^^
     |
help: first cast to a pointer `as *const ()`
     |
1453 |             ("error", method_error as *const () as usize, true),
     |                                    ++++++++++++

warning: direct cast of function item into an integer
    --> projects/mamba/src/runtime/stdlib/argparse_mod.rs:1454:34
     |
1454 |             ("exit", method_exit as usize, true),
     |                                  ^^^^^^^^
     |
help: first cast to a pointer `as *const ()`
     |
1454 |             ("exit", method_exit as *const () as usize, true),
     |                                  ++++++++++++

warning: direct cast of function item into an integer
    --> projects/mamba/src/runtime/stdlib/argparse_mod.rs:1461:30
     |
1461 |             ("__eq__", ns_eq as usize, true),
     |                              ^^^^^^^^
     |
help: first cast to a pointer `as *const ()`
     |
1461 |             ("__eq__", ns_eq as *const () as usize, true),
     |                              ++++++++++++

warning: direct cast of function item into an integer
    --> projects/mamba/src/runtime/stdlib/argparse_mod.rs:1462:30
     |
1462 |             ("__ne__", ns_ne as usize, true),
     |                              ^^^^^^^^
     |
help: first cast to a pointer `as *const ()`
     |
1462 |             ("__ne__", ns_ne as *const () as usize, true),
     |                              ++++++++++++

warning: direct cast of function item into an integer
    --> projects/mamba/src/runtime/stdlib/argparse_mod.rs:1463:42
     |
1463 |             ("__contains__", ns_contains as usize, true),
     |                                          ^^^^^^^^
     |
help: first cast to a pointer `as *const ()`
     |
1463 |             ("__contains__", ns_contains as *const () as usize, true),
     |                                          ++++++++++++

warning: direct cast of function item into an integer
    --> projects/mamba/src/runtime/stdlib/argparse_mod.rs:1470:40
     |
1470 |             ("__getattr__", ns_getattr as usize, false),
     |                                        ^^^^^^^^
     |
help: first cast to a pointer `as *const ()`
     |
1470 |             ("__getattr__", ns_getattr as *const () as usize, false),
     |                                        ++++++++++++

warning: direct cast of function item into an integer
    --> projects/mamba/src/runtime/stdlib/argparse_mod.rs:1476:44
     |
1476 |         &[("add_parser", method_add_parser as usize, true)],
     |                                            ^^^^^^^^
     |
help: first cast to a pointer `as *const ()`
     |
1476 |         &[("add_parser", method_add_parser as *const () as usize, true)],
     |                                            ++++++++++++

warning: direct cast of function item into an integer
    --> projects/mamba/src/runtime/stdlib/argparse_mod.rs:1486:38
     |
1486 |             ("__init__", argerr_init as usize, true),
     |                                      ^^^^^^^^
     |
help: first cast to a pointer `as *const ()`
     |
1486 |             ("__init__", argerr_init as *const () as usize, true),
     |                                      ++++++++++++

warning: direct cast of function item into an integer
    --> projects/mamba/src/runtime/stdlib/argparse_mod.rs:1487:36
     |
1487 |             ("__str__", argerr_str as usize, true),
     |                                    ^^^^^^^^
     |
help: first cast to a pointer `as *const ()`
     |
1487 |             ("__str__", argerr_str as *const () as usize, true),
     |                                    ++++++++++++

warning: direct cast of function item into an integer
    --> projects/mamba/src/runtime/stdlib/argparse_mod.rs:1494:42
     |
1494 |             ("__init__", argtypeerr_init as usize, true),
     |                                          ^^^^^^^^
     |
help: first cast to a pointer `as *const ()`
     |
1494 |             ("__init__", argtypeerr_init as *const () as usize, true),
     |                                          ++++++++++++

warning: direct cast of function item into an integer
    --> projects/mamba/src/runtime/stdlib/argparse_mod.rs:1495:40
     |
1495 |             ("__str__", argtypeerr_str as usize, true),
     |                                        ^^^^^^^^
     |
help: first cast to a pointer `as *const ()`
     |
1495 |             ("__str__", argtypeerr_str as *const () as usize, true),
     |                                        ++++++++++++

warning: direct cast of function item into an integer
   --> projects/mamba/src/runtime/stdlib/array_mod.rs:687:35
    |
687 |     let addr = dispatch_array_new as usize;
    |                                   ^^^^^^^^
    |
help: first cast to a pointer `as *const ()`
    |
687 |     let addr = dispatch_array_new as *const () as usize;
    |                                   ++++++++++++

warning: direct cast of function item into an integer
   --> projects/mamba/src/runtime/stdlib/asyncio_mod.rs:980:50
    |
980 |         MbValue::from_func(to_thread_future_body as usize),
    |                                                  ^^^^^^^^
    |
help: first cast to a pointer `as *const ()`
    |
980 |         MbValue::from_func(to_thread_future_body as *const () as usize),
    |                                                  ++++++++++++

warning: direct cast of function item into an integer
   --> projects/mamba/src/runtime/stdlib/bisect_mod.rs:337:46
    |
337 |         ("bisect_left", dispatch_bisect_left as usize),
    |                                              ^^^^^^^^
    |
help: first cast to a pointer `as *const ()`
    |
337 |         ("bisect_left", dispatch_bisect_left as *const () as usize),
    |                                              ++++++++++++

warning: direct cast of function item into an integer
   --> projects/mamba/src/runtime/stdlib/bisect_mod.rs:338:48
    |
338 |         ("bisect_right", dispatch_bisect_right as usize),
    |                                                ^^^^^^^^
    |
help: first cast to a pointer `as *const ()`
    |
338 |         ("bisect_right", dispatch_bisect_right as *const () as usize),
    |                                                ++++++++++++

warning: direct cast of function item into an integer
   --> projects/mamba/src/runtime/stdlib/bisect_mod.rs:341:42
    |
341 |         ("bisect", dispatch_bisect_right as usize),
    |                                          ^^^^^^^^
    |
help: first cast to a pointer `as *const ()`
    |
341 |         ("bisect", dispatch_bisect_right as *const () as usize),
    |                                          ++++++++++++

warning: direct cast of function item into an integer
   --> projects/mamba/src/runtime/stdlib/bisect_mod.rs:342:46
    |
342 |         ("insort_left", dispatch_insort_left as usize),
    |                                              ^^^^^^^^
    |
help: first cast to a pointer `as *const ()`
    |
342 |         ("insort_left", dispatch_insort_left as *const () as usize),
    |                                              ++++++++++++

warning: direct cast of function item into an integer
   --> projects/mamba/src/runtime/stdlib/bisect_mod.rs:343:48
    |
343 |         ("insort_right", dispatch_insort_right as usize),
    |                                                ^^^^^^^^
    |
help: first cast to a pointer `as *const ()`
    |
343 |         ("insort_right", dispatch_insort_right as *const () as usize),
    |                                                ++++++++++++

warning: direct cast of function item into an integer
   --> projects/mamba/src/runtime/stdlib/bisect_mod.rs:344:42
    |
344 |         ("insort", dispatch_insort_right as usize),
    |                                          ^^^^^^^^
    |
help: first cast to a pointer `as *const ()`
    |
344 |         ("insort", dispatch_insort_right as *const () as usize),
    |                                          ++++++++++++

warning: direct cast of function item into an integer
   --> projects/mamba/src/runtime/stdlib/bz2_mod.rs:510:40
    |
510 |         ("compress", dispatch_compress as usize),
    |                                        ^^^^^^^^
    |
help: first cast to a pointer `as *const ()`
    |
510 |         ("compress", dispatch_compress as *const () as usize),
    |                                        ++++++++++++

warning: direct cast of function item into an integer
   --> projects/mamba/src/runtime/stdlib/bz2_mod.rs:511:44
    |
511 |         ("decompress", dispatch_decompress as usize),
    |                                            ^^^^^^^^
    |
help: first cast to a pointer `as *const ()`
    |
511 |         ("decompress", dispatch_decompress as *const () as usize),
    |                                            ++++++++++++

warning: direct cast of function item into an integer
   --> projects/mamba/src/runtime/stdlib/bz2_mod.rs:512:32
    |
512 |         ("open", dispatch_open as usize),
    |                                ^^^^^^^^
    |
help: first cast to a pointer `as *const ()`
    |
512 |         ("open", dispatch_open as *const () as usize),
    |                                ++++++++++++

warning: direct cast of function item into an integer
   --> projects/mamba/src/runtime/stdlib/bz2_mod.rs:522:47
    |
522 |     let bz2comp_addr = dispatch_bz2compressor as usize;
    |                                               ^^^^^^^^
    |
help: first cast to a pointer `as *const ()`
    |
522 |     let bz2comp_addr = dispatch_bz2compressor as *const () as usize;
    |                                               ++++++++++++

warning: direct cast of function item into an integer
   --> projects/mamba/src/runtime/stdlib/bz2_mod.rs:535:48
    |
535 |         let c_addr = mb_bz2compressor_compress as usize;
    |                                                ^^^^^^^^
    |
help: first cast to a pointer `as *const ()`
    |
535 |         let c_addr = mb_bz2compressor_compress as *const () as usize;
    |                                                ++++++++++++

warning: direct cast of function item into an integer
   --> projects/mamba/src/runtime/stdlib/bz2_mod.rs:536:45
    |
536 |         let f_addr = mb_bz2compressor_flush as usize;
    |                                             ^^^^^^^^
    |
help: first cast to a pointer `as *const ()`
    |
536 |         let f_addr = mb_bz2compressor_flush as *const () as usize;
    |                                             ++++++++++++

warning: direct cast of function item into an integer
   --> projects/mamba/src/runtime/stdlib/bz2_mod.rs:552:41
    |
552 |     let bz2file_addr = dispatch_bz2file as usize;
    |                                         ^^^^^^^^
    |
help: first cast to a pointer `as *const ()`
    |
552 |     let bz2file_addr = dispatch_bz2file as *const () as usize;
    |                                         ++++++++++++

warning: direct cast of function item into an integer
   --> projects/mamba/src/runtime/stdlib/bz2_mod.rs:561:48
    |
561 |     let bz2dec_addr = dispatch_bz2decompressor as usize;
    |                                                ^^^^^^^^
    |
help: first cast to a pointer `as *const ()`
    |
561 |     let bz2dec_addr = dispatch_bz2decompressor as *const () as usize;
    |                                                ++++++++++++

warning: direct cast of function item into an integer
   --> projects/mamba/src/runtime/stdlib/bz2_mod.rs:574:61
    |
574 |         let decompress_addr = mb_bz2decompressor_decompress as usize;
    |                                                             ^^^^^^^^
    |
help: first cast to a pointer `as *const ()`
    |
574 |         let decompress_addr = mb_bz2decompressor_decompress as *const () as usize;
    |                                                             ++++++++++++

warning: direct cast of function item into an integer
   --> projects/mamba/src/runtime/stdlib/calendar_mod.rs:219:36
    |
219 |         ("isleap", dispatch_isleap as usize),
    |                                    ^^^^^^^^
    |
help: first cast to a pointer `as *const ()`
    |
219 |         ("isleap", dispatch_isleap as *const () as usize),
    |                                    ++++++++++++

warning: direct cast of function item into an integer
   --> projects/mamba/src/runtime/stdlib/calendar_mod.rs:220:40
    |
220 |         ("leapdays", dispatch_leapdays as usize),
    |                                        ^^^^^^^^
    |
help: first cast to a pointer `as *const ()`
    |
220 |         ("leapdays", dispatch_leapdays as *const () as usize),
    |                                        ++++++++++++

warning: direct cast of function item into an integer
   --> projects/mamba/src/runtime/stdlib/calendar_mod.rs:221:44
    |
221 |         ("monthrange", dispatch_monthrange as usize),
    |                                            ^^^^^^^^
    |
help: first cast to a pointer `as *const ()`
    |
221 |         ("monthrange", dispatch_monthrange as *const () as usize),
    |                                            ++++++++++++

warning: direct cast of function item into an integer
   --> projects/mamba/src/runtime/stdlib/calendar_mod.rs:222:38
    |
222 |         ("weekday", dispatch_weekday as usize),
    |                                      ^^^^^^^^
    |
help: first cast to a pointer `as *const ()`
    |
222 |         ("weekday", dispatch_weekday as *const () as usize),
    |                                      ++++++++++++

warning: direct cast of function item into an integer
   --> projects/mamba/src/runtime/stdlib/calendar_mod.rs:223:50
    |
223 |         ("monthcalendar", dispatch_monthcalendar as usize),
    |                                                  ^^^^^^^^
    |
help: first cast to a pointer `as *const ()`
    |
223 |         ("monthcalendar", dispatch_monthcalendar as *const () as usize),
    |                                                  ++++++++++++

warning: direct cast of function item into an integer
   --> projects/mamba/src/runtime/stdlib/calendar_mod.rs:224:48
    |
224 |         ("firstweekday", dispatch_firstweekday as usize),
    |                                                ^^^^^^^^
    |
help: first cast to a pointer `as *const ()`
    |
224 |         ("firstweekday", dispatch_firstweekday as *const () as usize),
    |                                                ++++++++++++

warning: direct cast of function item into an integer
   --> projects/mamba/src/runtime/stdlib/calendar_mod.rs:225:54
    |
225 |         ("setfirstweekday", dispatch_setfirstweekday as usize),
    |                                                      ^^^^^^^^
    |
help: first cast to a pointer `as *const ()`
    |
225 |         ("setfirstweekday", dispatch_setfirstweekday as *const () as usize),
    |                                                      ++++++++++++

warning: direct cast of function item into an integer
   --> projects/mamba/src/runtime/stdlib/calendar_mod.rs:226:36
    |
226 |         ("timegm", dispatch_timegm as usize),
    |                                    ^^^^^^^^
    |
help: first cast to a pointer `as *const ()`
    |
226 |         ("timegm", dispatch_timegm as *const () as usize),
    |                                    ++++++++++++

warning: direct cast of function item into an integer
   --> projects/mamba/src/runtime/stdlib/calendar_mod.rs:227:38
    |
227 |         ("prmonth", dispatch_prmonth as usize),
    |                                      ^^^^^^^^
    |
help: first cast to a pointer `as *const ()`
    |
227 |         ("prmonth", dispatch_prmonth as *const () as usize),
    |                                      ++++++++++++

warning: direct cast of function item into an integer
   --> projects/mamba/src/runtime/stdlib/calendar_mod.rs:228:34
    |
228 |         ("prcal", dispatch_prcal as usize),
    |                                  ^^^^^^^^
    |
help: first cast to a pointer `as *const ()`
    |
228 |         ("prcal", dispatch_prcal as *const () as usize),
    |                                  ++++++++++++

warning: direct cast of function item into an integer
   --> projects/mamba/src/runtime/stdlib/calendar_mod.rs:229:36
    |
229 |         ("prweek", dispatch_prweek as usize),
    |                                    ^^^^^^^^
    |
help: first cast to a pointer `as *const ()`
    |
229 |         ("prweek", dispatch_prweek as *const () as usize),
    |                                    ++++++++++++

warning: direct cast of function item into an integer
   --> projects/mamba/src/runtime/stdlib/calendar_mod.rs:230:34
    |
230 |         ("month", dispatch_month as usize),
    |                                  ^^^^^^^^
    |
help: first cast to a pointer `as *const ()`
    |
230 |         ("month", dispatch_month as *const () as usize),
    |                                  ++++++++++++

warning: direct cast of function item into an integer
   --> projects/mamba/src/runtime/stdlib/calendar_mod.rs:231:43
    |
231 |         ("calendar", dispatch_calendar_fn as usize),
    |                                           ^^^^^^^^
    |
help: first cast to a pointer `as *const ()`
    |
231 |         ("calendar", dispatch_calendar_fn as *const () as usize),
    |                                           ++++++++++++

warning: direct cast of function item into an integer
   --> projects/mamba/src/runtime/stdlib/calendar_mod.rs:232:32
    |
232 |         ("week", dispatch_week as usize),
    |                                ^^^^^^^^
    |
help: first cast to a pointer `as *const ()`
    |
232 |         ("week", dispatch_week as *const () as usize),
    |                                ++++++++++++

warning: direct cast of function item into an integer
   --> projects/mamba/src/runtime/stdlib/calendar_mod.rs:233:44
    |
233 |         ("weekheader", dispatch_weekheader as usize),
    |                                            ^^^^^^^^
    |
help: first cast to a pointer `as *const ()`
    |
233 |         ("weekheader", dispatch_weekheader as *const () as usize),
    |                                            ++++++++++++

warning: direct cast of function item into an integer
   --> projects/mamba/src/runtime/stdlib/calendar_mod.rs:234:36
    |
234 |         ("format", dispatch_format as usize),
    |                                    ^^^^^^^^
    |
help: first cast to a pointer `as *const ()`
    |
234 |         ("format", dispatch_format as *const () as usize),
    |                                    ++++++++++++

warning: direct cast of function item into an integer
   --> projects/mamba/src/runtime/stdlib/calendar_mod.rs:235:48
    |
235 |         ("formatstring", dispatch_formatstring as usize),
    |                                                ^^^^^^^^
    |
help: first cast to a pointer `as *const ()`
    |
235 |         ("formatstring", dispatch_formatstring as *const () as usize),
    |                                                ++++++++++++

warning: direct cast of function item into an integer
   --> projects/mamba/src/runtime/stdlib/calendar_mod.rs:236:32
    |
236 |         ("main", dispatch_main as usize),
    |                                ^^^^^^^^
    |
help: first cast to a pointer `as *const ()`
    |
236 |         ("main", dispatch_main as *const () as usize),
    |                                ++++++++++++

warning: direct cast of function item into an integer
   --> projects/mamba/src/runtime/stdlib/calendar_mod.rs:237:56
    |
237 |         ("different_locale", dispatch_different_locale as usize),
    |                                                        ^^^^^^^^
    |
help: first cast to a pointer `as *const ()`
    |
237 |         ("different_locale", dispatch_different_locale as *const () as usize),
    |                                                        ++++++++++++

warning: direct cast of function item into an integer
   --> projects/mamba/src/runtime/stdlib/calendar_mod.rs:238:46
    |
238 |         ("global_enum", dispatch_global_enum as usize),
    |                                              ^^^^^^^^
    |
help: first cast to a pointer `as *const ()`
    |
238 |         ("global_enum", dispatch_global_enum as *const () as usize),
    |                                              ++++++++++++

warning: direct cast of function item into an integer
   --> projects/mamba/src/runtime/stdlib/calendar_mod.rs:239:44
    |
239 |         ("Calendar", dispatch_calendar_cls as usize),
    |                                            ^^^^^^^^
    |
help: first cast to a pointer `as *const ()`
    |
239 |         ("Calendar", dispatch_calendar_cls as *const () as usize),
    |                                            ++++++++++++

warning: direct cast of function item into an integer
   --> projects/mamba/src/runtime/stdlib/calendar_mod.rs:240:49
    |
240 |         ("TextCalendar", dispatch_text_calendar as usize),
    |                                                 ^^^^^^^^
    |
help: first cast to a pointer `as *const ()`
    |
240 |         ("TextCalendar", dispatch_text_calendar as *const () as usize),
    |                                                 ++++++++++++

warning: direct cast of function item into an integer
   --> projects/mamba/src/runtime/stdlib/calendar_mod.rs:241:49
    |
241 |         ("HTMLCalendar", dispatch_html_calendar as usize),
    |                                                 ^^^^^^^^
    |
help: first cast to a pointer `as *const ()`
    |
241 |         ("HTMLCalendar", dispatch_html_calendar as *const () as usize),
    |                                                 ++++++++++++

warning: direct cast of function item into an integer
   --> projects/mamba/src/runtime/stdlib/calendar_mod.rs:242:62
    |
242 |         ("LocaleTextCalendar", dispatch_locale_text_calendar as usize),
    |                                                              ^^^^^^^^
    |
help: first cast to a pointer `as *const ()`
    |
242 |         ("LocaleTextCalendar", dispatch_locale_text_calendar as *const () as usize),
    |                                                              ++++++++++++

warning: direct cast of function item into an integer
   --> projects/mamba/src/runtime/stdlib/calendar_mod.rs:243:62
    |
243 |         ("LocaleHTMLCalendar", dispatch_locale_html_calendar as usize),
    |                                                              ^^^^^^^^
    |
help: first cast to a pointer `as *const ()`
    |
243 |         ("LocaleHTMLCalendar", dispatch_locale_html_calendar as *const () as usize),
    |                                                              ++++++++++++

warning: direct cast of function item into an integer
   --> projects/mamba/src/runtime/stdlib/calendar_mod.rs:257:49
    |
257 |         ("HTMLCalendar", dispatch_html_calendar as usize),
    |                                                 ^^^^^^^^
    |
help: first cast to a pointer `as *const ()`
    |
257 |         ("HTMLCalendar", dispatch_html_calendar as *const () as usize),
    |                                                 ++++++++++++

warning: direct cast of function item into an integer
   --> projects/mamba/src/runtime/stdlib/calendar_mod.rs:258:62
    |
258 |         ("LocaleHTMLCalendar", dispatch_locale_html_calendar as usize),
    |                                                              ^^^^^^^^
    |
help: first cast to a pointer `as *const ()`
    |
258 |         ("LocaleHTMLCalendar", dispatch_locale_html_calendar as *const () as usize),
    |                                                              ++++++++++++

warning: direct cast of function item into an integer
   --> projects/mamba/src/runtime/stdlib/calendar_mod.rs:500:60
    |
500 |             put_method(fields, "formatday", text_formatday as usize);
    |                                                            ^^^^^^^^
    |
help: first cast to a pointer `as *const ()`
    |
500 |             put_method(fields, "formatday", text_formatday as *const () as usize);
    |                                                            ++++++++++++

warning: direct cast of function item into an integer
   --> projects/mamba/src/runtime/stdlib/calendar_mod.rs:501:62
    |
501 |             put_method(fields, "formatweek", text_formatweek as usize);
    |                                                              ^^^^^^^^
    |
help: first cast to a pointer `as *const ()`
    |
501 |             put_method(fields, "formatweek", text_formatweek as *const () as usize);
    |                                                              ++++++++++++

warning: direct cast of function item into an integer
   --> projects/mamba/src/runtime/stdlib/calendar_mod.rs:502:68
    |
502 |             put_method(fields, "formatweekday", text_formatweekday as usize);
    |                                                                    ^^^^^^^^
    |
help: first cast to a pointer `as *const ()`
    |
502 |             put_method(fields, "formatweekday", text_formatweekday as *const () as usize);
    |                                                                    ++++++++++++

warning: direct cast of function item into an integer
   --> projects/mamba/src/runtime/stdlib/calendar_mod.rs:503:74
    |
503 |             put_method(fields, "formatweekheader", text_formatweekheader as usize);
    |                                                                          ^^^^^^^^
    |
help: first cast to a pointer `as *const ()`
    |
503 |             put_method(fields, "formatweekheader", text_formatweekheader as *const () as usize);
    |                                                                          ++++++++++++

warning: direct cast of function item into an integer
   --> projects/mamba/src/runtime/stdlib/calendar_mod.rs:508:54
    |
508 |             put_method(fields, "prweek", text_prweek as usize);
    |                                                      ^^^^^^^^
    |
help: first cast to a pointer `as *const ()`
    |
508 |             put_method(fields, "prweek", text_prweek as *const () as usize);
    |                                                      ++++++++++++

warning: direct cast of function item into an integer
   --> projects/mamba/src/runtime/stdlib/calendar_mod.rs:512:60
    |
512 |             put_method(fields, "formatday", html_formatday as usize);
    |                                                            ^^^^^^^^
    |
help: first cast to a pointer `as *const ()`
    |
512 |             put_method(fields, "formatday", html_formatday as *const () as usize);
    |                                                            ++++++++++++

warning: direct cast of function item into an integer
   --> projects/mamba/src/runtime/stdlib/calendar_mod.rs:513:62
    |
513 |             put_method(fields, "formatweek", html_formatweek as usize);
    |                                                              ^^^^^^^^
    |
help: first cast to a pointer `as *const ()`
    |
513 |             put_method(fields, "formatweek", html_formatweek as *const () as usize);
    |                                                              ++++++++++++

warning: direct cast of function item into an integer
   --> projects/mamba/src/runtime/stdlib/calendar_mod.rs:514:68
    |
514 |             put_method(fields, "formatweekday", html_formatweekday as usize);
    |                                                                    ^^^^^^^^
    |
help: first cast to a pointer `as *const ()`
    |
514 |             put_method(fields, "formatweekday", html_formatweekday as *const () as usize);
    |                                                                    ++++++++++++

warning: direct cast of function item into an integer
   --> projects/mamba/src/runtime/stdlib/calendar_mod.rs:515:74
    |
515 |             put_method(fields, "formatweekheader", html_formatweekheader as usize);
    |                                                                          ^^^^^^^^
    |
help: first cast to a pointer `as *const ()`
    |
515 |             put_method(fields, "formatweekheader", html_formatweekheader as *const () as usize);
    |                                                                          ++++++++++++

warning: direct cast of function item into an integer
   --> projects/mamba/src/runtime/stdlib/calendar_mod.rs:516:72
    |
516 |             put_method(fields, "formatmonthname", html_formatmonthname as usize);
    |                                                                        ^^^^^^^^
    |
help: first cast to a pointer `as *const ()`
    |
516 |             put_method(fields, "formatmonthname", html_formatmonthname as *const () as usize);
    |                                                                        ++++++++++++

warning: direct cast of function item into an integer
    --> projects/mamba/src/runtime/stdlib/configparser_mod.rs:2148:30
     |
2148 |         ("Error", init_Error as usize, &["Exception"]),
     |                              ^^^^^^^^
     |
help: first cast to a pointer `as *const ()`
     |
2148 |         ("Error", init_Error as *const () as usize, &["Exception"]),
     |                              ++++++++++++

warning: direct cast of function item into an integer
    --> projects/mamba/src/runtime/stdlib/configparser_mod.rs:2149:48
     |
2149 |         ("NoSectionError", init_NoSectionError as usize, &["Error"]),
     |                                                ^^^^^^^^
     |
help: first cast to a pointer `as *const ()`
     |
2149 |         ("NoSectionError", init_NoSectionError as *const () as usize, &["Error"]),
     |                                                ++++++++++++

warning: direct cast of function item into an integer
    --> projects/mamba/src/runtime/stdlib/configparser_mod.rs:2150:46
     |
2150 |         ("NoOptionError", init_NoOptionError as usize, &["Error"]),
     |                                              ^^^^^^^^
     |
help: first cast to a pointer `as *const ()`
     |
2150 |         ("NoOptionError", init_NoOptionError as *const () as usize, &["Error"]),
     |                                              ++++++++++++

warning: direct cast of function item into an integer
    --> projects/mamba/src/runtime/stdlib/configparser_mod.rs:2153:40
     |
2153 |             init_DuplicateSectionError as usize,
     |                                        ^^^^^^^^
     |
help: first cast to a pointer `as *const ()`
     |
2153 |             init_DuplicateSectionError as *const () as usize,
     |                                        ++++++++++++

warning: direct cast of function item into an integer
    --> projects/mamba/src/runtime/stdlib/configparser_mod.rs:2158:39
     |
2158 |             init_DuplicateOptionError as usize,
     |                                       ^^^^^^^^
     |
help: first cast to a pointer `as *const ()`
     |
2158 |             init_DuplicateOptionError as *const () as usize,
     |                                       ++++++++++++

warning: direct cast of function item into an integer
    --> projects/mamba/src/runtime/stdlib/configparser_mod.rs:2163:37
     |
2163 |             init_InterpolationError as usize,
     |                                     ^^^^^^^^
     |
help: first cast to a pointer `as *const ()`
     |
2163 |             init_InterpolationError as *const () as usize,
     |                                     ++++++++++++

warning: direct cast of function item into an integer
    --> projects/mamba/src/runtime/stdlib/configparser_mod.rs:2168:50
     |
2168 |             init_InterpolationMissingOptionError as usize,
     |                                                  ^^^^^^^^
     |
help: first cast to a pointer `as *const ()`
     |
2168 |             init_InterpolationMissingOptionError as *const () as usize,
     |                                                  ++++++++++++

warning: direct cast of function item into an integer
    --> projects/mamba/src/runtime/stdlib/configparser_mod.rs:2173:42
     |
2173 |             init_InterpolationDepthError as usize,
     |                                          ^^^^^^^^
     |
help: first cast to a pointer `as *const ()`
     |
2173 |             init_InterpolationDepthError as *const () as usize,
     |                                          ++++++++++++

warning: direct cast of function item into an integer
    --> projects/mamba/src/runtime/stdlib/configparser_mod.rs:2178:44
     |
2178 |             init_MissingSectionHeaderError as usize,
     |                                            ^^^^^^^^
     |
help: first cast to a pointer `as *const ()`
     |
2178 |             init_MissingSectionHeaderError as *const () as usize,
     |                                            ++++++++++++

warning: direct cast of function item into an integer
    --> projects/mamba/src/runtime/stdlib/configparser_mod.rs:2185:70
     |
2185 |         map.insert("__str__".to_string(), MbValue::from_func(exc_str as usize));
     |                                                                      ^^^^^^^^
     |
help: first cast to a pointer `as *const ()`
     |
2185 |         map.insert("__str__".to_string(), MbValue::from_func(exc_str as *const () as usize));
     |                                                                      ++++++++++++

warning: direct cast of function item into an integer
    --> projects/mamba/src/runtime/stdlib/configparser_mod.rs:2187:62
     |
2187 |         super::super::module::register_variadic_func(exc_str as usize as u64);
     |                                                              ^^^^^^^^
     |
help: first cast to a pointer `as *const ()`
     |
2187 |         super::super::module::register_variadic_func(exc_str as *const () as usize as u64);
     |                                                              ++++++++++++

warning: direct cast of function item into an integer
    --> projects/mamba/src/runtime/stdlib/configparser_mod.rs:2196:50
     |
2196 |             MbValue::from_func(init_ParsingError as usize),
     |                                                  ^^^^^^^^
     |
help: first cast to a pointer `as *const ()`
     |
2196 |             MbValue::from_func(init_ParsingError as *const () as usize),
     |                                                  ++++++++++++

warning: direct cast of function item into an integer
    --> projects/mamba/src/runtime/stdlib/configparser_mod.rs:2198:70
     |
2198 |         map.insert("__str__".to_string(), MbValue::from_func(exc_str as usize));
     |                                                                      ^^^^^^^^
     |
help: first cast to a pointer `as *const ()`
     |
2198 |         map.insert("__str__".to_string(), MbValue::from_func(exc_str as *const () as usize));
     |                                                                      ++++++++++++

warning: direct cast of function item into an integer
    --> projects/mamba/src/runtime/stdlib/configparser_mod.rs:2199:71
     |
2199 |         map.insert("append".to_string(), MbValue::from_func(pe_append as usize));
     |                                                                       ^^^^^^^^
     |
help: first cast to a pointer `as *const ()`
     |
2199 |         map.insert("append".to_string(), MbValue::from_func(pe_append as *const () as usize));
     |                                                                       ++++++++++++

warning: direct cast of function item into an integer
    --> projects/mamba/src/runtime/stdlib/configparser_mod.rs:2200:72
     |
2200 |         super::super::module::register_variadic_func(init_ParsingError as usize as u64);
     |                                                                        ^^^^^^^^
     |
help: first cast to a pointer `as *const ()`
     |
2200 |         super::super::module::register_variadic_func(init_ParsingError as *const () as usize as u64);
     |                                                                        ++++++++++++

warning: direct cast of function item into an integer
    --> projects/mamba/src/runtime/stdlib/configparser_mod.rs:2201:64
     |
2201 |         super::super::module::register_variadic_func(pe_append as usize as u64);
     |                                                                ^^^^^^^^
     |
help: first cast to a pointer `as *const ()`
     |
2201 |         super::super::module::register_variadic_func(pe_append as *const () as usize as u64);
     |                                                                ++++++++++++

warning: direct cast of function item into an integer
    --> projects/mamba/src/runtime/stdlib/configparser_mod.rs:2207:70
     |
2207 |         map.insert("__str__".to_string(), MbValue::from_func(exc_str as usize));
     |                                                                      ^^^^^^^^
     |
help: first cast to a pointer `as *const ()`
     |
2207 |         map.insert("__str__".to_string(), MbValue::from_func(exc_str as *const () as usize));
     |                                                                      ++++++++++++

warning: direct cast of function item into an integer
    --> projects/mamba/src/runtime/stdlib/configparser_mod.rs:2237:48
     |
2237 |         ("ConfigParser", dispatch_ConfigParser as usize),
     |                                                ^^^^^^^^
     |
help: first cast to a pointer `as *const ()`
     |
2237 |         ("ConfigParser", dispatch_ConfigParser as *const () as usize),
     |                                                ++++++++++++

warning: direct cast of function item into an integer
    --> projects/mamba/src/runtime/stdlib/configparser_mod.rs:2238:54
     |
2238 |         ("RawConfigParser", dispatch_RawConfigParser as usize),
     |                                                      ^^^^^^^^
     |
help: first cast to a pointer `as *const ()`
     |
2238 |         ("RawConfigParser", dispatch_RawConfigParser as *const () as usize),
     |                                                      ++++++++++++

warning: direct cast of function item into an integer
    --> projects/mamba/src/runtime/stdlib/configparser_mod.rs:2239:60
     |
2239 |         ("BasicInterpolation", dispatch_BasicInterpolation as usize),
     |                                                            ^^^^^^^^
     |
help: first cast to a pointer `as *const ()`
     |
2239 |         ("BasicInterpolation", dispatch_BasicInterpolation as *const () as usize),
     |                                                            ++++++++++++

warning: direct cast of function item into an integer
    --> projects/mamba/src/runtime/stdlib/configparser_mod.rs:2242:44
     |
2242 |             dispatch_ExtendedInterpolation as usize,
     |                                            ^^^^^^^^
     |
help: first cast to a pointer `as *const ()`
     |
2242 |             dispatch_ExtendedInterpolation as *const () as usize,
     |                                            ++++++++++++

warning: direct cast of function item into an integer
    --> projects/mamba/src/runtime/stdlib/configparser_mod.rs:2244:62
     |
2244 |         ("LegacyInterpolation", dispatch_LegacyInterpolation as usize),
     |                                                              ^^^^^^^^
     |
help: first cast to a pointer `as *const ()`
     |
2244 |         ("LegacyInterpolation", dispatch_LegacyInterpolation as *const () as usize),
     |                                                              ++++++++++++

warning: direct cast of function item into an integer
    --> projects/mamba/src/runtime/stdlib/configparser_mod.rs:2245:51
     |
2245 |         ("Interpolation", dispatch_interp_factory as usize),
     |                                                   ^^^^^^^^
     |
help: first cast to a pointer `as *const ()`
     |
2245 |         ("Interpolation", dispatch_interp_factory as *const () as usize),
     |                                                   ++++++++++++

warning: direct cast of function item into an integer
    --> projects/mamba/src/runtime/stdlib/configparser_mod.rs:2246:52
     |
2246 |         ("MutableMapping", dispatch_MutableMapping as usize),
     |                                                    ^^^^^^^^
     |
help: first cast to a pointer `as *const ()`
     |
2246 |         ("MutableMapping", dispatch_MutableMapping as *const () as usize),
     |                                                    ++++++++++++

warning: direct cast of function item into an integer
    --> projects/mamba/src/runtime/stdlib/configparser_mod.rs:2308:43
     |
2308 |             ("read_string", m_read_string as usize, true),
     |                                           ^^^^^^^^
     |
help: first cast to a pointer `as *const ()`
     |
2308 |             ("read_string", m_read_string as *const () as usize, true),
     |                                           ++++++++++++

warning: direct cast of function item into an integer
    --> projects/mamba/src/runtime/stdlib/configparser_mod.rs:2309:39
     |
2309 |             ("read_file", m_read_file as usize, true),
     |                                       ^^^^^^^^
     |
help: first cast to a pointer `as *const ()`
     |
2309 |             ("read_file", m_read_file as *const () as usize, true),
     |                                       ++++++++++++

warning: direct cast of function item into an integer
    --> projects/mamba/src/runtime/stdlib/configparser_mod.rs:2310:29
     |
2310 |             ("read", m_read as usize, true),
     |                             ^^^^^^^^
     |
help: first cast to a pointer `as *const ()`
     |
2310 |             ("read", m_read as *const () as usize, true),
     |                             ++++++++++++

warning: direct cast of function item into an integer
    --> projects/mamba/src/runtime/stdlib/configparser_mod.rs:2311:39
     |
2311 |             ("read_dict", m_read_dict as usize, true),
     |                                       ^^^^^^^^
     |
help: first cast to a pointer `as *const ()`
     |
2311 |             ("read_dict", m_read_dict as *const () as usize, true),
     |                                       ++++++++++++

warning: direct cast of function item into an integer
    --> projects/mamba/src/runtime/stdlib/configparser_mod.rs:2312:37
     |
2312 |             ("sections", m_sections as usize, true),
     |                                     ^^^^^^^^
     |
help: first cast to a pointer `as *const ()`
     |
2312 |             ("sections", m_sections as *const () as usize, true),
     |                                     ++++++++++++

warning: direct cast of function item into an integer
    --> projects/mamba/src/runtime/stdlib/configparser_mod.rs:2313:43
     |
2313 |             ("add_section", m_add_section as usize, true),
     |                                           ^^^^^^^^
     |
help: first cast to a pointer `as *const ()`
     |
2313 |             ("add_section", m_add_section as *const () as usize, true),
     |                                           ++++++++++++

warning: direct cast of function item into an integer
    --> projects/mamba/src/runtime/stdlib/configparser_mod.rs:2314:43
     |
2314 |             ("has_section", m_has_section as usize, true),
     |                                           ^^^^^^^^
     |
help: first cast to a pointer `as *const ()`
     |
2314 |             ("has_section", m_has_section as *const () as usize, true),
     |                                           ++++++++++++

warning: direct cast of function item into an integer
    --> projects/mamba/src/runtime/stdlib/configparser_mod.rs:2315:35
     |
2315 |             ("options", m_options as usize, true),
     |                                   ^^^^^^^^
     |
help: first cast to a pointer `as *const ()`
     |
2315 |             ("options", m_options as *const () as usize, true),
     |                                   ++++++++++++

warning: direct cast of function item into an integer
    --> projects/mamba/src/runtime/stdlib/configparser_mod.rs:2316:41
     |
2316 |             ("has_option", m_has_option as usize, true),
     |                                         ^^^^^^^^
     |
help: first cast to a pointer `as *const ()`
     |
2316 |             ("has_option", m_has_option as *const () as usize, true),
     |                                         ++++++++++++

warning: direct cast of function item into an integer
    --> projects/mamba/src/runtime/stdlib/configparser_mod.rs:2317:27
     |
2317 |             ("get", m_get as usize, true),
     |                           ^^^^^^^^
     |
help: first cast to a pointer `as *const ()`
     |
2317 |             ("get", m_get as *const () as usize, true),
     |                           ++++++++++++

warning: direct cast of function item into an integer
    --> projects/mamba/src/runtime/stdlib/configparser_mod.rs:2318:33
     |
2318 |             ("getint", m_getint as usize, true),
     |                                 ^^^^^^^^
     |
help: first cast to a pointer `as *const ()`
     |
2318 |             ("getint", m_getint as *const () as usize, true),
     |                                 ++++++++++++

warning: direct cast of function item into an integer
    --> projects/mamba/src/runtime/stdlib/configparser_mod.rs:2319:37
     |
2319 |             ("getfloat", m_getfloat as usize, true),
     |                                     ^^^^^^^^
     |
help: first cast to a pointer `as *const ()`
     |
2319 |             ("getfloat", m_getfloat as *const () as usize, true),
     |                                     ++++++++++++

warning: direct cast of function item into an integer
    --> projects/mamba/src/runtime/stdlib/configparser_mod.rs:2320:41
     |
2320 |             ("getboolean", m_getboolean as usize, true),
     |                                         ^^^^^^^^
     |
help: first cast to a pointer `as *const ()`
     |
2320 |             ("getboolean", m_getboolean as *const () as usize, true),
     |                                         ++++++++++++

warning: direct cast of function item into an integer
    --> projects/mamba/src/runtime/stdlib/configparser_mod.rs:2321:31
     |
2321 |             ("items", m_items as usize, true),
     |                               ^^^^^^^^
     |
help: first cast to a pointer `as *const ()`
     |
2321 |             ("items", m_items as *const () as usize, true),
     |                               ++++++++++++

warning: direct cast of function item into an integer
    --> projects/mamba/src/runtime/stdlib/configparser_mod.rs:2322:27
     |
2322 |             ("set", m_set as usize, true),
     |                           ^^^^^^^^
     |
help: first cast to a pointer `as *const ()`
     |
2322 |             ("set", m_set as *const () as usize, true),
     |                           ++++++++++++

warning: direct cast of function item into an integer
    --> projects/mamba/src/runtime/stdlib/configparser_mod.rs:2323:47
     |
2323 |             ("remove_option", m_remove_option as usize, true),
     |                                               ^^^^^^^^
     |
help: first cast to a pointer `as *const ()`
     |
2323 |             ("remove_option", m_remove_option as *const () as usize, true),
     |                                               ++++++++++++

warning: direct cast of function item into an integer
    --> projects/mamba/src/runtime/stdlib/configparser_mod.rs:2324:49
     |
2324 |             ("remove_section", m_remove_section as usize, true),
     |                                                 ^^^^^^^^
     |
help: first cast to a pointer `as *const ()`
     |
2324 |             ("remove_section", m_remove_section as *const () as usize, true),
     |                                                 ++++++++++++

warning: direct cast of function item into an integer
    --> projects/mamba/src/runtime/stdlib/configparser_mod.rs:2325:37
     |
2325 |             ("defaults", m_defaults as usize, true),
     |                                     ^^^^^^^^
     |
help: first cast to a pointer `as *const ()`
     |
2325 |             ("defaults", m_defaults as *const () as usize, true),
     |                                     ++++++++++++

warning: direct cast of function item into an integer
    --> projects/mamba/src/runtime/stdlib/configparser_mod.rs:2326:31
     |
2326 |             ("clear", m_clear as usize, true),
     |                               ^^^^^^^^
     |
help: first cast to a pointer `as *const ()`
     |
2326 |             ("clear", m_clear as *const () as usize, true),
     |                               ++++++++++++

warning: direct cast of function item into an integer
    --> projects/mamba/src/runtime/stdlib/configparser_mod.rs:2327:31
     |
2327 |             ("write", m_write as usize, true),
     |                               ^^^^^^^^
     |
help: first cast to a pointer `as *const ()`
     |
2327 |             ("write", m_write as *const () as usize, true),
     |                               ++++++++++++

warning: direct cast of function item into an integer
    --> projects/mamba/src/runtime/stdlib/configparser_mod.rs:2328:34
     |
2328 |             ("keys", m_iter_keys as usize, true),
     |                                  ^^^^^^^^
     |
help: first cast to a pointer `as *const ()`
     |
2328 |             ("keys", m_iter_keys as *const () as usize, true),
     |                                  ++++++++++++

warning: direct cast of function item into an integer
    --> projects/mamba/src/runtime/stdlib/configparser_mod.rs:2329:39
     |
2329 |             ("__getitem__", m_getitem as usize, true),
     |                                       ^^^^^^^^
     |
help: first cast to a pointer `as *const ()`
     |
2329 |             ("__getitem__", m_getitem as *const () as usize, true),
     |                                       ++++++++++++

warning: direct cast of function item into an integer
    --> projects/mamba/src/runtime/stdlib/configparser_mod.rs:2330:39
     |
2330 |             ("__setitem__", m_setitem as usize, true),
     |                                       ^^^^^^^^
     |
help: first cast to a pointer `as *const ()`
     |
2330 |             ("__setitem__", m_setitem as *const () as usize, true),
     |                                       ++++++++++++

warning: direct cast of function item into an integer
    --> projects/mamba/src/runtime/stdlib/configparser_mod.rs:2331:41
     |
2331 |             ("__contains__", m_contains as usize, true),
     |                                         ^^^^^^^^
     |
help: first cast to a pointer `as *const ()`
     |
2331 |             ("__contains__", m_contains as *const () as usize, true),
     |                                         ++++++++++++

warning: direct cast of function item into an integer
    --> projects/mamba/src/runtime/stdlib/configparser_mod.rs:2332:33
     |
2332 |             ("__iter__", m_iter as usize, true),
     |                                 ^^^^^^^^
     |
help: first cast to a pointer `as *const ()`
     |
2332 |             ("__iter__", m_iter as *const () as usize, true),
     |                                 ++++++++++++

warning: direct cast of function item into an integer
    --> projects/mamba/src/runtime/stdlib/configparser_mod.rs:2333:31
     |
2333 |             ("__len__", m_len as usize, true),
     |                               ^^^^^^^^
     |
help: first cast to a pointer `as *const ()`
     |
2333 |             ("__len__", m_len as *const () as usize, true),
     |                               ++++++++++++

warning: direct cast of function item into an integer
    --> projects/mamba/src/runtime/stdlib/configparser_mod.rs:2334:46
     |
2334 |             ("__getattr__", m_parser_getattr as usize, false),
     |                                              ^^^^^^^^
     |
help: first cast to a pointer `as *const ()`
     |
2334 |             ("__getattr__", m_parser_getattr as *const () as usize, false),
     |                                              ++++++++++++

warning: direct cast of function item into an integer
    --> projects/mamba/src/runtime/stdlib/configparser_mod.rs:2342:27
     |
2342 |             ("get", p_get as usize, true),
     |                           ^^^^^^^^
     |
help: first cast to a pointer `as *const ()`
     |
2342 |             ("get", p_get as *const () as usize, true),
     |                           ++++++++++++

warning: direct cast of function item into an integer
    --> projects/mamba/src/runtime/stdlib/configparser_mod.rs:2343:33
     |
2343 |             ("getint", p_getint as usize, true),
     |                                 ^^^^^^^^
     |
help: first cast to a pointer `as *const ()`
     |
2343 |             ("getint", p_getint as *const () as usize, true),
     |                                 ++++++++++++

warning: direct cast of function item into an integer
    --> projects/mamba/src/runtime/stdlib/configparser_mod.rs:2344:37
     |
2344 |             ("getfloat", p_getfloat as usize, true),
     |                                     ^^^^^^^^
     |
help: first cast to a pointer `as *const ()`
     |
2344 |             ("getfloat", p_getfloat as *const () as usize, true),
     |                                     ++++++++++++

warning: direct cast of function item into an integer
    --> projects/mamba/src/runtime/stdlib/configparser_mod.rs:2345:41
     |
2345 |             ("getboolean", p_getboolean as usize, true),
     |                                         ^^^^^^^^
     |
help: first cast to a pointer `as *const ()`
     |
2345 |             ("getboolean", p_getboolean as *const () as usize, true),
     |                                         ++++++++++++

warning: direct cast of function item into an integer
    --> projects/mamba/src/runtime/stdlib/configparser_mod.rs:2346:29
     |
2346 |             ("keys", p_keys as usize, true),
     |                             ^^^^^^^^
     |
help: first cast to a pointer `as *const ()`
     |
2346 |             ("keys", p_keys as *const () as usize, true),
     |                             ++++++++++++

warning: direct cast of function item into an integer
    --> projects/mamba/src/runtime/stdlib/configparser_mod.rs:2347:31
     |
2347 |             ("items", p_items as usize, true),
     |                               ^^^^^^^^
     |
help: first cast to a pointer `as *const ()`
     |
2347 |             ("items", p_items as *const () as usize, true),
     |                               ++++++++++++

warning: direct cast of function item into an integer
    --> projects/mamba/src/runtime/stdlib/configparser_mod.rs:2348:29
     |
2348 |             ("name", p_name as usize, true),
     |                             ^^^^^^^^
     |
help: first cast to a pointer `as *const ()`
     |
2348 |             ("name", p_name as *const () as usize, true),
     |                             ++++++++++++

warning: direct cast of function item into an integer
    --> projects/mamba/src/runtime/stdlib/configparser_mod.rs:2349:39
     |
2349 |             ("__getitem__", p_getitem as usize, true),
     |                                       ^^^^^^^^
     |
help: first cast to a pointer `as *const ()`
     |
2349 |             ("__getitem__", p_getitem as *const () as usize, true),
     |                                       ++++++++++++

warning: direct cast of function item into an integer
    --> projects/mamba/src/runtime/stdlib/configparser_mod.rs:2350:39
     |
2350 |             ("__setitem__", p_setitem as usize, true),
     |                                       ^^^^^^^^
     |
help: first cast to a pointer `as *const ()`
     |
2350 |             ("__setitem__", p_setitem as *const () as usize, true),
     |                                       ++++++++++++

warning: direct cast of function item into an integer
    --> projects/mamba/src/runtime/stdlib/configparser_mod.rs:2351:41
     |
2351 |             ("__contains__", p_contains as usize, true),
     |                                         ^^^^^^^^
     |
help: first cast to a pointer `as *const ()`
     |
2351 |             ("__contains__", p_contains as *const () as usize, true),
     |                                         ++++++++++++

warning: direct cast of function item into an integer
    --> projects/mamba/src/runtime/stdlib/configparser_mod.rs:2352:33
     |
2352 |             ("__iter__", p_iter as usize, true),
     |                                 ^^^^^^^^
     |
help: first cast to a pointer `as *const ()`
     |
2352 |             ("__iter__", p_iter as *const () as usize, true),
     |                                 ++++++++++++

warning: direct cast of function item into an integer
    --> projects/mamba/src/runtime/stdlib/configparser_mod.rs:2353:31
     |
2353 |             ("__len__", p_len as usize, true),
     |                               ^^^^^^^^
     |
help: first cast to a pointer `as *const ()`
     |
2353 |             ("__len__", p_len as *const () as usize, true),
     |                               ++++++++++++

warning: direct cast of function item into an integer
    --> projects/mamba/src/runtime/stdlib/configparser_mod.rs:2354:33
     |
2354 |             ("__repr__", p_repr as usize, true),
     |                                 ^^^^^^^^
     |
help: first cast to a pointer `as *const ()`
     |
2354 |             ("__repr__", p_repr as *const () as usize, true),
     |                                 ++++++++++++

warning: direct cast of function item into an integer
    --> projects/mamba/src/runtime/stdlib/configparser_mod.rs:2355:39
     |
2355 |             ("__getattr__", p_getattr as usize, false),
     |                                       ^^^^^^^^
     |
help: first cast to a pointer `as *const ()`
     |
2355 |             ("__getattr__", p_getattr as *const () as usize, false),
     |                                       ++++++++++++

warning: direct cast of function item into an integer
    --> projects/mamba/src/runtime/stdlib/configparser_mod.rs:2362:33
     |
2362 |         &[("__call__", acc_call as usize, true)],
     |                                 ^^^^^^^^
     |
help: first cast to a pointer `as *const ()`
     |
2362 |         &[("__call__", acc_call as *const () as usize, true)],
     |                                 ++++++++++++

warning: direct cast of function item into an integer
    --> projects/mamba/src/runtime/stdlib/ctypes_mod.rs:1230:40
     |
1230 |         &[("__getattr__", cdll_getattr as usize, false)],
     |                                        ^^^^^^^^
     |
help: first cast to a pointer `as *const ()`
     |
1230 |         &[("__getattr__", cdll_getattr as *const () as usize, false)],
     |                                        ++++++++++++

warning: direct cast of function item into an integer
    --> projects/mamba/src/runtime/stdlib/ctypes_mod.rs:1235:38
     |
1235 |         &[("__call__", cfuncptr_call as usize, true)],
     |                                      ^^^^^^^^
     |
help: first cast to a pointer `as *const ()`
     |
1235 |         &[("__call__", cfuncptr_call as *const () as usize, true)],
     |                                      ++++++++++++

warning: direct cast of function item into an integer
    --> projects/mamba/src/runtime/stdlib/ctypes_mod.rs:1241:50
     |
1241 |             ("__getitem__", ctypes_array_getitem as usize, true),
     |                                                  ^^^^^^^^
     |
help: first cast to a pointer `as *const ()`
     |
1241 |             ("__getitem__", ctypes_array_getitem as *const () as usize, true),
     |                                                  ++++++++++++

warning: direct cast of function item into an integer
    --> projects/mamba/src/runtime/stdlib/ctypes_mod.rs:1242:50
     |
1242 |             ("__setitem__", ctypes_array_setitem as usize, true),
     |                                                  ^^^^^^^^
     |
help: first cast to a pointer `as *const ()`
     |
1242 |             ("__setitem__", ctypes_array_setitem as *const () as usize, true),
     |                                                  ++++++++++++

warning: direct cast of function item into an integer
    --> projects/mamba/src/runtime/stdlib/ctypes_mod.rs:1364:46
     |
1364 |         MbValue::from_func(dispatch_int_zero as usize),
     |                                              ^^^^^^^^
     |
help: first cast to a pointer `as *const ()`
     |
1364 |         MbValue::from_func(dispatch_int_zero as *const () as usize),
     |                                              ++++++++++++

warning: direct cast of function item into an integer
    --> projects/mamba/src/runtime/stdlib/ctypes_mod.rs:1368:46
     |
1368 |         MbValue::from_func(dispatch_int_zero as usize),
     |                                              ^^^^^^^^
     |
help: first cast to a pointer `as *const ()`
     |
1368 |         MbValue::from_func(dispatch_int_zero as *const () as usize),
     |                                              ++++++++++++

warning: direct cast of function item into an integer
    --> projects/mamba/src/runtime/stdlib/ctypes_mod.rs:1372:46
     |
1372 |         MbValue::from_func(dispatch_int_zero as usize),
     |                                              ^^^^^^^^
     |
help: first cast to a pointer `as *const ()`
     |
1372 |         MbValue::from_func(dispatch_int_zero as *const () as usize),
     |                                              ++++++++++++

warning: direct cast of function item into an integer
    --> projects/mamba/src/runtime/stdlib/ctypes_mod.rs:1376:46
     |
1376 |         MbValue::from_func(dispatch_int_zero as usize),
     |                                              ^^^^^^^^
     |
help: first cast to a pointer `as *const ()`
     |
1376 |         MbValue::from_func(dispatch_int_zero as *const () as usize),
     |                                              ++++++++++++

warning: direct cast of function item into an integer
    --> projects/mamba/src/runtime/stdlib/ctypes_mod.rs:1380:47
     |
1380 |         MbValue::from_func(dispatch_empty_str as usize),
     |                                               ^^^^^^^^
     |
help: first cast to a pointer `as *const ()`
     |
1380 |         MbValue::from_func(dispatch_empty_str as *const () as usize),
     |                                               ++++++++++++

warning: direct cast of function item into an integer
    --> projects/mamba/src/runtime/stdlib/ctypes_mod.rs:1386:46
     |
1386 |         MbValue::from_func(dispatch_int_zero as usize),
     |                                              ^^^^^^^^
     |
help: first cast to a pointer `as *const ()`
     |
1386 |         MbValue::from_func(dispatch_int_zero as *const () as usize),
     |                                              ++++++++++++

warning: direct cast of function item into an integer
    --> projects/mamba/src/runtime/stdlib/ctypes_mod.rs:1390:46
     |
1390 |         MbValue::from_func(dispatch_int_zero as usize),
     |                                              ^^^^^^^^
     |
help: first cast to a pointer `as *const ()`
     |
1390 |         MbValue::from_func(dispatch_int_zero as *const () as usize),
     |                                              ++++++++++++

warning: direct cast of function item into an integer
    --> projects/mamba/src/runtime/stdlib/ctypes_mod.rs:1394:46
     |
1394 |         MbValue::from_func(dispatch_int_zero as usize),
     |                                              ^^^^^^^^
     |
help: first cast to a pointer `as *const ()`
     |
1394 |         MbValue::from_func(dispatch_int_zero as *const () as usize),
     |                                              ++++++++++++

warning: direct cast of function item into an integer
    --> projects/mamba/src/runtime/stdlib/ctypes_mod.rs:1403:27
     |
1403 |         dispatch_int_zero as usize,
     |                           ^^^^^^^^
     |
help: first cast to a pointer `as *const ()`
     |
1403 |         dispatch_int_zero as *const () as usize,
     |                           ++++++++++++

warning: direct cast of function item into an integer
    --> projects/mamba/src/runtime/stdlib/ctypes_mod.rs:1404:28
     |
1404 |         dispatch_empty_str as usize,
     |                            ^^^^^^^^
     |
help: first cast to a pointer `as *const ()`
     |
1404 |         dispatch_empty_str as *const () as usize,
     |                            ++++++++++++

warning: direct cast of function item into an integer
    --> projects/mamba/src/runtime/stdlib/ctypes_mod.rs:1420:46
     |
1420 |         MbValue::from_func(dispatch_cdll_new as usize),
     |                                              ^^^^^^^^
     |
help: first cast to a pointer `as *const ()`
     |
1420 |         MbValue::from_func(dispatch_cdll_new as *const () as usize),
     |                                              ++++++++++++

warning: direct cast of function item into an integer
    --> projects/mamba/src/runtime/stdlib/ctypes_mod.rs:1424:46
     |
1424 |         MbValue::from_func(dispatch_cdll_new as usize),
     |                                              ^^^^^^^^
     |
help: first cast to a pointer `as *const ()`
     |
1424 |         MbValue::from_func(dispatch_cdll_new as *const () as usize),
     |                                              ++++++++++++

warning: direct cast of function item into an integer
    --> projects/mamba/src/runtime/stdlib/ctypes_mod.rs:1426:40
     |
1426 |     register_addrs(&[dispatch_cdll_new as usize]);
     |                                        ^^^^^^^^
     |
help: first cast to a pointer `as *const ()`
     |
1426 |     register_addrs(&[dispatch_cdll_new as *const () as usize]);
     |                                        ++++++++++++

warning: direct cast of function item into an integer
    --> projects/mamba/src/runtime/stdlib/ctypes_mod.rs:1427:71
     |
1427 |     super::super::module::register_native_type_name(dispatch_cdll_new as u64, "CDLL".to_string());
     |                                                                       ^^^^^^
     |
help: first cast to a pointer `as *const ()`
     |
1427 |     super::super::module::register_native_type_name(dispatch_cdll_new as *const () as u64, "CDLL".to_string());
     |                                                                       ++++++++++++

warning: direct cast of function item into an integer
    --> projects/mamba/src/runtime/stdlib/ctypes_mod.rs:1431:32
     |
1431 |         ("c_bool", ctor_c_bool as usize),
     |                                ^^^^^^^^
     |
help: first cast to a pointer `as *const ()`
     |
1431 |         ("c_bool", ctor_c_bool as *const () as usize),
     |                                ++++++++++++

warning: direct cast of function item into an integer
    --> projects/mamba/src/runtime/stdlib/ctypes_mod.rs:1432:32
     |
1432 |         ("c_byte", ctor_c_byte as usize),
     |                                ^^^^^^^^
     |
help: first cast to a pointer `as *const ()`
     |
1432 |         ("c_byte", ctor_c_byte as *const () as usize),
     |                                ++++++++++++

warning: direct cast of function item into an integer
    --> projects/mamba/src/runtime/stdlib/ctypes_mod.rs:1433:34
     |
1433 |         ("c_ubyte", ctor_c_ubyte as usize),
     |                                  ^^^^^^^^
     |
help: first cast to a pointer `as *const ()`
     |
1433 |         ("c_ubyte", ctor_c_ubyte as *const () as usize),
     |                                  ++++++++++++

warning: direct cast of function item into an integer
    --> projects/mamba/src/runtime/stdlib/ctypes_mod.rs:1434:32
     |
1434 |         ("c_char", ctor_c_char as usize),
     |                                ^^^^^^^^
     |
help: first cast to a pointer `as *const ()`
     |
1434 |         ("c_char", ctor_c_char as *const () as usize),
     |                                ++++++++++++

warning: direct cast of function item into an integer
    --> projects/mamba/src/runtime/stdlib/ctypes_mod.rs:1435:34
     |
1435 |         ("c_short", ctor_c_short as usize),
     |                                  ^^^^^^^^
     |
help: first cast to a pointer `as *const ()`
     |
1435 |         ("c_short", ctor_c_short as *const () as usize),
     |                                  ++++++++++++

warning: direct cast of function item into an integer
    --> projects/mamba/src/runtime/stdlib/ctypes_mod.rs:1436:36
     |
1436 |         ("c_ushort", ctor_c_ushort as usize),
     |                                    ^^^^^^^^
     |
help: first cast to a pointer `as *const ()`
     |
1436 |         ("c_ushort", ctor_c_ushort as *const () as usize),
     |                                    ++++++++++++

warning: direct cast of function item into an integer
    --> projects/mamba/src/runtime/stdlib/ctypes_mod.rs:1437:30
     |
1437 |         ("c_int", ctor_c_int as usize),
     |                              ^^^^^^^^
     |
help: first cast to a pointer `as *const ()`
     |
1437 |         ("c_int", ctor_c_int as *const () as usize),
     |                              ++++++++++++

warning: direct cast of function item into an integer
    --> projects/mamba/src/runtime/stdlib/ctypes_mod.rs:1438:32
     |
1438 |         ("c_uint", ctor_c_uint as usize),
     |                                ^^^^^^^^
     |
help: first cast to a pointer `as *const ()`
     |
1438 |         ("c_uint", ctor_c_uint as *const () as usize),
     |                                ++++++++++++

warning: direct cast of function item into an integer
    --> projects/mamba/src/runtime/stdlib/ctypes_mod.rs:1439:32
     |
1439 |         ("c_long", ctor_c_long as usize),
     |                                ^^^^^^^^
     |
help: first cast to a pointer `as *const ()`
     |
1439 |         ("c_long", ctor_c_long as *const () as usize),
     |                                ++++++++++++

warning: direct cast of function item into an integer
    --> projects/mamba/src/runtime/stdlib/ctypes_mod.rs:1440:34
     |
1440 |         ("c_ulong", ctor_c_ulong as usize),
     |                                  ^^^^^^^^
     |
help: first cast to a pointer `as *const ()`
     |
1440 |         ("c_ulong", ctor_c_ulong as *const () as usize),
     |                                  ++++++++++++

warning: direct cast of function item into an integer
    --> projects/mamba/src/runtime/stdlib/ctypes_mod.rs:1441:40
     |
1441 |         ("c_longlong", ctor_c_longlong as usize),
     |                                        ^^^^^^^^
     |
help: first cast to a pointer `as *const ()`
     |
1441 |         ("c_longlong", ctor_c_longlong as *const () as usize),
     |                                        ++++++++++++

warning: direct cast of function item into an integer
    --> projects/mamba/src/runtime/stdlib/ctypes_mod.rs:1442:42
     |
1442 |         ("c_ulonglong", ctor_c_ulonglong as usize),
     |                                          ^^^^^^^^
     |
help: first cast to a pointer `as *const ()`
     |
1442 |         ("c_ulonglong", ctor_c_ulonglong as *const () as usize),
     |                                          ++++++++++++

warning: direct cast of function item into an integer
    --> projects/mamba/src/runtime/stdlib/ctypes_mod.rs:1443:32
     |
1443 |         ("c_int8", ctor_c_int8 as usize),
     |                                ^^^^^^^^
     |
help: first cast to a pointer `as *const ()`
     |
1443 |         ("c_int8", ctor_c_int8 as *const () as usize),
     |                                ++++++++++++

warning: direct cast of function item into an integer
    --> projects/mamba/src/runtime/stdlib/ctypes_mod.rs:1444:34
     |
1444 |         ("c_uint8", ctor_c_uint8 as usize),
     |                                  ^^^^^^^^
     |
help: first cast to a pointer `as *const ()`
     |
1444 |         ("c_uint8", ctor_c_uint8 as *const () as usize),
     |                                  ++++++++++++

warning: direct cast of function item into an integer
    --> projects/mamba/src/runtime/stdlib/ctypes_mod.rs:1445:34
     |
1445 |         ("c_int16", ctor_c_int16 as usize),
     |                                  ^^^^^^^^
     |
help: first cast to a pointer `as *const ()`
     |
1445 |         ("c_int16", ctor_c_int16 as *const () as usize),
     |                                  ++++++++++++

warning: direct cast of function item into an integer
    --> projects/mamba/src/runtime/stdlib/ctypes_mod.rs:1446:36
     |
1446 |         ("c_uint16", ctor_c_uint16 as usize),
     |                                    ^^^^^^^^
     |
help: first cast to a pointer `as *const ()`
     |
1446 |         ("c_uint16", ctor_c_uint16 as *const () as usize),
     |                                    ++++++++++++

warning: direct cast of function item into an integer
    --> projects/mamba/src/runtime/stdlib/ctypes_mod.rs:1447:34
     |
1447 |         ("c_int32", ctor_c_int32 as usize),
     |                                  ^^^^^^^^
     |
help: first cast to a pointer `as *const ()`
     |
1447 |         ("c_int32", ctor_c_int32 as *const () as usize),
     |                                  ++++++++++++

warning: direct cast of function item into an integer
    --> projects/mamba/src/runtime/stdlib/ctypes_mod.rs:1448:36
     |
1448 |         ("c_uint32", ctor_c_uint32 as usize),
     |                                    ^^^^^^^^
     |
help: first cast to a pointer `as *const ()`
     |
1448 |         ("c_uint32", ctor_c_uint32 as *const () as usize),
     |                                    ++++++++++++

warning: direct cast of function item into an integer
    --> projects/mamba/src/runtime/stdlib/ctypes_mod.rs:1449:34
     |
1449 |         ("c_int64", ctor_c_int64 as usize),
     |                                  ^^^^^^^^
     |
help: first cast to a pointer `as *const ()`
     |
1449 |         ("c_int64", ctor_c_int64 as *const () as usize),
     |                                  ++++++++++++

warning: direct cast of function item into an integer
    --> projects/mamba/src/runtime/stdlib/ctypes_mod.rs:1450:36
     |
1450 |         ("c_uint64", ctor_c_uint64 as usize),
     |                                    ^^^^^^^^
     |
help: first cast to a pointer `as *const ()`
     |
1450 |         ("c_uint64", ctor_c_uint64 as *const () as usize),
     |                                    ++++++++++++

warning: direct cast of function item into an integer
    --> projects/mamba/src/runtime/stdlib/ctypes_mod.rs:1451:36
     |
1451 |         ("c_size_t", ctor_c_size_t as usize),
     |                                    ^^^^^^^^
     |
help: first cast to a pointer `as *const ()`
     |
1451 |         ("c_size_t", ctor_c_size_t as *const () as usize),
     |                                    ++++++++++++

warning: direct cast of function item into an integer
    --> projects/mamba/src/runtime/stdlib/ctypes_mod.rs:1452:38
     |
1452 |         ("c_ssize_t", ctor_c_ssize_t as usize),
     |                                      ^^^^^^^^
     |
help: first cast to a pointer `as *const ()`
     |
1452 |         ("c_ssize_t", ctor_c_ssize_t as *const () as usize),
     |                                      ++++++++++++

warning: direct cast of function item into an integer
    --> projects/mamba/src/runtime/stdlib/ctypes_mod.rs:1453:36
     |
1453 |         ("c_double", ctor_c_double as usize),
     |                                    ^^^^^^^^
     |
help: first cast to a pointer `as *const ()`
     |
1453 |         ("c_double", ctor_c_double as *const () as usize),
     |                                    ++++++++++++

warning: direct cast of function item into an integer
    --> projects/mamba/src/runtime/stdlib/ctypes_mod.rs:1454:34
     |
1454 |         ("c_float", ctor_c_float as usize),
     |                                  ^^^^^^^^
     |
help: first cast to a pointer `as *const ()`
     |
1454 |         ("c_float", ctor_c_float as *const () as usize),
     |                                  ++++++++++++

warning: direct cast of function item into an integer
    --> projects/mamba/src/runtime/stdlib/ctypes_mod.rs:1455:44
     |
1455 |         ("c_longdouble", ctor_c_longdouble as usize),
     |                                            ^^^^^^^^
     |
help: first cast to a pointer `as *const ()`
     |
1455 |         ("c_longdouble", ctor_c_longdouble as *const () as usize),
     |                                            ++++++++++++

warning: direct cast of function item into an integer
    --> projects/mamba/src/runtime/stdlib/ctypes_mod.rs:1456:36
     |
1456 |         ("c_void_p", ctor_c_void_p as usize),
     |                                    ^^^^^^^^
     |
help: first cast to a pointer `as *const ()`
     |
1456 |         ("c_void_p", ctor_c_void_p as *const () as usize),
     |                                    ++++++++++++

warning: direct cast of function item into an integer
    --> projects/mamba/src/runtime/stdlib/ctypes_mod.rs:1457:36
     |
1457 |         ("c_char_p", ctor_c_char_p as usize),
     |                                    ^^^^^^^^
     |
help: first cast to a pointer `as *const ()`
     |
1457 |         ("c_char_p", ctor_c_char_p as *const () as usize),
     |                                    ++++++++++++

warning: direct cast of function item into an integer
    --> projects/mamba/src/runtime/stdlib/ctypes_mod.rs:1458:34
     |
1458 |         ("c_wchar", ctor_c_wchar as usize),
     |                                  ^^^^^^^^
     |
help: first cast to a pointer `as *const ()`
     |
1458 |         ("c_wchar", ctor_c_wchar as *const () as usize),
     |                                  ++++++++++++

warning: direct cast of function item into an integer
    --> projects/mamba/src/runtime/stdlib/ctypes_mod.rs:1459:38
     |
1459 |         ("c_wchar_p", ctor_c_wchar_p as usize),
     |                                      ^^^^^^^^
     |
help: first cast to a pointer `as *const ()`
     |
1459 |         ("c_wchar_p", ctor_c_wchar_p as *const () as usize),
     |                                      ++++++++++++

warning: direct cast of function item into an integer
    --> projects/mamba/src/runtime/stdlib/ctypes_mod.rs:1467:69
     |
1467 |     attrs.insert("c_voidp".into(), MbValue::from_func(ctor_c_void_p as usize));
     |                                                                     ^^^^^^^^
     |
help: first cast to a pointer `as *const ()`
     |
1467 |     attrs.insert("c_voidp".into(), MbValue::from_func(ctor_c_void_p as *const () as usize));
     |                                                                     ++++++++++++

warning: direct cast of function item into an integer
    --> projects/mamba/src/runtime/stdlib/ctypes_mod.rs:1472:50
     |
1472 |         MbValue::from_func(dispatch_pointer_type as usize),
     |                                                  ^^^^^^^^
     |
help: first cast to a pointer `as *const ()`
     |
1472 |         MbValue::from_func(dispatch_pointer_type as *const () as usize),
     |                                                  ++++++++++++

warning: direct cast of function item into an integer
    --> projects/mamba/src/runtime/stdlib/ctypes_mod.rs:1476:45
     |
1476 |         MbValue::from_func(dispatch_pointer as usize),
     |                                             ^^^^^^^^
     |
help: first cast to a pointer `as *const ()`
     |
1476 |         MbValue::from_func(dispatch_pointer as *const () as usize),
     |                                             ++++++++++++

warning: direct cast of function item into an integer
    --> projects/mamba/src/runtime/stdlib/ctypes_mod.rs:1478:68
     |
1478 |     attrs.insert("byref".into(), MbValue::from_func(dispatch_byref as usize));
     |                                                                    ^^^^^^^^
     |
help: first cast to a pointer `as *const ()`
     |
1478 |     attrs.insert("byref".into(), MbValue::from_func(dispatch_byref as *const () as usize));
     |                                                                    ++++++++++++

warning: direct cast of function item into an integer
    --> projects/mamba/src/runtime/stdlib/ctypes_mod.rs:1481:44
     |
1481 |         MbValue::from_func(dispatch_sizeof as usize),
     |                                            ^^^^^^^^
     |
help: first cast to a pointer `as *const ()`
     |
1481 |         MbValue::from_func(dispatch_sizeof as *const () as usize),
     |                                            ++++++++++++

warning: direct cast of function item into an integer
    --> projects/mamba/src/runtime/stdlib/ctypes_mod.rs:1484:31
     |
1484 |         dispatch_pointer_type as usize,
     |                               ^^^^^^^^
     |
help: first cast to a pointer `as *const ()`
     |
1484 |         dispatch_pointer_type as *const () as usize,
     |                               ++++++++++++

warning: direct cast of function item into an integer
    --> projects/mamba/src/runtime/stdlib/ctypes_mod.rs:1485:26
     |
1485 |         dispatch_pointer as usize,
     |                          ^^^^^^^^
     |
help: first cast to a pointer `as *const ()`
     |
1485 |         dispatch_pointer as *const () as usize,
     |                          ++++++++++++

warning: direct cast of function item into an integer
    --> projects/mamba/src/runtime/stdlib/ctypes_mod.rs:1486:24
     |
1486 |         dispatch_byref as usize,
     |                        ^^^^^^^^
     |
help: first cast to a pointer `as *const ()`
     |
1486 |         dispatch_byref as *const () as usize,
     |                        ++++++++++++

warning: direct cast of function item into an integer
    --> projects/mamba/src/runtime/stdlib/ctypes_mod.rs:1487:25
     |
1487 |         dispatch_sizeof as usize,
     |                         ^^^^^^^^
     |
help: first cast to a pointer `as *const ()`
     |
1487 |         dispatch_sizeof as *const () as usize,
     |                         ++++++++++++

warning: direct cast of function item into an integer
    --> projects/mamba/src/runtime/stdlib/ctypes_mod.rs:1537:50
     |
1537 |         MbValue::from_func(dispatch_pointer_type as usize),
     |                                                  ^^^^^^^^
     |
help: first cast to a pointer `as *const ()`
     |
1537 |         MbValue::from_func(dispatch_pointer_type as *const () as usize),
     |                                                  ++++++++++++

warning: direct cast of function item into an integer
    --> projects/mamba/src/runtime/stdlib/ctypes_mod.rs:1541:45
     |
1541 |         MbValue::from_func(dispatch_pointer as usize),
     |                                             ^^^^^^^^
     |
help: first cast to a pointer `as *const ()`
     |
1541 |         MbValue::from_func(dispatch_pointer as *const () as usize),
     |                                             ++++++++++++

warning: direct cast of function item into an integer
    --> projects/mamba/src/runtime/stdlib/ctypes_mod.rs:1547:44
     |
1547 |         MbValue::from_func(dispatch_sizeof as usize),
     |                                            ^^^^^^^^
     |
help: first cast to a pointer `as *const ()`
     |
1547 |         MbValue::from_func(dispatch_sizeof as *const () as usize),
     |                                            ++++++++++++

warning: direct cast of function item into an integer
    --> projects/mamba/src/runtime/stdlib/ctypes_mod.rs:1557:42
     |
1557 |         MbValue::from_func(dispatch_noop as usize),
     |                                          ^^^^^^^^
     |
help: first cast to a pointer `as *const ()`
     |
1557 |         MbValue::from_func(dispatch_noop as *const () as usize),
     |                                          ++++++++++++

warning: direct cast of function item into an integer
    --> projects/mamba/src/runtime/stdlib/ctypes_mod.rs:1561:42
     |
1561 |         MbValue::from_func(dispatch_noop as usize),
     |                                          ^^^^^^^^
     |
help: first cast to a pointer `as *const ()`
     |
1561 |         MbValue::from_func(dispatch_noop as *const () as usize),
     |                                          ++++++++++++

warning: direct cast of function item into an integer
    --> projects/mamba/src/runtime/stdlib/ctypes_mod.rs:1563:36
     |
1563 |     register_addrs(&[dispatch_noop as usize]);
     |                                    ^^^^^^^^
     |
help: first cast to a pointer `as *const ()`
     |
1563 |     register_addrs(&[dispatch_noop as *const () as usize]);
     |                                    ++++++++++++

warning: direct cast of function item into an integer
   --> projects/mamba/src/runtime/stdlib/difflib_mod.rs:243:32
    |
243 |         ("ratio", method_ratio as usize),
    |                                ^^^^^^^^
    |
help: first cast to a pointer `as *const ()`
    |
243 |         ("ratio", method_ratio as *const () as usize),
    |                                ++++++++++++

warning: direct cast of function item into an integer
   --> projects/mamba/src/runtime/stdlib/difflib_mod.rs:244:44
    |
244 |         ("quick_ratio", method_quick_ratio as usize),
    |                                            ^^^^^^^^
    |
help: first cast to a pointer `as *const ()`
    |
244 |         ("quick_ratio", method_quick_ratio as *const () as usize),
    |                                            ++++++++++++

warning: direct cast of function item into an integer
   --> projects/mamba/src/runtime/stdlib/difflib_mod.rs:245:54
    |
245 |         ("real_quick_ratio", method_real_quick_ratio as usize),
    |                                                      ^^^^^^^^
    |
help: first cast to a pointer `as *const ()`
    |
245 |         ("real_quick_ratio", method_real_quick_ratio as *const () as usize),
    |                                                      ++++++++++++

warning: direct cast of function item into an integer
   --> projects/mamba/src/runtime/stdlib/difflib_mod.rs:246:44
    |
246 |         ("get_opcodes", method_get_opcodes as usize),
    |                                            ^^^^^^^^
    |
help: first cast to a pointer `as *const ()`
    |
246 |         ("get_opcodes", method_get_opcodes as *const () as usize),
    |                                            ++++++++++++

warning: direct cast of function item into an integer
   --> projects/mamba/src/runtime/stdlib/difflib_mod.rs:247:60
    |
247 |         ("get_matching_blocks", method_get_matching_blocks as usize),
    |                                                            ^^^^^^^^
    |
help: first cast to a pointer `as *const ()`
    |
247 |         ("get_matching_blocks", method_get_matching_blocks as *const () as usize),
    |                                                            ++++++++++++

warning: direct cast of function item into an integer
   --> projects/mamba/src/runtime/stdlib/difflib_mod.rs:248:60
    |
248 |         ("get_grouped_opcodes", method_get_grouped_opcodes as usize),
    |                                                            ^^^^^^^^
    |
help: first cast to a pointer `as *const ()`
    |
248 |         ("get_grouped_opcodes", method_get_grouped_opcodes as *const () as usize),
    |                                                            ++++++++++++

warning: direct cast of function item into an integer
   --> projects/mamba/src/runtime/stdlib/difflib_mod.rs:249:58
    |
249 |         ("find_longest_match", method_find_longest_match as usize),
    |                                                          ^^^^^^^^
    |
help: first cast to a pointer `as *const ()`
    |
249 |         ("find_longest_match", method_find_longest_match as *const () as usize),
    |                                                          ++++++++++++

warning: direct cast of function item into an integer
   --> projects/mamba/src/runtime/stdlib/difflib_mod.rs:250:38
    |
250 |         ("set_seqs", method_set_seqs as usize),
    |                                      ^^^^^^^^
    |
help: first cast to a pointer `as *const ()`
    |
250 |         ("set_seqs", method_set_seqs as *const () as usize),
    |                                      ++++++++++++

warning: direct cast of function item into an integer
   --> projects/mamba/src/runtime/stdlib/difflib_mod.rs:251:38
    |
251 |         ("set_seq1", method_set_seq1 as usize),
    |                                      ^^^^^^^^
    |
help: first cast to a pointer `as *const ()`
    |
251 |         ("set_seq1", method_set_seq1 as *const () as usize),
    |                                      ++++++++++++

warning: direct cast of function item into an integer
   --> projects/mamba/src/runtime/stdlib/difflib_mod.rs:252:38
    |
252 |         ("set_seq2", method_set_seq2 as usize),
    |                                      ^^^^^^^^
    |
help: first cast to a pointer `as *const ()`
    |
252 |         ("set_seq2", method_set_seq2 as *const () as usize),
    |                                      ++++++++++++

warning: direct cast of function item into an integer
   --> projects/mamba/src/runtime/stdlib/difflib_mod.rs:265:43
    |
265 |         MbValue::from_func(method_compare as usize),
    |                                           ^^^^^^^^
    |
help: first cast to a pointer `as *const ()`
    |
265 |         MbValue::from_func(method_compare as *const () as usize),
    |                                           ++++++++++++

warning: direct cast of function item into an integer
   --> projects/mamba/src/runtime/stdlib/difflib_mod.rs:267:65
    |
267 |     super::super::module::register_variadic_func(method_compare as usize as u64);
    |                                                                 ^^^^^^^^
    |
help: first cast to a pointer `as *const ()`
    |
267 |     super::super::module::register_variadic_func(method_compare as *const () as usize as u64);
    |                                                                 ++++++++++++

warning: direct cast of function item into an integer
   --> projects/mamba/src/runtime/stdlib/difflib_mod.rs:274:45
    |
274 |         MbValue::from_func(method_make_file as usize),
    |                                             ^^^^^^^^
    |
help: first cast to a pointer `as *const ()`
    |
274 |         MbValue::from_func(method_make_file as *const () as usize),
    |                                             ++++++++++++

warning: direct cast of function item into an integer
   --> projects/mamba/src/runtime/stdlib/difflib_mod.rs:278:46
    |
278 |         MbValue::from_func(method_make_table as usize),
    |                                              ^^^^^^^^
    |
help: first cast to a pointer `as *const ()`
    |
278 |         MbValue::from_func(method_make_table as *const () as usize),
    |                                              ++++++++++++

warning: direct cast of function item into an integer
   --> projects/mamba/src/runtime/stdlib/difflib_mod.rs:280:67
    |
280 |     super::super::module::register_variadic_func(method_make_file as usize as u64);
    |                                                                   ^^^^^^^^
    |
help: first cast to a pointer `as *const ()`
    |
280 |     super::super::module::register_variadic_func(method_make_file as *const () as usize as u64);
    |                                                                   ++++++++++++

warning: direct cast of function item into an integer
   --> projects/mamba/src/runtime/stdlib/difflib_mod.rs:281:68
    |
281 |     super::super::module::register_variadic_func(method_make_table as usize as u64);
    |                                                                    ^^^^^^^^
    |
help: first cast to a pointer `as *const ()`
    |
281 |     super::super::module::register_variadic_func(method_make_table as *const () as usize as u64);
    |                                                                    ++++++++++++

warning: direct cast of function item into an integer
   --> projects/mamba/src/runtime/stdlib/difflib_mod.rs:303:54
    |
303 |         ("SequenceMatcher", dispatch_SequenceMatcher as usize),
    |                                                      ^^^^^^^^
    |
help: first cast to a pointer `as *const ()`
    |
303 |         ("SequenceMatcher", dispatch_SequenceMatcher as *const () as usize),
    |                                                      ++++++++++++

warning: direct cast of function item into an integer
   --> projects/mamba/src/runtime/stdlib/difflib_mod.rs:304:36
    |
304 |         ("Differ", dispatch_Differ as usize),
    |                                    ^^^^^^^^
    |
help: first cast to a pointer `as *const ()`
    |
304 |         ("Differ", dispatch_Differ as *const () as usize),
    |                                    ++++++++++++

warning: direct cast of function item into an integer
   --> projects/mamba/src/runtime/stdlib/difflib_mod.rs:305:34
    |
305 |         ("ratio", dispatch_ratio as usize),
    |                                  ^^^^^^^^
    |
help: first cast to a pointer `as *const ()`
    |
305 |         ("ratio", dispatch_ratio as *const () as usize),
    |                                  ++++++++++++

warning: direct cast of function item into an integer
   --> projects/mamba/src/runtime/stdlib/difflib_mod.rs:306:48
    |
306 |         ("unified_diff", dispatch_unified_diff as usize),
    |                                                ^^^^^^^^
    |
help: first cast to a pointer `as *const ()`
    |
306 |         ("unified_diff", dispatch_unified_diff as *const () as usize),
    |                                                ++++++++++++

warning: direct cast of function item into an integer
   --> projects/mamba/src/runtime/stdlib/difflib_mod.rs:307:58
    |
307 |         ("get_close_matches", dispatch_get_close_matches as usize),
    |                                                          ^^^^^^^^
    |
help: first cast to a pointer `as *const ()`
    |
307 |         ("get_close_matches", dispatch_get_close_matches as *const () as usize),
    |                                                          ++++++++++++

warning: direct cast of function item into an integer
   --> projects/mamba/src/runtime/stdlib/difflib_mod.rs:308:34
    |
308 |         ("ndiff", dispatch_ndiff as usize),
    |                                  ^^^^^^^^
    |
help: first cast to a pointer `as *const ()`
    |
308 |         ("ndiff", dispatch_ndiff as *const () as usize),
    |                                  ++++++++++++

warning: direct cast of function item into an integer
   --> projects/mamba/src/runtime/stdlib/difflib_mod.rs:309:48
    |
309 |         ("context_diff", dispatch_context_diff as usize),
    |                                                ^^^^^^^^
    |
help: first cast to a pointer `as *const ()`
    |
309 |         ("context_diff", dispatch_context_diff as *const () as usize),
    |                                                ++++++++++++

warning: direct cast of function item into an integer
   --> projects/mamba/src/runtime/stdlib/difflib_mod.rs:310:38
    |
310 |         ("restore", dispatch_restore as usize),
    |                                      ^^^^^^^^
    |
help: first cast to a pointer `as *const ()`
    |
310 |         ("restore", dispatch_restore as *const () as usize),
    |                                      ++++++++++++

warning: direct cast of function item into an integer
   --> projects/mamba/src/runtime/stdlib/difflib_mod.rs:311:44
    |
311 |         ("diff_bytes", dispatch_diff_bytes as usize),
    |                                            ^^^^^^^^
    |
help: first cast to a pointer `as *const ()`
    |
311 |         ("diff_bytes", dispatch_diff_bytes as *const () as usize),
    |                                            ++++++++++++

warning: direct cast of function item into an integer
   --> projects/mamba/src/runtime/stdlib/difflib_mod.rs:312:35
    |
312 |         ("_mdiff", dispatch_mdiff as usize),
    |                                   ^^^^^^^^
    |
help: first cast to a pointer `as *const ()`
    |
312 |         ("_mdiff", dispatch_mdiff as *const () as usize),
    |                                   ++++++++++++

warning: direct cast of function item into an integer
   --> projects/mamba/src/runtime/stdlib/difflib_mod.rs:313:40
    |
313 |         ("HtmlDiff", dispatch_HtmlDiff as usize),
    |                                        ^^^^^^^^
    |
help: first cast to a pointer `as *const ()`
    |
313 |         ("HtmlDiff", dispatch_HtmlDiff as *const () as usize),
    |                                        ++++++++++++

warning: direct cast of function item into an integer
   --> projects/mamba/src/runtime/stdlib/difflib_mod.rs:316:43
    |
316 |             dispatch_format_range_context as usize,
    |                                           ^^^^^^^^
    |
help: first cast to a pointer `as *const ()`
    |
316 |             dispatch_format_range_context as *const () as usize,
    |                                           ++++++++++++

warning: direct cast of function item into an integer
   --> projects/mamba/src/runtime/stdlib/difflib_mod.rs:320:43
    |
320 |             dispatch_format_range_unified as usize,
    |                                           ^^^^^^^^
    |
help: first cast to a pointer `as *const ()`
    |
320 |             dispatch_format_range_unified as *const () as usize,
    |                                           ++++++++++++

warning: direct cast of function item into an integer
   --> projects/mamba/src/runtime/stdlib/difflib_mod.rs:322:58
    |
322 |         ("IS_CHARACTER_JUNK", dispatch_IS_CHARACTER_JUNK as usize),
    |                                                          ^^^^^^^^
    |
help: first cast to a pointer `as *const ()`
    |
322 |         ("IS_CHARACTER_JUNK", dispatch_IS_CHARACTER_JUNK as *const () as usize),
    |                                                          ++++++++++++

warning: direct cast of function item into an integer
   --> projects/mamba/src/runtime/stdlib/difflib_mod.rs:323:48
    |
323 |         ("IS_LINE_JUNK", dispatch_IS_LINE_JUNK as usize),
    |                                                ^^^^^^^^
    |
help: first cast to a pointer `as *const ()`
    |
323 |         ("IS_LINE_JUNK", dispatch_IS_LINE_JUNK as *const () as usize),
    |                                                ++++++++++++

warning: direct cast of function item into an integer
   --> projects/mamba/src/runtime/stdlib/gzip_mod.rs:154:40
    |
154 |         ("compress", dispatch_compress as usize),
    |                                        ^^^^^^^^
    |
help: first cast to a pointer `as *const ()`
    |
154 |         ("compress", dispatch_compress as *const () as usize),
    |                                        ++++++++++++

warning: direct cast of function item into an integer
   --> projects/mamba/src/runtime/stdlib/gzip_mod.rs:155:44
    |
155 |         ("decompress", dispatch_decompress as usize),
    |                                            ^^^^^^^^
    |
help: first cast to a pointer `as *const ()`
    |
155 |         ("decompress", dispatch_decompress as *const () as usize),
    |                                            ++++++++++++

warning: direct cast of function item into an integer
   --> projects/mamba/src/runtime/stdlib/gzip_mod.rs:158:37
    |
158 |         ("open", dispatch_gzip_ctor as usize),
    |                                     ^^^^^^^^
    |
help: first cast to a pointer `as *const ()`
    |
158 |         ("open", dispatch_gzip_ctor as *const () as usize),
    |                                     ++++++++++++

warning: direct cast of function item into an integer
   --> projects/mamba/src/runtime/stdlib/gzip_mod.rs:159:41
    |
159 |         ("GzipFile", dispatch_gzip_ctor as usize),
    |                                         ^^^^^^^^
    |
help: first cast to a pointer `as *const ()`
    |
159 |         ("GzipFile", dispatch_gzip_ctor as *const () as usize),
    |                                         ++++++++++++

warning: direct cast of function item into an integer
   --> projects/mamba/src/runtime/stdlib/heapq_mod.rs:173:40
    |
173 |         ("heappush", dispatch_heappush as usize),
    |                                        ^^^^^^^^
    |
help: first cast to a pointer `as *const ()`
    |
173 |         ("heappush", dispatch_heappush as *const () as usize),
    |                                        ++++++++++++

warning: direct cast of function item into an integer
   --> projects/mamba/src/runtime/stdlib/heapq_mod.rs:174:38
    |
174 |         ("heappop", dispatch_heappop as usize),
    |                                      ^^^^^^^^
    |
help: first cast to a pointer `as *const ()`
    |
174 |         ("heappop", dispatch_heappop as *const () as usize),
    |                                      ++++++++++++

warning: direct cast of function item into an integer
   --> projects/mamba/src/runtime/stdlib/heapq_mod.rs:175:46
    |
175 |         ("heappushpop", dispatch_heappushpop as usize),
    |                                              ^^^^^^^^
    |
help: first cast to a pointer `as *const ()`
    |
175 |         ("heappushpop", dispatch_heappushpop as *const () as usize),
    |                                              ++++++++++++

warning: direct cast of function item into an integer
   --> projects/mamba/src/runtime/stdlib/heapq_mod.rs:176:46
    |
176 |         ("heapreplace", dispatch_heapreplace as usize),
    |                                              ^^^^^^^^
    |
help: first cast to a pointer `as *const ()`
    |
176 |         ("heapreplace", dispatch_heapreplace as *const () as usize),
    |                                              ++++++++++++

warning: direct cast of function item into an integer
   --> projects/mamba/src/runtime/stdlib/heapq_mod.rs:177:38
    |
177 |         ("heapify", dispatch_heapify as usize),
    |                                      ^^^^^^^^
    |
help: first cast to a pointer `as *const ()`
    |
177 |         ("heapify", dispatch_heapify as *const () as usize),
    |                                      ++++++++++++

warning: direct cast of function item into an integer
   --> projects/mamba/src/runtime/stdlib/heapq_mod.rs:178:40
    |
178 |         ("nlargest", dispatch_nlargest as usize),
    |                                        ^^^^^^^^
    |
help: first cast to a pointer `as *const ()`
    |
178 |         ("nlargest", dispatch_nlargest as *const () as usize),
    |                                        ++++++++++++

warning: direct cast of function item into an integer
   --> projects/mamba/src/runtime/stdlib/heapq_mod.rs:179:42
    |
179 |         ("nsmallest", dispatch_nsmallest as usize),
    |                                          ^^^^^^^^
    |
help: first cast to a pointer `as *const ()`
    |
179 |         ("nsmallest", dispatch_nsmallest as *const () as usize),
    |                                          ++++++++++++

warning: direct cast of function item into an integer
   --> projects/mamba/src/runtime/stdlib/heapq_mod.rs:180:34
    |
180 |         ("merge", dispatch_merge as usize),
    |                                  ^^^^^^^^
    |
help: first cast to a pointer `as *const ()`
    |
180 |         ("merge", dispatch_merge as *const () as usize),
    |                                  ++++++++++++

warning: direct cast of function item into an integer
   --> projects/mamba/src/runtime/stdlib/heapq_mod.rs:183:47
    |
183 |         ("_heapify_max", dispatch_heapify_max as usize),
    |                                               ^^^^^^^^
    |
help: first cast to a pointer `as *const ()`
    |
183 |         ("_heapify_max", dispatch_heapify_max as *const () as usize),
    |                                               ++++++++++++

warning: direct cast of function item into an integer
   --> projects/mamba/src/runtime/stdlib/heapq_mod.rs:184:47
    |
184 |         ("_heappop_max", dispatch_heappop_max as usize),
    |                                               ^^^^^^^^
    |
help: first cast to a pointer `as *const ()`
    |
184 |         ("_heappop_max", dispatch_heappop_max as *const () as usize),
    |                                               ++++++++++++

warning: direct cast of function item into an integer
   --> projects/mamba/src/runtime/stdlib/heapq_mod.rs:185:55
    |
185 |         ("_heapreplace_max", dispatch_heapreplace_max as usize),
    |                                                       ^^^^^^^^
    |
help: first cast to a pointer `as *const ()`
    |
185 |         ("_heapreplace_max", dispatch_heapreplace_max as *const () as usize),
    |                                                       ++++++++++++

warning: direct cast of function item into an integer
   --> projects/mamba/src/runtime/stdlib/heapq_mod.rs:190:38
    |
190 |         ("heapify", dispatch_heapify as usize),
    |                                      ^^^^^^^^
    |
help: first cast to a pointer `as *const ()`
    |
190 |         ("heapify", dispatch_heapify as *const () as usize),
    |                                      ++++++++++++

warning: direct cast of function item into an integer
   --> projects/mamba/src/runtime/stdlib/heapq_mod.rs:191:38
    |
191 |         ("heappop", dispatch_heappop as usize),
    |                                      ^^^^^^^^
    |
help: first cast to a pointer `as *const ()`
    |
191 |         ("heappop", dispatch_heappop as *const () as usize),
    |                                      ++++++++++++

warning: direct cast of function item into an integer
   --> projects/mamba/src/runtime/stdlib/heapq_mod.rs:192:40
    |
192 |         ("heappush", dispatch_heappush as usize),
    |                                        ^^^^^^^^
    |
help: first cast to a pointer `as *const ()`
    |
192 |         ("heappush", dispatch_heappush as *const () as usize),
    |                                        ++++++++++++

warning: direct cast of function item into an integer
   --> projects/mamba/src/runtime/stdlib/heapq_mod.rs:193:46
    |
193 |         ("heappushpop", dispatch_heappushpop as usize),
    |                                              ^^^^^^^^
    |
help: first cast to a pointer `as *const ()`
    |
193 |         ("heappushpop", dispatch_heappushpop as *const () as usize),
    |                                              ++++++++++++

warning: direct cast of function item into an integer
   --> projects/mamba/src/runtime/stdlib/heapq_mod.rs:194:46
    |
194 |         ("heapreplace", dispatch_heapreplace as usize),
    |                                              ^^^^^^^^
    |
help: first cast to a pointer `as *const ()`
    |
194 |         ("heapreplace", dispatch_heapreplace as *const () as usize),
    |                                              ++++++++++++

warning: direct cast of function item into an integer
   --> projects/mamba/src/runtime/stdlib/heapq_mod.rs:195:47
    |
195 |         ("_heapify_max", dispatch_heapify_max as usize),
    |                                               ^^^^^^^^
    |
help: first cast to a pointer `as *const ()`
    |
195 |         ("_heapify_max", dispatch_heapify_max as *const () as usize),
    |                                               ++++++++++++

warning: direct cast of function item into an integer
   --> projects/mamba/src/runtime/stdlib/heapq_mod.rs:196:47
    |
196 |         ("_heappop_max", dispatch_heappop_max as usize),
    |                                               ^^^^^^^^
    |
help: first cast to a pointer `as *const ()`
    |
196 |         ("_heappop_max", dispatch_heappop_max as *const () as usize),
    |                                               ++++++++++++

warning: direct cast of function item into an integer
   --> projects/mamba/src/runtime/stdlib/heapq_mod.rs:197:55
    |
197 |         ("_heapreplace_max", dispatch_heapreplace_max as usize),
    |                                                       ^^^^^^^^
    |
help: first cast to a pointer `as *const ()`
    |
197 |         ("_heapreplace_max", dispatch_heapreplace_max as *const () as usize),
    |                                                       ++++++++++++

warning: direct cast of function item into an integer
   --> projects/mamba/src/runtime/stdlib/hmac_mod.rs:852:34
    |
852 |         ("update", method_update as usize),
    |                                  ^^^^^^^^
    |
help: first cast to a pointer `as *const ()`
    |
852 |         ("update", method_update as *const () as usize),
    |                                  ++++++++++++

warning: direct cast of function item into an integer
   --> projects/mamba/src/runtime/stdlib/hmac_mod.rs:853:40
    |
853 |         ("hexdigest", method_hexdigest as usize),
    |                                        ^^^^^^^^
    |
help: first cast to a pointer `as *const ()`
    |
853 |         ("hexdigest", method_hexdigest as *const () as usize),
    |                                        ++++++++++++

warning: direct cast of function item into an integer
   --> projects/mamba/src/runtime/stdlib/hmac_mod.rs:854:34
    |
854 |         ("digest", method_digest as usize),
    |                                  ^^^^^^^^
    |
help: first cast to a pointer `as *const ()`
    |
854 |         ("digest", method_digest as *const () as usize),
    |                                  ++++++++++++

warning: direct cast of function item into an integer
   --> projects/mamba/src/runtime/stdlib/hmac_mod.rs:855:30
    |
855 |         ("copy", method_copy as usize),
    |                              ^^^^^^^^
    |
help: first cast to a pointer `as *const ()`
    |
855 |         ("copy", method_copy as *const () as usize),
    |                              ++++++++++++

warning: direct cast of function item into an integer
   --> projects/mamba/src/runtime/stdlib/hmac_mod.rs:869:30
    |
869 |         ("new", dispatch_new as usize),
    |                              ^^^^^^^^
    |
help: first cast to a pointer `as *const ()`
    |
869 |         ("new", dispatch_new as *const () as usize),
    |                              ++++++++++++

warning: direct cast of function item into an integer
   --> projects/mamba/src/runtime/stdlib/hmac_mod.rs:875:31
    |
875 |         ("HMAC", dispatch_new as usize),
    |                               ^^^^^^^^
    |
help: first cast to a pointer `as *const ()`
    |
875 |         ("HMAC", dispatch_new as *const () as usize),
    |                               ++++++++++++

warning: direct cast of function item into an integer
   --> projects/mamba/src/runtime/stdlib/hmac_mod.rs:876:36
    |
876 |         ("digest", dispatch_digest as usize),
    |                                    ^^^^^^^^
    |
help: first cast to a pointer `as *const ()`
    |
876 |         ("digest", dispatch_digest as *const () as usize),
    |                                    ++++++++++++

warning: direct cast of function item into an integer
   --> projects/mamba/src/runtime/stdlib/hmac_mod.rs:877:52
    |
877 |         ("compare_digest", dispatch_compare_digest as usize),
    |                                                    ^^^^^^^^
    |
help: first cast to a pointer `as *const ()`
    |
877 |         ("compare_digest", dispatch_compare_digest as *const () as usize),
    |                                                    ++++++++++++

warning: direct cast of function item into an integer
   --> projects/mamba/src/runtime/stdlib/hmac_mod.rs:891:22
    |
891 |         dispatch_new as usize as u64,
    |                      ^^^^^^^^
    |
help: first cast to a pointer `as *const ()`
    |
891 |         dispatch_new as *const () as usize as u64,
    |                      ++++++++++++

warning: direct cast of function item into an integer
   --> projects/mamba/src/runtime/stdlib/html_parser_mod.rs:132:44
    |
132 |         ("HTMLParser", dispatch_HTMLParser as usize),
    |                                            ^^^^^^^^
    |
help: first cast to a pointer `as *const ()`
    |
132 |         ("HTMLParser", dispatch_HTMLParser as *const () as usize),
    |                                            ++++++++++++

warning: direct cast of function item into an integer
   --> projects/mamba/src/runtime/stdlib/html_parser_mod.rs:133:36
    |
133 |         ("escape", dispatch_escape as usize),
    |                                    ^^^^^^^^
    |
help: first cast to a pointer `as *const ()`
    |
133 |         ("escape", dispatch_escape as *const () as usize),
    |                                    ++++++++++++

warning: direct cast of function item into an integer
   --> projects/mamba/src/runtime/stdlib/html_parser_mod.rs:134:40
    |
134 |         ("unescape", dispatch_unescape as usize),
    |                                        ^^^^^^^^
    |
help: first cast to a pointer `as *const ()`
    |
134 |         ("unescape", dispatch_unescape as *const () as usize),
    |                                        ++++++++++++

warning: direct cast of function item into an integer
   --> projects/mamba/src/runtime/stdlib/html_parser_mod.rs:156:44
    |
156 |         ("HTMLParser", dispatch_HTMLParser as usize),
    |                                            ^^^^^^^^
    |
help: first cast to a pointer `as *const ()`
    |
156 |         ("HTMLParser", dispatch_HTMLParser as *const () as usize),
    |                                            ++++++++++++

warning: direct cast of function item into an integer
   --> projects/mamba/src/runtime/stdlib/html_parser_mod.rs:157:32
    |
157 |         ("feed", dispatch_feed as usize),
    |                                ^^^^^^^^
    |
help: first cast to a pointer `as *const ()`
    |
157 |         ("feed", dispatch_feed as *const () as usize),
    |                                ++++++++++++

warning: direct cast of function item into an integer
   --> projects/mamba/src/runtime/stdlib/html_parser_mod.rs:158:34
    |
158 |         ("close", dispatch_close as usize),
    |                                  ^^^^^^^^
    |
help: first cast to a pointer `as *const ()`
    |
158 |         ("close", dispatch_close as *const () as usize),
    |                                  ++++++++++++

warning: direct cast of function item into an integer
   --> projects/mamba/src/runtime/stdlib/html_parser_mod.rs:159:34
    |
159 |         ("reset", dispatch_reset as usize),
    |                                  ^^^^^^^^
    |
help: first cast to a pointer `as *const ()`
    |
159 |         ("reset", dispatch_reset as *const () as usize),
    |                                  ++++++++++++

warning: direct cast of function item into an integer
   --> projects/mamba/src/runtime/stdlib/html_parser_mod.rs:160:36
    |
160 |         ("getpos", dispatch_getpos as usize),
    |                                    ^^^^^^^^
    |
help: first cast to a pointer `as *const ()`
    |
160 |         ("getpos", dispatch_getpos as *const () as usize),
    |                                    ++++++++++++

warning: direct cast of function item into an integer
   --> projects/mamba/src/runtime/stdlib/html_parser_mod.rs:161:58
    |
161 |         ("get_starttag_text", dispatch_get_starttag_text as usize),
    |                                                          ^^^^^^^^
    |
help: first cast to a pointer `as *const ()`
    |
161 |         ("get_starttag_text", dispatch_get_starttag_text as *const () as usize),
    |                                                          ++++++++++++

warning: direct cast of function item into an integer
   --> projects/mamba/src/runtime/stdlib/html_parser_mod.rs:162:54
    |
162 |         ("handle_starttag", dispatch_handle_starttag as usize),
    |                                                      ^^^^^^^^
    |
help: first cast to a pointer `as *const ()`
    |
162 |         ("handle_starttag", dispatch_handle_starttag as *const () as usize),
    |                                                      ++++++++++++

warning: direct cast of function item into an integer
   --> projects/mamba/src/runtime/stdlib/html_parser_mod.rs:163:50
    |
163 |         ("handle_endtag", dispatch_handle_endtag as usize),
    |                                                  ^^^^^^^^
    |
help: first cast to a pointer `as *const ()`
    |
163 |         ("handle_endtag", dispatch_handle_endtag as *const () as usize),
    |                                                  ++++++++++++

warning: direct cast of function item into an integer
   --> projects/mamba/src/runtime/stdlib/html_parser_mod.rs:164:60
    |
164 |         ("handle_startendtag", dispatch_handle_startendtag as usize),
    |                                                            ^^^^^^^^
    |
help: first cast to a pointer `as *const ()`
    |
164 |         ("handle_startendtag", dispatch_handle_startendtag as *const () as usize),
    |                                                            ++++++++++++

warning: direct cast of function item into an integer
   --> projects/mamba/src/runtime/stdlib/html_parser_mod.rs:165:46
    |
165 |         ("handle_data", dispatch_handle_data as usize),
    |                                              ^^^^^^^^
    |
help: first cast to a pointer `as *const ()`
    |
165 |         ("handle_data", dispatch_handle_data as *const () as usize),
    |                                              ++++++++++++

warning: direct cast of function item into an integer
   --> projects/mamba/src/runtime/stdlib/html_parser_mod.rs:166:56
    |
166 |         ("handle_entityref", dispatch_handle_entityref as usize),
    |                                                        ^^^^^^^^
    |
help: first cast to a pointer `as *const ()`
    |
166 |         ("handle_entityref", dispatch_handle_entityref as *const () as usize),
    |                                                        ++++++++++++

warning: direct cast of function item into an integer
   --> projects/mamba/src/runtime/stdlib/html_parser_mod.rs:167:52
    |
167 |         ("handle_charref", dispatch_handle_charref as usize),
    |                                                    ^^^^^^^^
    |
help: first cast to a pointer `as *const ()`
    |
167 |         ("handle_charref", dispatch_handle_charref as *const () as usize),
    |                                                    ++++++++++++

warning: direct cast of function item into an integer
   --> projects/mamba/src/runtime/stdlib/html_parser_mod.rs:168:52
    |
168 |         ("handle_comment", dispatch_handle_comment as usize),
    |                                                    ^^^^^^^^
    |
help: first cast to a pointer `as *const ()`
    |
168 |         ("handle_comment", dispatch_handle_comment as *const () as usize),
    |                                                    ++++++++++++

warning: direct cast of function item into an integer
   --> projects/mamba/src/runtime/stdlib/html_parser_mod.rs:169:46
    |
169 |         ("handle_decl", dispatch_handle_decl as usize),
    |                                              ^^^^^^^^
    |
help: first cast to a pointer `as *const ()`
    |
169 |         ("handle_decl", dispatch_handle_decl as *const () as usize),
    |                                              ++++++++++++

warning: direct cast of function item into an integer
   --> projects/mamba/src/runtime/stdlib/html_parser_mod.rs:170:42
    |
170 |         ("handle_pi", dispatch_handle_pi as usize),
    |                                          ^^^^^^^^
    |
help: first cast to a pointer `as *const ()`
    |
170 |         ("handle_pi", dispatch_handle_pi as *const () as usize),
    |                                          ++++++++++++

warning: direct cast of function item into an integer
   --> projects/mamba/src/runtime/stdlib/html_parser_mod.rs:171:48
    |
171 |         ("unknown_decl", dispatch_unknown_decl as usize),
    |                                                ^^^^^^^^
    |
help: first cast to a pointer `as *const ()`
    |
171 |         ("unknown_decl", dispatch_unknown_decl as *const () as usize),
    |                                                ++++++++++++

warning: direct cast of function item into an integer
   --> projects/mamba/src/runtime/stdlib/html_parser_mod.rs:174:40
    |
174 |         ("unescape", dispatch_unescape as usize),
    |                                        ^^^^^^^^
    |
help: first cast to a pointer `as *const ()`
    |
174 |         ("unescape", dispatch_unescape as *const () as usize),
    |                                        ++++++++++++

warning: direct cast of function item into an integer
   --> projects/mamba/src/runtime/stdlib/html_parser_mod.rs:194:29
    |
194 |         dispatch_HTMLParser as usize as u64,
    |                             ^^^^^^^^
    |
help: first cast to a pointer `as *const ()`
    |
194 |         dispatch_HTMLParser as *const () as usize as u64,
    |                             ++++++++++++

warning: direct cast of function item into an integer
   --> projects/mamba/src/runtime/stdlib/locale_mod.rs:133:42
    |
133 |         ("getlocale", dispatch_getlocale as usize),
    |                                          ^^^^^^^^
    |
help: first cast to a pointer `as *const ()`
    |
133 |         ("getlocale", dispatch_getlocale as *const () as usize),
    |                                          ++++++++++++

warning: direct cast of function item into an integer
   --> projects/mamba/src/runtime/stdlib/locale_mod.rs:134:42
    |
134 |         ("setlocale", dispatch_setlocale as usize),
    |                                          ^^^^^^^^
    |
help: first cast to a pointer `as *const ()`
    |
134 |         ("setlocale", dispatch_setlocale as *const () as usize),
    |                                          ++++++++++++

warning: direct cast of function item into an integer
   --> projects/mamba/src/runtime/stdlib/locale_mod.rs:135:50
    |
135 |         ("format_string", dispatch_format_string as usize),
    |                                                  ^^^^^^^^
    |
help: first cast to a pointer `as *const ()`
    |
135 |         ("format_string", dispatch_format_string as *const () as usize),
    |                                                  ++++++++++++

warning: direct cast of function item into an integer
   --> projects/mamba/src/runtime/stdlib/locale_mod.rs:136:32
    |
136 |         ("atof", dispatch_atof as usize),
    |                                ^^^^^^^^
    |
help: first cast to a pointer `as *const ()`
    |
136 |         ("atof", dispatch_atof as *const () as usize),
    |                                ++++++++++++

warning: direct cast of function item into an integer
   --> projects/mamba/src/runtime/stdlib/locale_mod.rs:137:32
    |
137 |         ("atoi", dispatch_atoi as usize),
    |                                ^^^^^^^^
    |
help: first cast to a pointer `as *const ()`
    |
137 |         ("atoi", dispatch_atoi as *const () as usize),
    |                                ++++++++++++

warning: direct cast of function item into an integer
   --> projects/mamba/src/runtime/stdlib/locale_mod.rs:138:38
    |
138 |         ("strcoll", dispatch_strcoll as usize),
    |                                      ^^^^^^^^
    |
help: first cast to a pointer `as *const ()`
    |
138 |         ("strcoll", dispatch_strcoll as *const () as usize),
    |                                      ++++++++++++

warning: direct cast of function item into an integer
   --> projects/mamba/src/runtime/stdlib/locale_mod.rs:139:38
    |
139 |         ("strxfrm", dispatch_strxfrm as usize),
    |                                      ^^^^^^^^
    |
help: first cast to a pointer `as *const ()`
    |
139 |         ("strxfrm", dispatch_strxfrm as *const () as usize),
    |                                      ++++++++++++

warning: direct cast of function item into an integer
   --> projects/mamba/src/runtime/stdlib/locale_mod.rs:140:53
    |
140 |         ("getencoding", dispatch_locale_getencoding as usize),
    |                                                     ^^^^^^^^
    |
help: first cast to a pointer `as *const ()`
    |
140 |         ("getencoding", dispatch_locale_getencoding as *const () as usize),
    |                                                     ++++++++++++

warning: direct cast of function item into an integer
   --> projects/mamba/src/runtime/stdlib/locale_mod.rs:141:62
    |
141 |         ("getpreferredencoding", dispatch_locale_getencoding as usize),
    |                                                              ^^^^^^^^
    |
help: first cast to a pointer `as *const ()`
    |
141 |         ("getpreferredencoding", dispatch_locale_getencoding as *const () as usize),
    |                                                              ++++++++++++

warning: direct cast of function item into an integer
   --> projects/mamba/src/runtime/stdlib/locale_mod.rs:142:57
    |
142 |         ("_parse_localename", dispatch_parse_localename as usize),
    |                                                         ^^^^^^^^
    |
help: first cast to a pointer `as *const ()`
    |
142 |         ("_parse_localename", dispatch_parse_localename as *const () as usize),
    |                                                         ++++++++++++

warning: direct cast of function item into an integer
   --> projects/mamba/src/runtime/stdlib/locale_mod.rs:152:42
    |
152 |     let stub_addr = dispatch_locale_stub as usize;
    |                                          ^^^^^^^^
    |
help: first cast to a pointer `as *const ()`
    |
152 |     let stub_addr = dispatch_locale_stub as *const () as usize;
    |                                          ++++++++++++

warning: direct cast of function item into an integer
   --> projects/mamba/src/runtime/stdlib/lzma_mod.rs:705:40
    |
705 |         ("compress", dispatch_compress as usize),
    |                                        ^^^^^^^^
    |
help: first cast to a pointer `as *const ()`
    |
705 |         ("compress", dispatch_compress as *const () as usize),
    |                                        ++++++++++++

warning: direct cast of function item into an integer
   --> projects/mamba/src/runtime/stdlib/lzma_mod.rs:706:44
    |
706 |         ("decompress", dispatch_decompress as usize),
    |                                            ^^^^^^^^
    |
help: first cast to a pointer `as *const ()`
    |
706 |         ("decompress", dispatch_decompress as *const () as usize),
    |                                            ++++++++++++

warning: direct cast of function item into an integer
   --> projects/mamba/src/runtime/stdlib/lzma_mod.rs:707:40
    |
707 |         ("LZMAFile", dispatch_lzmafile as usize),
    |                                        ^^^^^^^^
    |
help: first cast to a pointer `as *const ()`
    |
707 |         ("LZMAFile", dispatch_lzmafile as *const () as usize),
    |                                        ++++++++++++

warning: direct cast of function item into an integer
   --> projects/mamba/src/runtime/stdlib/lzma_mod.rs:708:37
    |
708 |         ("open", dispatch_lzma_open as usize),
    |                                     ^^^^^^^^
    |
help: first cast to a pointer `as *const ()`
    |
708 |         ("open", dispatch_lzma_open as *const () as usize),
    |                                     ++++++++++++

warning: direct cast of function item into an integer
   --> projects/mamba/src/runtime/stdlib/lzma_mod.rs:709:53
    |
709 |         ("LZMACompressor", dispatch_lzma_compressor as usize),
    |                                                     ^^^^^^^^
    |
help: first cast to a pointer `as *const ()`
    |
709 |         ("LZMACompressor", dispatch_lzma_compressor as *const () as usize),
    |                                                     ++++++++++++

warning: direct cast of function item into an integer
   --> projects/mamba/src/runtime/stdlib/lzma_mod.rs:710:57
    |
710 |         ("LZMADecompressor", dispatch_lzma_decompressor as usize),
    |                                                         ^^^^^^^^
    |
help: first cast to a pointer `as *const ()`
    |
710 |         ("LZMADecompressor", dispatch_lzma_decompressor as *const () as usize),
    |                                                         ++++++++++++

warning: direct cast of function item into an integer
   --> projects/mamba/src/runtime/stdlib/lzma_mod.rs:711:60
    |
711 |         ("is_check_supported", dispatch_is_check_supported as usize),
    |                                                            ^^^^^^^^
    |
help: first cast to a pointer `as *const ()`
    |
711 |         ("is_check_supported", dispatch_is_check_supported as *const () as usize),
    |                                                            ++++++++++++

warning: direct cast of function item into an integer
   --> projects/mamba/src/runtime/stdlib/lzma_mod.rs:714:47
    |
714 |             dispatch_encode_filter_properties as usize,
    |                                               ^^^^^^^^
    |
help: first cast to a pointer `as *const ()`
    |
714 |             dispatch_encode_filter_properties as *const () as usize,
    |                                               ++++++++++++

warning: direct cast of function item into an integer
   --> projects/mamba/src/runtime/stdlib/lzma_mod.rs:718:47
    |
718 |             dispatch_decode_filter_properties as usize,
    |                                               ^^^^^^^^
    |
help: first cast to a pointer `as *const ()`
    |
718 |             dispatch_decode_filter_properties as *const () as usize,
    |                                               ++++++++++++

warning: direct cast of function item into an integer
  --> projects/mamba/src/runtime/stdlib/numbers_mod.rs:39:36
   |
39 |         ("Number", dispatch_Number as usize, 0),
   |                                    ^^^^^^^^
   |
help: first cast to a pointer `as *const ()`
   |
39 |         ("Number", dispatch_Number as *const () as usize, 0),
   |                                    ++++++++++++

warning: direct cast of function item into an integer
  --> projects/mamba/src/runtime/stdlib/numbers_mod.rs:40:38
   |
40 |         ("Complex", dispatch_Complex as usize, 1),
   |                                      ^^^^^^^^
   |
help: first cast to a pointer `as *const ()`
   |
40 |         ("Complex", dispatch_Complex as *const () as usize, 1),
   |                                      ++++++++++++

warning: direct cast of function item into an integer
  --> projects/mamba/src/runtime/stdlib/numbers_mod.rs:41:32
   |
41 |         ("Real", dispatch_Real as usize, 2),
   |                                ^^^^^^^^
   |
help: first cast to a pointer `as *const ()`
   |
41 |         ("Real", dispatch_Real as *const () as usize, 2),
   |                                ++++++++++++

warning: direct cast of function item into an integer
  --> projects/mamba/src/runtime/stdlib/numbers_mod.rs:42:40
   |
42 |         ("Rational", dispatch_Rational as usize, 3),
   |                                        ^^^^^^^^
   |
help: first cast to a pointer `as *const ()`
   |
42 |         ("Rational", dispatch_Rational as *const () as usize, 3),
   |                                        ++++++++++++

warning: direct cast of function item into an integer
  --> projects/mamba/src/runtime/stdlib/numbers_mod.rs:43:40
   |
43 |         ("Integral", dispatch_Integral as usize, 4),
   |                                        ^^^^^^^^
   |
help: first cast to a pointer `as *const ()`
   |
43 |         ("Integral", dispatch_Integral as *const () as usize, 4),
   |                                        ++++++++++++

warning: direct cast of function item into an integer
   --> projects/mamba/src/runtime/stdlib/platform_mod.rs:178:39
    |
178 |     let stub = dispatch_platform_stub as usize;
    |                                       ^^^^^^^^
    |
help: first cast to a pointer `as *const ()`
    |
178 |     let stub = dispatch_platform_stub as *const () as usize;
    |                                       ++++++++++++

warning: direct cast of function item into an integer
   --> projects/mamba/src/runtime/stdlib/platform_mod.rs:180:36
    |
180 |         ("system", dispatch_system as usize),
    |                                    ^^^^^^^^
    |
help: first cast to a pointer `as *const ()`
    |
180 |         ("system", dispatch_system as *const () as usize),
    |                                    ++++++++++++

warning: direct cast of function item into an integer
   --> projects/mamba/src/runtime/stdlib/platform_mod.rs:181:32
    |
181 |         ("node", dispatch_node as usize),
    |                                ^^^^^^^^
    |
help: first cast to a pointer `as *const ()`
    |
181 |         ("node", dispatch_node as *const () as usize),
    |                                ++++++++++++

warning: direct cast of function item into an integer
   --> projects/mamba/src/runtime/stdlib/platform_mod.rs:182:38
    |
182 |         ("release", dispatch_release as usize),
    |                                      ^^^^^^^^
    |
help: first cast to a pointer `as *const ()`
    |
182 |         ("release", dispatch_release as *const () as usize),
    |                                      ++++++++++++

warning: direct cast of function item into an integer
   --> projects/mamba/src/runtime/stdlib/platform_mod.rs:183:38
    |
183 |         ("machine", dispatch_machine as usize),
    |                                      ^^^^^^^^
    |
help: first cast to a pointer `as *const ()`
    |
183 |         ("machine", dispatch_machine as *const () as usize),
    |                                      ++++++++++++

warning: direct cast of function item into an integer
   --> projects/mamba/src/runtime/stdlib/platform_mod.rs:184:42
    |
184 |         ("processor", dispatch_processor as usize),
    |                                          ^^^^^^^^
    |
help: first cast to a pointer `as *const ()`
    |
184 |         ("processor", dispatch_processor as *const () as usize),
    |                                          ++++++++++++

warning: direct cast of function item into an integer
   --> projects/mamba/src/runtime/stdlib/platform_mod.rs:185:52
    |
185 |         ("python_version", dispatch_python_version as usize),
    |                                                    ^^^^^^^^
    |
help: first cast to a pointer `as *const ()`
    |
185 |         ("python_version", dispatch_python_version as *const () as usize),
    |                                                    ++++++++++++

warning: direct cast of function item into an integer
   --> projects/mamba/src/runtime/stdlib/platform_mod.rs:186:40
    |
186 |         ("platform", dispatch_platform as usize),
    |                                        ^^^^^^^^
    |
help: first cast to a pointer `as *const ()`
    |
186 |         ("platform", dispatch_platform as *const () as usize),
    |                                        ++++++++++++

warning: direct cast of function item into an integer
   --> projects/mamba/src/runtime/stdlib/platform_mod.rs:187:48
    |
187 |         ("architecture", dispatch_architecture as usize),
    |                                                ^^^^^^^^
    |
help: first cast to a pointer `as *const ()`
    |
187 |         ("architecture", dispatch_architecture as *const () as usize),
    |                                                ++++++++++++

warning: direct cast of function item into an integer
   --> projects/mamba/src/runtime/stdlib/platform_mod.rs:188:34
    |
188 |         ("uname", dispatch_uname as usize),
    |                                  ^^^^^^^^
    |
help: first cast to a pointer `as *const ()`
    |
188 |         ("uname", dispatch_uname as *const () as usize),
    |                                  ++++++++++++

warning: direct cast of function item into an integer
   --> projects/mamba/src/runtime/stdlib/platform_mod.rs:189:38
    |
189 |         ("mac_ver", dispatch_mac_ver as usize),
    |                                      ^^^^^^^^
    |
help: first cast to a pointer `as *const ()`
    |
189 |         ("mac_ver", dispatch_mac_ver as *const () as usize),
    |                                      ++++++++++++

warning: direct cast of function item into an integer
   --> projects/mamba/src/runtime/stdlib/platform_mod.rs:190:40
    |
190 |         ("java_ver", dispatch_java_ver as usize),
    |                                        ^^^^^^^^
    |
help: first cast to a pointer `as *const ()`
    |
190 |         ("java_ver", dispatch_java_ver as *const () as usize),
    |                                        ++++++++++++

warning: direct cast of function item into an integer
   --> projects/mamba/src/runtime/stdlib/platform_mod.rs:191:48
    |
191 |         ("system_alias", dispatch_system_alias as usize),
    |                                                ^^^^^^^^
    |
help: first cast to a pointer `as *const ()`
    |
191 |         ("system_alias", dispatch_system_alias as *const () as usize),
    |                                                ++++++++++++

warning: direct cast of function item into an integer
   --> projects/mamba/src/runtime/stdlib/platform_mod.rs:192:40
    |
192 |         ("libc_ver", dispatch_libc_ver as usize),
    |                                        ^^^^^^^^
    |
help: first cast to a pointer `as *const ()`
    |
192 |         ("libc_ver", dispatch_libc_ver as *const () as usize),
    |                                        ++++++++++++

warning: direct cast of function item into an integer
   --> projects/mamba/src/runtime/stdlib/platform_mod.rs:195:43
    |
195 |             dispatch_python_version_tuple as usize,
    |                                           ^^^^^^^^
    |
help: first cast to a pointer `as *const ()`
    |
195 |             dispatch_python_version_tuple as *const () as usize,
    |                                           ++++++++++++

warning: direct cast of function item into an integer
   --> projects/mamba/src/runtime/stdlib/platform_mod.rs:199:44
    |
199 |             dispatch_python_implementation as usize,
    |                                            ^^^^^^^^
    |
help: first cast to a pointer `as *const ()`
    |
199 |             dispatch_python_implementation as *const () as usize,
    |                                            ++++++++++++

warning: direct cast of function item into an integer
   --> projects/mamba/src/runtime/stdlib/platform_mod.rs:201:50
    |
201 |         ("python_branch", dispatch_python_branch as usize),
    |                                                  ^^^^^^^^
    |
help: first cast to a pointer `as *const ()`
    |
201 |         ("python_branch", dispatch_python_branch as *const () as usize),
    |                                                  ++++++++++++

warning: direct cast of function item into an integer
   --> projects/mamba/src/runtime/stdlib/platform_mod.rs:202:54
    |
202 |         ("python_revision", dispatch_python_revision as usize),
    |                                                      ^^^^^^^^
    |
help: first cast to a pointer `as *const ()`
    |
202 |         ("python_revision", dispatch_python_revision as *const () as usize),
    |                                                      ++++++++++++

warning: direct cast of function item into an integer
   --> projects/mamba/src/runtime/stdlib/platform_mod.rs:203:48
    |
203 |         ("python_build", dispatch_python_build as usize),
    |                                                ^^^^^^^^
    |
help: first cast to a pointer `as *const ()`
    |
203 |         ("python_build", dispatch_python_build as *const () as usize),
    |                                                ++++++++++++

warning: direct cast of function item into an integer
   --> projects/mamba/src/runtime/stdlib/platform_mod.rs:204:54
    |
204 |         ("python_compiler", dispatch_python_compiler as usize),
    |                                                      ^^^^^^^^
    |
help: first cast to a pointer `as *const ()`
    |
204 |         ("python_compiler", dispatch_python_compiler as *const () as usize),
    |                                                      ++++++++++++

warning: direct cast of function item into an integer
   --> projects/mamba/src/runtime/stdlib/platform_mod.rs:205:41
    |
205 |         ("version", dispatch_version_fn as usize),
    |                                         ^^^^^^^^
    |
help: first cast to a pointer `as *const ()`
    |
205 |         ("version", dispatch_version_fn as *const () as usize),
    |                                         ++++++++++++

warning: direct cast of function item into an integer
   --> projects/mamba/src/runtime/stdlib/platform_mod.rs:206:47
    |
206 |         ("_sys_version", dispatch_sys_version as usize),
    |                                               ^^^^^^^^
    |
help: first cast to a pointer `as *const ()`
    |
206 |         ("_sys_version", dispatch_sys_version as *const () as usize),
    |                                               ++++++++++++

warning: direct cast of function item into an integer
   --> projects/mamba/src/runtime/stdlib/platform_mod.rs:207:61
    |
207 |         ("_comparable_version", dispatch_comparable_version as usize),
    |                                                             ^^^^^^^^
    |
help: first cast to a pointer `as *const ()`
    |
207 |         ("_comparable_version", dispatch_comparable_version as *const () as usize),
    |                                                             ++++++++++++

warning: direct cast of function item into an integer
   --> projects/mamba/src/runtime/stdlib/platform_mod.rs:208:57
    |
208 |         ("_parse_os_release", dispatch_parse_os_release as usize),
    |                                                         ^^^^^^^^
    |
help: first cast to a pointer `as *const ()`
    |
208 |         ("_parse_os_release", dispatch_parse_os_release as *const () as usize),
    |                                                         ++++++++++++

warning: direct cast of function item into an integer
  --> projects/mamba/src/runtime/stdlib/pprint_mod.rs:99:36
   |
99 |         ("pprint", dispatch_pprint as usize),
   |                                    ^^^^^^^^
   |
help: first cast to a pointer `as *const ()`
   |
99 |         ("pprint", dispatch_pprint as *const () as usize),
   |                                    ++++++++++++

warning: direct cast of function item into an integer
   --> projects/mamba/src/runtime/stdlib/pprint_mod.rs:102:32
    |
102 |         ("pp", dispatch_pprint as usize),
    |                                ^^^^^^^^
    |
help: first cast to a pointer `as *const ()`
    |
102 |         ("pp", dispatch_pprint as *const () as usize),
    |                                ++++++++++++

warning: direct cast of function item into an integer
   --> projects/mamba/src/runtime/stdlib/pprint_mod.rs:103:38
    |
103 |         ("pformat", dispatch_pformat as usize),
    |                                      ^^^^^^^^
    |
help: first cast to a pointer `as *const ()`
    |
103 |         ("pformat", dispatch_pformat as *const () as usize),
    |                                      ++++++++++++

warning: direct cast of function item into an integer
   --> projects/mamba/src/runtime/stdlib/pprint_mod.rs:104:40
    |
104 |         ("saferepr", dispatch_saferepr as usize),
    |                                        ^^^^^^^^
    |
help: first cast to a pointer `as *const ()`
    |
104 |         ("saferepr", dispatch_saferepr as *const () as usize),
    |                                        ++++++++++++

warning: direct cast of function item into an integer
   --> projects/mamba/src/runtime/stdlib/pprint_mod.rs:105:46
    |
105 |         ("isrecursive", dispatch_isrecursive as usize),
    |                                              ^^^^^^^^
    |
help: first cast to a pointer `as *const ()`
    |
105 |         ("isrecursive", dispatch_isrecursive as *const () as usize),
    |                                              ++++++++++++

warning: direct cast of function item into an integer
   --> projects/mamba/src/runtime/stdlib/pprint_mod.rs:106:44
    |
106 |         ("isreadable", dispatch_isreadable as usize),
    |                                            ^^^^^^^^
    |
help: first cast to a pointer `as *const ()`
    |
106 |         ("isreadable", dispatch_isreadable as *const () as usize),
    |                                            ++++++++++++

warning: direct cast of function item into an integer
   --> projects/mamba/src/runtime/stdlib/pprint_mod.rs:123:40
    |
123 |         MbValue::from_func(m_pp_pprint as usize),
    |                                        ^^^^^^^^
    |
help: first cast to a pointer `as *const ()`
    |
123 |         MbValue::from_func(m_pp_pprint as *const () as usize),
    |                                        ++++++++++++

warning: direct cast of function item into an integer
   --> projects/mamba/src/runtime/stdlib/pprint_mod.rs:127:41
    |
127 |         MbValue::from_func(m_pp_pformat as usize),
    |                                         ^^^^^^^^
    |
help: first cast to a pointer `as *const ()`
    |
127 |         MbValue::from_func(m_pp_pformat as *const () as usize),
    |                                         ++++++++++++

warning: direct cast of function item into an integer
   --> projects/mamba/src/runtime/stdlib/pprint_mod.rs:131:45
    |
131 |         MbValue::from_func(m_pp_isrecursive as usize),
    |                                             ^^^^^^^^
    |
help: first cast to a pointer `as *const ()`
    |
131 |         MbValue::from_func(m_pp_isrecursive as *const () as usize),
    |                                             ++++++++++++

warning: direct cast of function item into an integer
   --> projects/mamba/src/runtime/stdlib/pprint_mod.rs:135:44
    |
135 |         MbValue::from_func(m_pp_isreadable as usize),
    |                                            ^^^^^^^^
    |
help: first cast to a pointer `as *const ()`
    |
135 |         MbValue::from_func(m_pp_isreadable as *const () as usize),
    |                                            ++++++++++++

warning: direct cast of function item into an integer
   --> projects/mamba/src/runtime/stdlib/pprint_mod.rs:140:40
    |
140 |     let ctor = dispatch_pretty_printer as usize;
    |                                        ^^^^^^^^
    |
help: first cast to a pointer `as *const ()`
    |
140 |     let ctor = dispatch_pretty_printer as *const () as usize;
    |                                        ++++++++++++

warning: direct cast of function item into an integer
   --> projects/mamba/src/runtime/stdlib/queue_mod.rs:234:34
    |
234 |         ("Queue", dispatch_queue as usize),
    |                                  ^^^^^^^^
    |
help: first cast to a pointer `as *const ()`
    |
234 |         ("Queue", dispatch_queue as *const () as usize),
    |                                  ++++++++++++

warning: direct cast of function item into an integer
   --> projects/mamba/src/runtime/stdlib/queue_mod.rs:235:37
    |
235 |         ("LifoQueue", dispatch_lifo as usize),
    |                                     ^^^^^^^^
    |
help: first cast to a pointer `as *const ()`
    |
235 |         ("LifoQueue", dispatch_lifo as *const () as usize),
    |                                     ++++++++++++

warning: direct cast of function item into an integer
   --> projects/mamba/src/runtime/stdlib/queue_mod.rs:236:41
    |
236 |         ("PriorityQueue", dispatch_prio as usize),
    |                                         ^^^^^^^^
    |
help: first cast to a pointer `as *const ()`
    |
236 |         ("PriorityQueue", dispatch_prio as *const () as usize),
    |                                         ++++++++++++

warning: direct cast of function item into an integer
   --> projects/mamba/src/runtime/stdlib/queue_mod.rs:237:41
    |
237 |         ("SimpleQueue", dispatch_simple as usize),
    |                                         ^^^^^^^^
    |
help: first cast to a pointer `as *const ()`
    |
237 |         ("SimpleQueue", dispatch_simple as *const () as usize),
    |                                         ++++++++++++

warning: direct cast of function item into an integer
   --> projects/mamba/src/runtime/stdlib/queue_mod.rs:238:30
    |
238 |         ("put", dispatch_put as usize),
    |                              ^^^^^^^^
    |
help: first cast to a pointer `as *const ()`
    |
238 |         ("put", dispatch_put as *const () as usize),
    |                              ++++++++++++

warning: direct cast of function item into an integer
   --> projects/mamba/src/runtime/stdlib/queue_mod.rs:239:30
    |
239 |         ("get", dispatch_get as usize),
    |                              ^^^^^^^^
    |
help: first cast to a pointer `as *const ()`
    |
239 |         ("get", dispatch_get as *const () as usize),
    |                              ++++++++++++

warning: direct cast of function item into an integer
   --> projects/mamba/src/runtime/stdlib/queue_mod.rs:240:34
    |
240 |         ("empty", dispatch_empty as usize),
    |                                  ^^^^^^^^
    |
help: first cast to a pointer `as *const ()`
    |
240 |         ("empty", dispatch_empty as *const () as usize),
    |                                  ++++++++++++

warning: direct cast of function item into an integer
   --> projects/mamba/src/runtime/stdlib/queue_mod.rs:241:34
    |
241 |         ("qsize", dispatch_qsize as usize),
    |                                  ^^^^^^^^
    |
help: first cast to a pointer `as *const ()`
    |
241 |         ("qsize", dispatch_qsize as *const () as usize),
    |                                  ++++++++++++

warning: direct cast of function item into an integer
   --> projects/mamba/src/runtime/stdlib/queue_mod.rs:242:32
    |
242 |         ("full", dispatch_full as usize),
    |                                ^^^^^^^^
    |
help: first cast to a pointer `as *const ()`
    |
242 |         ("full", dispatch_full as *const () as usize),
    |                                ++++++++++++

warning: direct cast of function item into an integer
   --> projects/mamba/src/runtime/stdlib/queue_mod.rs:246:34
    |
246 |         ("deque", dispatch_deque as usize),
    |                                  ^^^^^^^^
    |
help: first cast to a pointer `as *const ()`
    |
246 |         ("deque", dispatch_deque as *const () as usize),
    |                                  ++++++++++++

warning: direct cast of function item into an integer
   --> projects/mamba/src/runtime/stdlib/queue_mod.rs:247:38
    |
247 |         ("heappop", dispatch_heappop as usize),
    |                                      ^^^^^^^^
    |
help: first cast to a pointer `as *const ()`
    |
247 |         ("heappop", dispatch_heappop as *const () as usize),
    |                                      ++++++++++++

warning: direct cast of function item into an integer
   --> projects/mamba/src/runtime/stdlib/queue_mod.rs:248:40
    |
248 |         ("heappush", dispatch_heappush as usize),
    |                                        ^^^^^^^^
    |
help: first cast to a pointer `as *const ()`
    |
248 |         ("heappush", dispatch_heappush as *const () as usize),
    |                                        ++++++++++++

warning: direct cast of function item into an integer
   --> projects/mamba/src/runtime/stdlib/queue_mod.rs:249:42
    |
249 |         ("threading", dispatch_threading as usize),
    |                                          ^^^^^^^^
    |
help: first cast to a pointer `as *const ()`
    |
249 |         ("threading", dispatch_threading as *const () as usize),
    |                                          ++++++++++++

warning: direct cast of function item into an integer
   --> projects/mamba/src/runtime/stdlib/queue_mod.rs:250:32
    |
250 |         ("time", dispatch_time as usize),
    |                                ^^^^^^^^
    |
help: first cast to a pointer `as *const ()`
    |
250 |         ("time", dispatch_time as *const () as usize),
    |                                ++++++++++++

warning: direct cast of function item into an integer
   --> projects/mamba/src/runtime/stdlib/queue_mod.rs:251:34
    |
251 |         ("types", dispatch_types as usize),
    |                                  ^^^^^^^^
    |
help: first cast to a pointer `as *const ()`
    |
251 |         ("types", dispatch_types as *const () as usize),
    |                                  ++++++++++++

warning: direct cast of function item into an integer
   --> projects/mamba/src/runtime/stdlib/secrets_mod.rs:102:46
    |
102 |         ("token_bytes", dispatch_token_bytes as usize),
    |                                              ^^^^^^^^
    |
help: first cast to a pointer `as *const ()`
    |
102 |         ("token_bytes", dispatch_token_bytes as *const () as usize),
    |                                              ++++++++++++

warning: direct cast of function item into an integer
   --> projects/mamba/src/runtime/stdlib/secrets_mod.rs:103:42
    |
103 |         ("token_hex", dispatch_token_hex as usize),
    |                                          ^^^^^^^^
    |
help: first cast to a pointer `as *const ()`
    |
103 |         ("token_hex", dispatch_token_hex as *const () as usize),
    |                                          ++++++++++++

warning: direct cast of function item into an integer
   --> projects/mamba/src/runtime/stdlib/secrets_mod.rs:104:50
    |
104 |         ("token_urlsafe", dispatch_token_urlsafe as usize),
    |                                                  ^^^^^^^^
    |
help: first cast to a pointer `as *const ()`
    |
104 |         ("token_urlsafe", dispatch_token_urlsafe as *const () as usize),
    |                                                  ++++++++++++

warning: direct cast of function item into an integer
   --> projects/mamba/src/runtime/stdlib/secrets_mod.rs:105:36
    |
105 |         ("choice", dispatch_choice as usize),
    |                                    ^^^^^^^^
    |
help: first cast to a pointer `as *const ()`
    |
105 |         ("choice", dispatch_choice as *const () as usize),
    |                                    ++++++++++++

warning: direct cast of function item into an integer
   --> projects/mamba/src/runtime/stdlib/secrets_mod.rs:106:40
    |
106 |         ("randbits", dispatch_randbits as usize),
    |                                        ^^^^^^^^
    |
help: first cast to a pointer `as *const ()`
    |
106 |         ("randbits", dispatch_randbits as *const () as usize),
    |                                        ++++++++++++

warning: direct cast of function item into an integer
   --> projects/mamba/src/runtime/stdlib/secrets_mod.rs:107:42
    |
107 |         ("randbelow", dispatch_randbelow as usize),
    |                                          ^^^^^^^^
    |
help: first cast to a pointer `as *const ()`
    |
107 |         ("randbelow", dispatch_randbelow as *const () as usize),
    |                                          ++++++++++++

warning: direct cast of function item into an integer
   --> projects/mamba/src/runtime/stdlib/secrets_mod.rs:108:52
    |
108 |         ("compare_digest", dispatch_compare_digest as usize),
    |                                                    ^^^^^^^^
    |
help: first cast to a pointer `as *const ()`
    |
108 |         ("compare_digest", dispatch_compare_digest as *const () as usize),
    |                                                    ++++++++++++

warning: direct cast of function item into an integer
   --> projects/mamba/src/runtime/stdlib/secrets_mod.rs:109:49
    |
109 |         ("SystemRandom", dispatch_system_random as usize),
    |                                                 ^^^^^^^^
    |
help: first cast to a pointer `as *const ()`
    |
109 |         ("SystemRandom", dispatch_system_random as *const () as usize),
    |                                                 ++++++++++++

warning: direct cast of function item into an integer
   --> projects/mamba/src/runtime/stdlib/select_mod.rs:679:34
    |
679 |         ("register", pe_register as usize),
    |                                  ^^^^^^^^
    |
help: first cast to a pointer `as *const ()`
    |
679 |         ("register", pe_register as *const () as usize),
    |                                  ++++++++++++

warning: direct cast of function item into an integer
   --> projects/mamba/src/runtime/stdlib/select_mod.rs:680:38
    |
680 |         ("unregister", pe_unregister as usize),
    |                                      ^^^^^^^^
    |
help: first cast to a pointer `as *const ()`
    |
680 |         ("unregister", pe_unregister as *const () as usize),
    |                                      ++++++++++++

warning: direct cast of function item into an integer
   --> projects/mamba/src/runtime/stdlib/select_mod.rs:681:30
    |
681 |         ("modify", pe_modify as usize),
    |                              ^^^^^^^^
    |
help: first cast to a pointer `as *const ()`
    |
681 |         ("modify", pe_modify as *const () as usize),
    |                              ++++++++++++

warning: direct cast of function item into an integer
   --> projects/mamba/src/runtime/stdlib/select_mod.rs:682:26
    |
682 |         ("poll", pe_poll as usize),
    |                          ^^^^^^^^
    |
help: first cast to a pointer `as *const ()`
    |
682 |         ("poll", pe_poll as *const () as usize),
    |                          ++++++++++++

warning: direct cast of function item into an integer
   --> projects/mamba/src/runtime/stdlib/select_mod.rs:694:27
    |
694 |         ("__new__", e_new as usize),
    |                           ^^^^^^^^
    |
help: first cast to a pointer `as *const ()`
    |
694 |         ("__new__", e_new as *const () as usize),
    |                           ++++++++++++

warning: direct cast of function item into an integer
   --> projects/mamba/src/runtime/stdlib/select_mod.rs:695:27
    |
695 |         ("close", e_close as usize),
    |                           ^^^^^^^^
    |
help: first cast to a pointer `as *const ()`
    |
695 |         ("close", e_close as *const () as usize),
    |                           ++++++++++++

warning: direct cast of function item into an integer
   --> projects/mamba/src/runtime/stdlib/select_mod.rs:696:29
    |
696 |         ("fileno", e_fileno as usize),
    |                             ^^^^^^^^
    |
help: first cast to a pointer `as *const ()`
    |
696 |         ("fileno", e_fileno as *const () as usize),
    |                             ++++++++++++

warning: direct cast of function item into an integer
   --> projects/mamba/src/runtime/stdlib/select_mod.rs:697:31
    |
697 |         ("__enter__", e_enter as usize),
    |                               ^^^^^^^^
    |
help: first cast to a pointer `as *const ()`
    |
697 |         ("__enter__", e_enter as *const () as usize),
    |                               ++++++++++++

warning: direct cast of function item into an integer
   --> projects/mamba/src/runtime/stdlib/select_mod.rs:698:29
    |
698 |         ("__exit__", e_exit as usize),
    |                             ^^^^^^^^
    |
help: first cast to a pointer `as *const ()`
    |
698 |         ("__exit__", e_exit as *const () as usize),
    |                             ++++++++++++

warning: direct cast of function item into an integer
   --> projects/mamba/src/runtime/stdlib/select_mod.rs:708:43
    |
708 |         MbValue::from_func(d_epoll_fromfd as usize),
    |                                           ^^^^^^^^
    |
help: first cast to a pointer `as *const ()`
    |
708 |         MbValue::from_func(d_epoll_fromfd as *const () as usize),
    |                                           ++++++++++++

warning: direct cast of function item into an integer
   --> projects/mamba/src/runtime/stdlib/select_mod.rs:711:46
    |
711 |         s.borrow_mut().insert(d_epoll_fromfd as usize as u64);
    |                                              ^^^^^^^^
    |
help: first cast to a pointer `as *const ()`
    |
711 |         s.borrow_mut().insert(d_epoll_fromfd as *const () as usize as u64);
    |                                              ++++++++++++

warning: direct cast of function item into an integer
   --> projects/mamba/src/runtime/stdlib/select_mod.rs:999:29
    |
999 |         ("select", d_select as usize),
    |                             ^^^^^^^^
    |
help: first cast to a pointer `as *const ()`
    |
999 |         ("select", d_select as *const () as usize),
    |                             ++++++++++++

warning: direct cast of function item into an integer
    --> projects/mamba/src/runtime/stdlib/select_mod.rs:1000:29
     |
1000 |         ("poll", d_poll_new as usize),
     |                             ^^^^^^^^
     |
help: first cast to a pointer `as *const ()`
     |
1000 |         ("poll", d_poll_new as *const () as usize),
     |                             ++++++++++++

warning: direct cast of function item into an integer
    --> projects/mamba/src/runtime/stdlib/select_mod.rs:1001:35
     |
1001 |         ("devpoll", d_devpoll_new as usize),
     |                                   ^^^^^^^^
     |
help: first cast to a pointer `as *const ()`
     |
1001 |         ("devpoll", d_devpoll_new as *const () as usize),
     |                                   ++++++++++++

warning: direct cast of function item into an integer
    --> projects/mamba/src/runtime/stdlib/select_mod.rs:1002:31
     |
1002 |         ("epoll", d_epoll_new as usize),
     |                               ^^^^^^^^
     |
help: first cast to a pointer `as *const ()`
     |
1002 |         ("epoll", d_epoll_new as *const () as usize),
     |                               ++++++++++++

warning: direct cast of function item into an integer
    --> projects/mamba/src/runtime/stdlib/select_mod.rs:1010:64
     |
1010 |     super::super::module::register_native_type_name(d_poll_new as usize as u64, "poll".to_string());
     |                                                                ^^^^^^^^
     |
help: first cast to a pointer `as *const ()`
     |
1010 |     super::super::module::register_native_type_name(d_poll_new as *const () as usize as u64, "poll".to_string());
     |                                                                ++++++++++++

warning: direct cast of function item into an integer
    --> projects/mamba/src/runtime/stdlib/select_mod.rs:1012:23
     |
1012 |         d_devpoll_new as usize as u64,
     |                       ^^^^^^^^
     |
help: first cast to a pointer `as *const ()`
     |
1012 |         d_devpoll_new as *const () as usize as u64,
     |                       ++++++++++++

warning: direct cast of function item into an integer
    --> projects/mamba/src/runtime/stdlib/select_mod.rs:1016:21
     |
1016 |         d_epoll_new as usize as u64,
     |                     ^^^^^^^^
     |
help: first cast to a pointer `as *const ()`
     |
1016 |         d_epoll_new as *const () as usize as u64,
     |                     ++++++++++++

warning: direct cast of function item into an integer
    --> projects/mamba/src/runtime/stdlib/select_mod.rs:1024:45
     |
1024 |             MbValue::from_func(d_kqueue_new as usize),
     |                                             ^^^^^^^^
     |
help: first cast to a pointer `as *const ()`
     |
1024 |             MbValue::from_func(d_kqueue_new as *const () as usize),
     |                                             ++++++++++++

warning: direct cast of function item into an integer
    --> projects/mamba/src/runtime/stdlib/select_mod.rs:1028:45
     |
1028 |             MbValue::from_func(d_kevent_new as usize),
     |                                             ^^^^^^^^
     |
help: first cast to a pointer `as *const ()`
     |
1028 |             MbValue::from_func(d_kevent_new as *const () as usize),
     |                                             ++++++++++++

warning: direct cast of function item into an integer
    --> projects/mamba/src/runtime/stdlib/select_mod.rs:1032:37
     |
1032 |             set.insert(d_kqueue_new as usize as u64);
     |                                     ^^^^^^^^
     |
help: first cast to a pointer `as *const ()`
     |
1032 |             set.insert(d_kqueue_new as *const () as usize as u64);
     |                                     ++++++++++++

warning: direct cast of function item into an integer
    --> projects/mamba/src/runtime/stdlib/select_mod.rs:1033:37
     |
1033 |             set.insert(d_kevent_new as usize as u64);
     |                                     ^^^^^^^^
     |
help: first cast to a pointer `as *const ()`
     |
1033 |             set.insert(d_kevent_new as *const () as usize as u64);
     |                                     ++++++++++++

warning: direct cast of function item into an integer
   --> projects/mamba/src/runtime/stdlib/select_mod.rs:903:35
    |
903 |             ("control", k_control as usize),
    |                                   ^^^^^^^^
    |
help: first cast to a pointer `as *const ()`
    |
903 |             ("control", k_control as *const () as usize),
    |                                   ++++++++++++

warning: direct cast of function item into an integer
   --> projects/mamba/src/runtime/stdlib/select_mod.rs:904:31
    |
904 |             ("close", k_close as usize),
    |                               ^^^^^^^^
    |
help: first cast to a pointer `as *const ()`
    |
904 |             ("close", k_close as *const () as usize),
    |                               ++++++++++++

warning: direct cast of function item into an integer
   --> projects/mamba/src/runtime/stdlib/select_mod.rs:905:33
    |
905 |             ("fileno", k_fileno as usize),
    |                                 ^^^^^^^^
    |
help: first cast to a pointer `as *const ()`
    |
905 |             ("fileno", k_fileno as *const () as usize),
    |                                 ++++++++++++

warning: direct cast of function item into an integer
   --> projects/mamba/src/runtime/stdlib/select_mod.rs:906:35
    |
906 |             ("__enter__", k_enter as usize),
    |                                   ^^^^^^^^
    |
help: first cast to a pointer `as *const ()`
    |
906 |             ("__enter__", k_enter as *const () as usize),
    |                                   ++++++++++++

warning: direct cast of function item into an integer
   --> projects/mamba/src/runtime/stdlib/select_mod.rs:907:33
    |
907 |             ("__exit__", k_exit as usize),
    |                                 ^^^^^^^^
    |
help: first cast to a pointer `as *const ()`
    |
907 |             ("__exit__", k_exit as *const () as usize),
    |                                 ++++++++++++

warning: direct cast of function item into an integer
   --> projects/mamba/src/runtime/stdlib/select_mod.rs:916:55
    |
916 |             MbValue::from_func(super::d_kqueue_fromfd as usize),
    |                                                       ^^^^^^^^
    |
help: first cast to a pointer `as *const ()`
    |
916 |             MbValue::from_func(super::d_kqueue_fromfd as *const () as usize),
    |                                                       ++++++++++++

warning: direct cast of function item into an integer
   --> projects/mamba/src/runtime/stdlib/select_mod.rs:920:48
    |
920 |                 .insert(super::d_kqueue_fromfd as usize as u64);
    |                                                ^^^^^^^^
    |
help: first cast to a pointer `as *const ()`
    |
920 |                 .insert(super::d_kqueue_fromfd as *const () as usize as u64);
    |                                                ++++++++++++

warning: direct cast of function item into an integer
   --> projects/mamba/src/runtime/stdlib/select_mod.rs:925:33
    |
925 |             super::d_kqueue_new as usize as u64,
    |                                 ^^^^^^^^
    |
help: first cast to a pointer `as *const ()`
    |
925 |             super::d_kqueue_new as *const () as usize as u64,
    |                                 ++++++++++++

warning: direct cast of function item into an integer
   --> projects/mamba/src/runtime/stdlib/select_mod.rs:929:33
    |
929 |             super::d_kevent_new as usize as u64,
    |                                 ^^^^^^^^
    |
help: first cast to a pointer `as *const ()`
    |
929 |             super::d_kevent_new as *const () as usize as u64,
    |                                 ++++++++++++

warning: direct cast of function item into an integer
   --> projects/mamba/src/runtime/stdlib/selectors_mod.rs:767:33
    |
767 |         ("register", m_register as usize),
    |                                 ^^^^^^^^
    |
help: first cast to a pointer `as *const ()`
    |
767 |         ("register", m_register as *const () as usize),
    |                                 ++++++++++++

warning: direct cast of function item into an integer
   --> projects/mamba/src/runtime/stdlib/selectors_mod.rs:768:37
    |
768 |         ("unregister", m_unregister as usize),
    |                                     ^^^^^^^^
    |
help: first cast to a pointer `as *const ()`
    |
768 |         ("unregister", m_unregister as *const () as usize),
    |                                     ++++++++++++

warning: direct cast of function item into an integer
   --> projects/mamba/src/runtime/stdlib/selectors_mod.rs:769:29
    |
769 |         ("modify", m_modify as usize),
    |                             ^^^^^^^^
    |
help: first cast to a pointer `as *const ()`
    |
769 |         ("modify", m_modify as *const () as usize),
    |                             ++++++++++++

warning: direct cast of function item into an integer
   --> projects/mamba/src/runtime/stdlib/selectors_mod.rs:770:31
    |
770 |         ("get_key", m_get_key as usize),
    |                               ^^^^^^^^
    |
help: first cast to a pointer `as *const ()`
    |
770 |         ("get_key", m_get_key as *const () as usize),
    |                               ++++++++++++

warning: direct cast of function item into an integer
   --> projects/mamba/src/runtime/stdlib/selectors_mod.rs:771:31
    |
771 |         ("get_map", m_get_map as usize),
    |                               ^^^^^^^^
    |
help: first cast to a pointer `as *const ()`
    |
771 |         ("get_map", m_get_map as *const () as usize),
    |                               ++++++++++++

warning: direct cast of function item into an integer
   --> projects/mamba/src/runtime/stdlib/selectors_mod.rs:772:29
    |
772 |         ("select", m_select as usize),
    |                             ^^^^^^^^
    |
help: first cast to a pointer `as *const ()`
    |
772 |         ("select", m_select as *const () as usize),
    |                             ++++++++++++

warning: direct cast of function item into an integer
   --> projects/mamba/src/runtime/stdlib/selectors_mod.rs:773:27
    |
773 |         ("close", m_close as usize),
    |                           ^^^^^^^^
    |
help: first cast to a pointer `as *const ()`
    |
773 |         ("close", m_close as *const () as usize),
    |                           ++++++++++++

warning: direct cast of function item into an integer
   --> projects/mamba/src/runtime/stdlib/selectors_mod.rs:774:31
    |
774 |         ("__enter__", m_enter as usize),
    |                               ^^^^^^^^
    |
help: first cast to a pointer `as *const ()`
    |
774 |         ("__enter__", m_enter as *const () as usize),
    |                               ++++++++++++

warning: direct cast of function item into an integer
   --> projects/mamba/src/runtime/stdlib/selectors_mod.rs:775:29
    |
775 |         ("__exit__", m_exit as usize),
    |                             ^^^^^^^^
    |
help: first cast to a pointer `as *const ()`
    |
775 |         ("__exit__", m_exit as *const () as usize),
    |                             ++++++++++++

warning: direct cast of function item into an integer
  --> projects/mamba/src/runtime/stdlib/shlex_mod.rs:30:34
   |
30 |         ("split", dispatch_split as usize),
   |                                  ^^^^^^^^
   |
help: first cast to a pointer `as *const ()`
   |
30 |         ("split", dispatch_split as *const () as usize),
   |                                  ++++++++++++

warning: direct cast of function item into an integer
  --> projects/mamba/src/runtime/stdlib/shlex_mod.rs:31:34
   |
31 |         ("quote", dispatch_quote as usize),
   |                                  ^^^^^^^^
   |
help: first cast to a pointer `as *const ()`
   |
31 |         ("quote", dispatch_quote as *const () as usize),
   |                                  ++++++++++++

warning: direct cast of function item into an integer
  --> projects/mamba/src/runtime/stdlib/shlex_mod.rs:32:32
   |
32 |         ("join", dispatch_join as usize),
   |                                ^^^^^^^^
   |
help: first cast to a pointer `as *const ()`
   |
32 |         ("join", dispatch_join as *const () as usize),
   |                                ++++++++++++

warning: direct cast of function item into an integer
  --> projects/mamba/src/runtime/stdlib/shlex_mod.rs:33:40
   |
33 |         ("shlex", dispatch_shlex_class as usize),
   |                                        ^^^^^^^^
   |
help: first cast to a pointer `as *const ()`
   |
33 |         ("shlex", dispatch_shlex_class as *const () as usize),
   |                                        ++++++++++++

warning: direct cast of function item into an integer
    --> projects/mamba/src/runtime/stdlib/tarfile_mod.rs:2246:32
     |
2246 |         ("open", dispatch_open as usize),
     |                                ^^^^^^^^
     |
help: first cast to a pointer `as *const ()`
     |
2246 |         ("open", dispatch_open as *const () as usize),
     |                                ++++++++++++

warning: direct cast of function item into an integer
    --> projects/mamba/src/runtime/stdlib/tarfile_mod.rs:2247:44
     |
2247 |         ("is_tarfile", dispatch_is_tarfile as usize),
     |                                            ^^^^^^^^
     |
help: first cast to a pointer `as *const ()`
     |
2247 |         ("is_tarfile", dispatch_is_tarfile as *const () as usize),
     |                                            ++++++++++++

warning: direct cast of function item into an integer
    --> projects/mamba/src/runtime/stdlib/tarfile_mod.rs:2248:30
     |
2248 |         ("itn", dispatch_itn as usize),
     |                              ^^^^^^^^
     |
help: first cast to a pointer `as *const ()`
     |
2248 |         ("itn", dispatch_itn as *const () as usize),
     |                              ++++++++++++

warning: direct cast of function item into an integer
    --> projects/mamba/src/runtime/stdlib/tarfile_mod.rs:2249:30
     |
2249 |         ("nti", dispatch_nti as usize),
     |                              ^^^^^^^^
     |
help: first cast to a pointer `as *const ()`
     |
2249 |         ("nti", dispatch_nti as *const () as usize),
     |                              ++++++++++++

warning: direct cast of function item into an integer
    --> projects/mamba/src/runtime/stdlib/tarfile_mod.rs:2250:30
     |
2250 |         ("nts", dispatch_nts as usize),
     |                              ^^^^^^^^
     |
help: first cast to a pointer `as *const ()`
     |
2250 |         ("nts", dispatch_nts as *const () as usize),
     |                              ++++++++++++

warning: direct cast of function item into an integer
    --> projects/mamba/src/runtime/stdlib/tarfile_mod.rs:2251:30
     |
2251 |         ("stn", dispatch_stn as usize),
     |                              ^^^^^^^^
     |
help: first cast to a pointer `as *const ()`
     |
2251 |         ("stn", dispatch_stn as *const () as usize),
     |                              ++++++++++++

warning: direct cast of function item into an integer
    --> projects/mamba/src/runtime/stdlib/tarfile_mod.rs:2252:44
     |
2252 |         ("tar_filter", dispatch_tar_filter as usize),
     |                                            ^^^^^^^^
     |
help: first cast to a pointer `as *const ()`
     |
2252 |         ("tar_filter", dispatch_tar_filter as *const () as usize),
     |                                            ++++++++++++

warning: direct cast of function item into an integer
    --> projects/mamba/src/runtime/stdlib/tarfile_mod.rs:2253:46
     |
2253 |         ("data_filter", dispatch_data_filter as usize),
     |                                              ^^^^^^^^
     |
help: first cast to a pointer `as *const ()`
     |
2253 |         ("data_filter", dispatch_data_filter as *const () as usize),
     |                                              ++++++++++++

warning: direct cast of function item into an integer
    --> projects/mamba/src/runtime/stdlib/tarfile_mod.rs:2256:43
     |
2256 |             dispatch_fully_trusted_filter as usize,
     |                                           ^^^^^^^^
     |
help: first cast to a pointer `as *const ()`
     |
2256 |             dispatch_fully_trusted_filter as *const () as usize,
     |                                           ++++++++++++

warning: direct cast of function item into an integer
    --> projects/mamba/src/runtime/stdlib/tarfile_mod.rs:2258:42
     |
2258 |         ("TarInfo", dispatch_tarinfo_new as usize),
     |                                          ^^^^^^^^
     |
help: first cast to a pointer `as *const ()`
     |
2258 |         ("TarInfo", dispatch_tarinfo_new as *const () as usize),
     |                                          ++++++++++++

warning: direct cast of function item into an integer
    --> projects/mamba/src/runtime/stdlib/tarfile_mod.rs:2269:30
     |
2269 |         dispatch_tarinfo_new as usize as u64,
     |                              ^^^^^^^^
     |
help: first cast to a pointer `as *const ()`
     |
2269 |         dispatch_tarinfo_new as *const () as usize as u64,
     |                              ++++++++++++

warning: direct cast of function item into an integer
    --> projects/mamba/src/runtime/stdlib/tarfile_mod.rs:2272:71
     |
2272 |     super::super::module::register_variadic_func(tar_stub_method_call as usize as u64);
     |                                                                       ^^^^^^^^
     |
help: first cast to a pointer `as *const ()`
     |
2272 |     super::super::module::register_variadic_func(tar_stub_method_call as *const () as usize as u64);
     |                                                                       ++++++++++++

warning: direct cast of function item into an integer
    --> projects/mamba/src/runtime/stdlib/tarfile_mod.rs:2276:49
     |
2276 |         MbValue::from_func(tar_stub_method_call as usize),
     |                                                 ^^^^^^^^
     |
help: first cast to a pointer `as *const ()`
     |
2276 |         MbValue::from_func(tar_stub_method_call as *const () as usize),
     |                                                 ++++++++++++

warning: direct cast of function item into an integer
    --> projects/mamba/src/runtime/stdlib/tarfile_mod.rs:2447:42
     |
2447 |         let addr = dispatch_tarfile_stub as usize;
     |                                          ^^^^^^^^
     |
help: first cast to a pointer `as *const ()`
     |
2447 |         let addr = dispatch_tarfile_stub as *const () as usize;
     |                                          ++++++++++++

warning: direct cast of function item into an integer
    --> projects/mamba/src/runtime/stdlib/tarfile_mod.rs:2499:42
     |
2499 |         let addr = dispatch_tarfile_stub as usize;
     |                                          ^^^^^^^^
     |
help: first cast to a pointer `as *const ()`
     |
2499 |         let addr = dispatch_tarfile_stub as *const () as usize;
     |                                          ++++++++++++

warning: direct cast of function item into an integer
    --> projects/mamba/src/runtime/stdlib/textwrap_mod.rs:1093:30
     |
1093 |         ("wrap", method_wrap as usize),
     |                              ^^^^^^^^
     |
help: first cast to a pointer `as *const ()`
     |
1093 |         ("wrap", method_wrap as *const () as usize),
     |                              ++++++++++++

warning: direct cast of function item into an integer
    --> projects/mamba/src/runtime/stdlib/textwrap_mod.rs:1094:30
     |
1094 |         ("fill", method_fill as usize),
     |                              ^^^^^^^^
     |
help: first cast to a pointer `as *const ()`
     |
1094 |         ("fill", method_fill as *const () as usize),
     |                              ++++++++++++

warning: direct cast of function item into an integer
    --> projects/mamba/src/runtime/stdlib/textwrap_mod.rs:1095:33
     |
1095 |         ("_split", method_split as usize),
     |                                 ^^^^^^^^
     |
help: first cast to a pointer `as *const ()`
     |
1095 |         ("_split", method_split as *const () as usize),
     |                                 ++++++++++++

warning: direct cast of function item into an integer
    --> projects/mamba/src/runtime/stdlib/textwrap_mod.rs:1096:44
     |
1096 |         ("_munge_whitespace", method_munge as usize),
     |                                            ^^^^^^^^
     |
help: first cast to a pointer `as *const ()`
     |
1096 |         ("_munge_whitespace", method_munge as *const () as usize),
     |                                            ++++++++++++

warning: direct cast of function item into an integer
   --> projects/mamba/src/runtime/stdlib/threading_mod.rs:213:29
    |
213 |         ("Thread", d_thread as usize),
    |                             ^^^^^^^^
    |
help: first cast to a pointer `as *const ()`
    |
213 |         ("Thread", d_thread as *const () as usize),
    |                             ++++++++++++

warning: direct cast of function item into an integer
   --> projects/mamba/src/runtime/stdlib/threading_mod.rs:214:25
    |
214 |         ("Lock", d_lock as usize),
    |                         ^^^^^^^^
    |
help: first cast to a pointer `as *const ()`
    |
214 |         ("Lock", d_lock as *const () as usize),
    |                         ++++++++++++

warning: direct cast of function item into an integer
   --> projects/mamba/src/runtime/stdlib/threading_mod.rs:215:27
    |
215 |         ("RLock", d_rlock as usize),
    |                           ^^^^^^^^
    |
help: first cast to a pointer `as *const ()`
    |
215 |         ("RLock", d_rlock as *const () as usize),
    |                           ++++++++++++

warning: direct cast of function item into an integer
   --> projects/mamba/src/runtime/stdlib/threading_mod.rs:216:27
    |
216 |         ("Event", d_event as usize),
    |                           ^^^^^^^^
    |
help: first cast to a pointer `as *const ()`
    |
216 |         ("Event", d_event as *const () as usize),
    |                           ++++++++++++

warning: direct cast of function item into an integer
   --> projects/mamba/src/runtime/stdlib/threading_mod.rs:217:35
    |
217 |         ("Condition", d_condition as usize),
    |                                   ^^^^^^^^
    |
help: first cast to a pointer `as *const ()`
    |
217 |         ("Condition", d_condition as *const () as usize),
    |                                   ++++++++++++

warning: direct cast of function item into an integer
   --> projects/mamba/src/runtime/stdlib/threading_mod.rs:218:35
    |
218 |         ("Semaphore", d_semaphore as usize),
    |                                   ^^^^^^^^
    |
help: first cast to a pointer `as *const ()`
    |
218 |         ("Semaphore", d_semaphore as *const () as usize),
    |                                   ++++++++++++

warning: direct cast of function item into an integer
   --> projects/mamba/src/runtime/stdlib/threading_mod.rs:219:50
    |
219 |         ("BoundedSemaphore", d_bounded_semaphore as usize),
    |                                                  ^^^^^^^^
    |
help: first cast to a pointer `as *const ()`
    |
219 |         ("BoundedSemaphore", d_bounded_semaphore as *const () as usize),
    |                                                  ++++++++++++

warning: direct cast of function item into an integer
   --> projects/mamba/src/runtime/stdlib/threading_mod.rs:220:31
    |
220 |         ("Barrier", d_barrier as usize),
    |                               ^^^^^^^^
    |
help: first cast to a pointer `as *const ()`
    |
220 |         ("Barrier", d_barrier as *const () as usize),
    |                               ++++++++++++

warning: direct cast of function item into an integer
   --> projects/mamba/src/runtime/stdlib/threading_mod.rs:221:27
    |
221 |         ("Timer", d_timer as usize),
    |                           ^^^^^^^^
    |
help: first cast to a pointer `as *const ()`
    |
221 |         ("Timer", d_timer as *const () as usize),
    |                           ++++++++++++

warning: direct cast of function item into an integer
   --> projects/mamba/src/runtime/stdlib/threading_mod.rs:222:27
    |
222 |         ("local", d_local as usize),
    |                           ^^^^^^^^
    |
help: first cast to a pointer `as *const ()`
    |
222 |         ("local", d_local as *const () as usize),
    |                           ++++++++++++

warning: direct cast of function item into an integer
   --> projects/mamba/src/runtime/stdlib/threading_mod.rs:223:32
    |
223 |         ("WeakSet", d_weak_set as usize),
    |                                ^^^^^^^^
    |
help: first cast to a pointer `as *const ()`
    |
223 |         ("WeakSet", d_weak_set as *const () as usize),
    |                                ++++++++++++

warning: direct cast of function item into an integer
   --> projects/mamba/src/runtime/stdlib/threading_mod.rs:225:45
    |
225 |         ("current_thread", d_current_thread as usize),
    |                                             ^^^^^^^^
    |
help: first cast to a pointer `as *const ()`
    |
225 |         ("current_thread", d_current_thread as *const () as usize),
    |                                             ++++++++++++

warning: direct cast of function item into an integer
   --> projects/mamba/src/runtime/stdlib/threading_mod.rs:226:44
    |
226 |         ("currentThread", d_current_thread as usize),
    |                                            ^^^^^^^^
    |
help: first cast to a pointer `as *const ()`
    |
226 |         ("currentThread", d_current_thread as *const () as usize),
    |                                            ++++++++++++

warning: direct cast of function item into an integer
   --> projects/mamba/src/runtime/stdlib/threading_mod.rs:227:41
    |
227 |         ("active_count", d_active_count as usize),
    |                                         ^^^^^^^^
    |
help: first cast to a pointer `as *const ()`
    |
227 |         ("active_count", d_active_count as *const () as usize),
    |                                         ++++++++++++

warning: direct cast of function item into an integer
   --> projects/mamba/src/runtime/stdlib/threading_mod.rs:228:40
    |
228 |         ("activeCount", d_active_count as usize),
    |                                        ^^^^^^^^
    |
help: first cast to a pointer `as *const ()`
    |
228 |         ("activeCount", d_active_count as *const () as usize),
    |                                        ++++++++++++

warning: direct cast of function item into an integer
   --> projects/mamba/src/runtime/stdlib/threading_mod.rs:229:35
    |
229 |         ("enumerate", d_enumerate as usize),
    |                                   ^^^^^^^^
    |
help: first cast to a pointer `as *const ()`
    |
229 |         ("enumerate", d_enumerate as *const () as usize),
    |                                   ++++++++++++

warning: direct cast of function item into an integer
   --> projects/mamba/src/runtime/stdlib/threading_mod.rs:230:39
    |
230 |         ("main_thread", d_main_thread as usize),
    |                                       ^^^^^^^^
    |
help: first cast to a pointer `as *const ()`
    |
230 |         ("main_thread", d_main_thread as *const () as usize),
    |                                       ++++++++++++

warning: direct cast of function item into an integer
   --> projects/mamba/src/runtime/stdlib/threading_mod.rs:231:35
    |
231 |         ("get_ident", d_get_ident as usize),
    |                                   ^^^^^^^^
    |
help: first cast to a pointer `as *const ()`
    |
231 |         ("get_ident", d_get_ident as *const () as usize),
    |                                   ++++++++++++

warning: direct cast of function item into an integer
   --> projects/mamba/src/runtime/stdlib/threading_mod.rs:232:43
    |
232 |         ("get_native_id", d_get_native_id as usize),
    |                                           ^^^^^^^^
    |
help: first cast to a pointer `as *const ()`
    |
232 |         ("get_native_id", d_get_native_id as *const () as usize),
    |                                           ++++++++++++

warning: direct cast of function item into an integer
   --> projects/mamba/src/runtime/stdlib/threading_mod.rs:234:37
    |
234 |         ("setprofile", d_setprofile as usize),
    |                                     ^^^^^^^^
    |
help: first cast to a pointer `as *const ()`
    |
234 |         ("setprofile", d_setprofile as *const () as usize),
    |                                     ++++++++++++

warning: direct cast of function item into an integer
   --> projects/mamba/src/runtime/stdlib/threading_mod.rs:235:33
    |
235 |         ("settrace", d_settrace as usize),
    |                                 ^^^^^^^^
    |
help: first cast to a pointer `as *const ()`
    |
235 |         ("settrace", d_settrace as *const () as usize),
    |                                 ++++++++++++

warning: direct cast of function item into an integer
   --> projects/mamba/src/runtime/stdlib/threading_mod.rs:236:61
    |
236 |         ("setprofile_all_threads", d_setprofile_all_threads as usize),
    |                                                             ^^^^^^^^
    |
help: first cast to a pointer `as *const ()`
    |
236 |         ("setprofile_all_threads", d_setprofile_all_threads as *const () as usize),
    |                                                             ++++++++++++

warning: direct cast of function item into an integer
   --> projects/mamba/src/runtime/stdlib/threading_mod.rs:237:57
    |
237 |         ("settrace_all_threads", d_settrace_all_threads as usize),
    |                                                         ^^^^^^^^
    |
help: first cast to a pointer `as *const ()`
    |
237 |         ("settrace_all_threads", d_settrace_all_threads as *const () as usize),
    |                                                         ++++++++++++

warning: direct cast of function item into an integer
   --> projects/mamba/src/runtime/stdlib/threading_mod.rs:238:37
    |
238 |         ("getprofile", d_getprofile as usize),
    |                                     ^^^^^^^^
    |
help: first cast to a pointer `as *const ()`
    |
238 |         ("getprofile", d_getprofile as *const () as usize),
    |                                     ++++++++++++

warning: direct cast of function item into an integer
   --> projects/mamba/src/runtime/stdlib/threading_mod.rs:239:33
    |
239 |         ("gettrace", d_gettrace as usize),
    |                                 ^^^^^^^^
    |
help: first cast to a pointer `as *const ()`
    |
239 |         ("gettrace", d_gettrace as *const () as usize),
    |                                 ++++++++++++

warning: direct cast of function item into an integer
   --> projects/mamba/src/runtime/stdlib/threading_mod.rs:240:37
    |
240 |         ("stack_size", d_stack_size as usize),
    |                                     ^^^^^^^^
    |
help: first cast to a pointer `as *const ()`
    |
240 |         ("stack_size", d_stack_size as *const () as usize),
    |                                     ++++++++++++

warning: direct cast of function item into an integer
   --> projects/mamba/src/runtime/stdlib/threading_mod.rs:241:37
    |
241 |         ("excepthook", d_excepthook as usize),
    |                                     ^^^^^^^^
    |
help: first cast to a pointer `as *const ()`
    |
241 |         ("excepthook", d_excepthook as *const () as usize),
    |                                     ++++++++++++

warning: direct cast of function item into an integer
   --> projects/mamba/src/runtime/stdlib/threading_mod.rs:242:41
    |
242 |         ("__excepthook__", d_excepthook as usize),
    |                                         ^^^^^^^^
    |
help: first cast to a pointer `as *const ()`
    |
242 |         ("__excepthook__", d_excepthook as *const () as usize),
    |                                         ++++++++++++

warning: direct cast of function item into an integer
   --> projects/mamba/src/runtime/stdlib/threading_mod.rs:255:29
    |
255 |         ("Thread", d_thread as usize),
    |                             ^^^^^^^^
    |
help: first cast to a pointer `as *const ()`
    |
255 |         ("Thread", d_thread as *const () as usize),
    |                             ++++++++++++

warning: direct cast of function item into an integer
   --> projects/mamba/src/runtime/stdlib/threading_mod.rs:256:25
    |
256 |         ("Lock", d_lock as usize),
    |                         ^^^^^^^^
    |
help: first cast to a pointer `as *const ()`
    |
256 |         ("Lock", d_lock as *const () as usize),
    |                         ++++++++++++

warning: direct cast of function item into an integer
   --> projects/mamba/src/runtime/stdlib/threading_mod.rs:257:27
    |
257 |         ("RLock", d_rlock as usize),
    |                           ^^^^^^^^
    |
help: first cast to a pointer `as *const ()`
    |
257 |         ("RLock", d_rlock as *const () as usize),
    |                           ++++++++++++

warning: direct cast of function item into an integer
   --> projects/mamba/src/runtime/stdlib/threading_mod.rs:258:27
    |
258 |         ("Event", d_event as usize),
    |                           ^^^^^^^^
    |
help: first cast to a pointer `as *const ()`
    |
258 |         ("Event", d_event as *const () as usize),
    |                           ++++++++++++

warning: direct cast of function item into an integer
   --> projects/mamba/src/runtime/stdlib/threading_mod.rs:259:35
    |
259 |         ("Condition", d_condition as usize),
    |                                   ^^^^^^^^
    |
help: first cast to a pointer `as *const ()`
    |
259 |         ("Condition", d_condition as *const () as usize),
    |                                   ++++++++++++

warning: direct cast of function item into an integer
   --> projects/mamba/src/runtime/stdlib/threading_mod.rs:260:35
    |
260 |         ("Semaphore", d_semaphore as usize),
    |                                   ^^^^^^^^
    |
help: first cast to a pointer `as *const ()`
    |
260 |         ("Semaphore", d_semaphore as *const () as usize),
    |                                   ++++++++++++

warning: direct cast of function item into an integer
   --> projects/mamba/src/runtime/stdlib/threading_mod.rs:261:50
    |
261 |         ("BoundedSemaphore", d_bounded_semaphore as usize),
    |                                                  ^^^^^^^^
    |
help: first cast to a pointer `as *const ()`
    |
261 |         ("BoundedSemaphore", d_bounded_semaphore as *const () as usize),
    |                                                  ++++++++++++

warning: direct cast of function item into an integer
   --> projects/mamba/src/runtime/stdlib/threading_mod.rs:262:31
    |
262 |         ("Barrier", d_barrier as usize),
    |                               ^^^^^^^^
    |
help: first cast to a pointer `as *const ()`
    |
262 |         ("Barrier", d_barrier as *const () as usize),
    |                               ++++++++++++

warning: direct cast of function item into an integer
   --> projects/mamba/src/runtime/stdlib/threading_mod.rs:263:27
    |
263 |         ("Timer", d_timer as usize),
    |                           ^^^^^^^^
    |
help: first cast to a pointer `as *const ()`
    |
263 |         ("Timer", d_timer as *const () as usize),
    |                           ++++++++++++

warning: direct cast of function item into an integer
   --> projects/mamba/src/runtime/stdlib/threading_mod.rs:264:27
    |
264 |         ("local", d_local as usize),
    |                           ^^^^^^^^
    |
help: first cast to a pointer `as *const ()`
    |
264 |         ("local", d_local as *const () as usize),
    |                           ++++++++++++

warning: direct cast of function item into an integer
    --> projects/mamba/src/runtime/stdlib/uuid_mod.rs:1093:34
     |
1093 |         ("uuid1", dispatch_uuid1 as usize),
     |                                  ^^^^^^^^
     |
help: first cast to a pointer `as *const ()`
     |
1093 |         ("uuid1", dispatch_uuid1 as *const () as usize),
     |                                  ++++++++++++

warning: direct cast of function item into an integer
    --> projects/mamba/src/runtime/stdlib/uuid_mod.rs:1094:34
     |
1094 |         ("uuid3", dispatch_uuid3 as usize),
     |                                  ^^^^^^^^
     |
help: first cast to a pointer `as *const ()`
     |
1094 |         ("uuid3", dispatch_uuid3 as *const () as usize),
     |                                  ++++++++++++

warning: direct cast of function item into an integer
    --> projects/mamba/src/runtime/stdlib/uuid_mod.rs:1095:34
     |
1095 |         ("uuid4", dispatch_uuid4 as usize),
     |                                  ^^^^^^^^
     |
help: first cast to a pointer `as *const ()`
     |
1095 |         ("uuid4", dispatch_uuid4 as *const () as usize),
     |                                  ++++++++++++

warning: direct cast of function item into an integer
    --> projects/mamba/src/runtime/stdlib/uuid_mod.rs:1096:34
     |
1096 |         ("uuid5", dispatch_uuid5 as usize),
     |                                  ^^^^^^^^
     |
help: first cast to a pointer `as *const ()`
     |
1096 |         ("uuid5", dispatch_uuid5 as *const () as usize),
     |                                  ++++++++++++

warning: direct cast of function item into an integer
    --> projects/mamba/src/runtime/stdlib/uuid_mod.rs:1097:38
     |
1097 |         ("getnode", dispatch_getnode as usize),
     |                                      ^^^^^^^^
     |
help: first cast to a pointer `as *const ()`
     |
1097 |         ("getnode", dispatch_getnode as *const () as usize),
     |                                      ++++++++++++

warning: direct cast of function item into an integer
    --> projects/mamba/src/runtime/stdlib/uuid_mod.rs:1098:32
     |
1098 |         ("UUID", dispatch_UUID as usize),
     |                                ^^^^^^^^
     |
help: first cast to a pointer `as *const ()`
     |
1098 |         ("UUID", dispatch_UUID as *const () as usize),
     |                                ++++++++++++

warning: direct cast of function item into an integer
    --> projects/mamba/src/runtime/stdlib/uuid_mod.rs:1099:45
     |
1099 |         ("uuid_from_int", dispatch_from_int as usize),
     |                                             ^^^^^^^^
     |
help: first cast to a pointer `as *const ()`
     |
1099 |         ("uuid_from_int", dispatch_from_int as *const () as usize),
     |                                             ++++++++++++

warning: direct cast of function item into an integer
    --> projects/mamba/src/runtime/stdlib/uuid_mod.rs:1100:40
     |
1100 |         ("uuid_hex", dispatch_uuid_hex as usize),
     |                                        ^^^^^^^^
     |
help: first cast to a pointer `as *const ()`
     |
1100 |         ("uuid_hex", dispatch_uuid_hex as *const () as usize),
     |                                        ++++++++++++

warning: direct cast of function item into an integer
    --> projects/mamba/src/runtime/stdlib/uuid_mod.rs:1101:40
     |
1101 |         ("uuid_int", dispatch_uuid_int as usize),
     |                                        ^^^^^^^^
     |
help: first cast to a pointer `as *const ()`
     |
1101 |         ("uuid_int", dispatch_uuid_int as *const () as usize),
     |                                        ++++++++++++

warning: direct cast of function item into an integer
    --> projects/mamba/src/runtime/stdlib/uuid_mod.rs:1102:48
     |
1102 |         ("uuid_version", dispatch_uuid_version as usize),
     |                                                ^^^^^^^^
     |
help: first cast to a pointer `as *const ()`
     |
1102 |         ("uuid_version", dispatch_uuid_version as *const () as usize),
     |                                                ++++++++++++

warning: direct cast of function item into an integer
    --> projects/mamba/src/runtime/stdlib/uuid_mod.rs:1104:40
     |
1104 |         ("Enum", dispatch_surface_stub as usize),
     |                                        ^^^^^^^^
     |
help: first cast to a pointer `as *const ()`
     |
1104 |         ("Enum", dispatch_surface_stub as *const () as usize),
     |                                        ++++++++++++

warning: direct cast of function item into an integer
    --> projects/mamba/src/runtime/stdlib/uuid_mod.rs:1105:42
     |
1105 |         ("bytes_", dispatch_surface_stub as usize),
     |                                          ^^^^^^^^
     |
help: first cast to a pointer `as *const ()`
     |
1105 |         ("bytes_", dispatch_surface_stub as *const () as usize),
     |                                          ++++++++++++

warning: direct cast of function item into an integer
    --> projects/mamba/src/runtime/stdlib/uuid_mod.rs:1106:40
     |
1106 |         ("int_", dispatch_surface_stub as usize),
     |                                        ^^^^^^^^
     |
help: first cast to a pointer `as *const ()`
     |
1106 |         ("int_", dispatch_surface_stub as *const () as usize),
     |                                        ++++++++++++

warning: direct cast of function item into an integer
    --> projects/mamba/src/runtime/stdlib/uuid_mod.rs:1107:40
     |
1107 |         ("main", dispatch_surface_stub as usize),
     |                                        ^^^^^^^^
     |
help: first cast to a pointer `as *const ()`
     |
1107 |         ("main", dispatch_surface_stub as *const () as usize),
     |                                        ++++++++++++

warning: direct cast of function item into an integer
    --> projects/mamba/src/runtime/stdlib/uuid_mod.rs:1108:38
     |
1108 |         ("os", dispatch_surface_stub as usize),
     |                                      ^^^^^^^^
     |
help: first cast to a pointer `as *const ()`
     |
1108 |         ("os", dispatch_surface_stub as *const () as usize),
     |                                      ++++++++++++

warning: direct cast of function item into an integer
    --> projects/mamba/src/runtime/stdlib/uuid_mod.rs:1109:39
     |
1109 |         ("sys", dispatch_surface_stub as usize),
     |                                       ^^^^^^^^
     |
help: first cast to a pointer `as *const ()`
     |
1109 |         ("sys", dispatch_surface_stub as *const () as usize),
     |                                       ++++++++++++

warning: direct cast of function item into an integer
    --> projects/mamba/src/runtime/stdlib/uuid_mod.rs:1123:23
     |
1123 |         dispatch_UUID as usize as u64,
     |                       ^^^^^^^^
     |
help: first cast to a pointer `as *const ()`
     |
1123 |         dispatch_UUID as *const () as usize as u64,
     |                       ++++++++++++

warning: direct cast of function item into an integer
   --> projects/mamba/src/runtime/stdlib/zlib_mod.rs:765:40
    |
765 |         ("compress", dispatch_compress as usize),
    |                                        ^^^^^^^^
    |
help: first cast to a pointer `as *const ()`
    |
765 |         ("compress", dispatch_compress as *const () as usize),
    |                                        ++++++++++++

warning: direct cast of function item into an integer
   --> projects/mamba/src/runtime/stdlib/zlib_mod.rs:766:46
    |
766 |         ("compressobj", dispatch_compressobj as usize),
    |                                              ^^^^^^^^
    |
help: first cast to a pointer `as *const ()`
    |
766 |         ("compressobj", dispatch_compressobj as *const () as usize),
    |                                              ++++++++++++

warning: direct cast of function item into an integer
   --> projects/mamba/src/runtime/stdlib/zlib_mod.rs:767:44
    |
767 |         ("decompress", dispatch_decompress as usize),
    |                                            ^^^^^^^^
    |
help: first cast to a pointer `as *const ()`
    |
767 |         ("decompress", dispatch_decompress as *const () as usize),
    |                                            ++++++++++++

warning: direct cast of function item into an integer
   --> projects/mamba/src/runtime/stdlib/zlib_mod.rs:768:50
    |
768 |         ("decompressobj", dispatch_decompressobj as usize),
    |                                                  ^^^^^^^^
    |
help: first cast to a pointer `as *const ()`
    |
768 |         ("decompressobj", dispatch_decompressobj as *const () as usize),
    |                                                  ++++++++++++

warning: direct cast of function item into an integer
   --> projects/mamba/src/runtime/stdlib/zlib_mod.rs:769:34
    |
769 |         ("crc32", dispatch_crc32 as usize),
    |                                  ^^^^^^^^
    |
help: first cast to a pointer `as *const ()`
    |
769 |         ("crc32", dispatch_crc32 as *const () as usize),
    |                                  ++++++++++++

warning: direct cast of function item into an integer
   --> projects/mamba/src/runtime/stdlib/zlib_mod.rs:770:38
    |
770 |         ("adler32", dispatch_adler32 as usize),
    |                                      ^^^^^^^^
    |
help: first cast to a pointer `as *const ()`
    |
770 |         ("adler32", dispatch_adler32 as *const () as usize),
    |                                      ++++++++++++

warning: direct cast of function item into an integer
   --> projects/mamba/src/runtime/stdlib/zlib_mod.rs:779:66
    |
779 |     let compressobj_compress_addr = mb_zlib_compressobj_compress as usize;
    |                                                                  ^^^^^^^^
    |
help: first cast to a pointer `as *const ()`
    |
779 |     let compressobj_compress_addr = mb_zlib_compressobj_compress as *const () as usize;
    |                                                                  ++++++++++++

warning: direct cast of function item into an integer
   --> projects/mamba/src/runtime/stdlib/zlib_mod.rs:784:60
    |
784 |     let compressobj_flush_addr = mb_zlib_compressobj_flush as usize;
    |                                                            ^^^^^^^^
    |
help: first cast to a pointer `as *const ()`
    |
784 |     let compressobj_flush_addr = mb_zlib_compressobj_flush as *const () as usize;
    |                                                            ++++++++++++

warning: direct cast of function item into an integer
   --> projects/mamba/src/runtime/stdlib/zlib_mod.rs:789:58
    |
789 |     let compressobj_copy_addr = mb_zlib_compressobj_copy as usize;
    |                                                          ^^^^^^^^
    |
help: first cast to a pointer `as *const ()`
    |
789 |     let compressobj_copy_addr = mb_zlib_compressobj_copy as *const () as usize;
    |                                                          ++++++++++++

warning: direct cast of function item into an integer
   --> projects/mamba/src/runtime/stdlib/zlib_mod.rs:794:72
    |
794 |     let compressobj_dunder_copy_addr = mb_zlib_compressobj_dunder_copy as usize;
    |                                                                        ^^^^^^^^
    |
help: first cast to a pointer `as *const ()`
    |
794 |     let compressobj_dunder_copy_addr = mb_zlib_compressobj_dunder_copy as *const () as usize;
    |                                                                        ++++++++++++

warning: direct cast of function item into an integer
   --> projects/mamba/src/runtime/stdlib/zlib_mod.rs:799:66
    |
799 |     let compressobj_deepcopy_addr = mb_zlib_compressobj_deepcopy as usize;
    |                                                                  ^^^^^^^^
    |
help: first cast to a pointer `as *const ()`
    |
799 |     let compressobj_deepcopy_addr = mb_zlib_compressobj_deepcopy as *const () as usize;
    |                                                                  ++++++++++++

warning: direct cast of function item into an integer
   --> projects/mamba/src/runtime/stdlib/zlib_mod.rs:804:60
    |
804 |     let uncopyable_reduce_addr = mb_zlib_uncopyable_reduce as usize;
    |                                                            ^^^^^^^^
    |
help: first cast to a pointer `as *const ()`
    |
804 |     let uncopyable_reduce_addr = mb_zlib_uncopyable_reduce as *const () as usize;
    |                                                            ++++++++++++

warning: direct cast of function item into an integer
   --> projects/mamba/src/runtime/stdlib/zlib_mod.rs:815:74
    |
815 |     let decompressobj_decompress_addr = mb_zlib_decompressobj_decompress as usize;
    |                                                                          ^^^^^^^^
    |
help: first cast to a pointer `as *const ()`
    |
815 |     let decompressobj_decompress_addr = mb_zlib_decompressobj_decompress as *const () as usize;
    |                                                                          ++++++++++++

warning: direct cast of function item into an integer
   --> projects/mamba/src/runtime/stdlib/zlib_mod.rs:820:64
    |
820 |     let decompressobj_flush_addr = mb_zlib_decompressobj_flush as usize;
    |                                                                ^^^^^^^^
    |
help: first cast to a pointer `as *const ()`
    |
820 |     let decompressobj_flush_addr = mb_zlib_decompressobj_flush as *const () as usize;
    |                                                                ++++++++++++

warning: direct cast of function item into an integer
   --> projects/mamba/src/runtime/stdlib/zlib_mod.rs:825:62
    |
825 |     let decompressobj_copy_addr = mb_zlib_decompressobj_copy as usize;
    |                                                              ^^^^^^^^
    |
help: first cast to a pointer `as *const ()`
    |
825 |     let decompressobj_copy_addr = mb_zlib_decompressobj_copy as *const () as usize;
    |                                                              ++++++++++++

warning: direct cast of function item into an integer
   --> projects/mamba/src/runtime/stdlib/zlib_mod.rs:830:76
    |
830 |     let decompressobj_dunder_copy_addr = mb_zlib_decompressobj_dunder_copy as usize;
    |                                                                            ^^^^^^^^
    |
help: first cast to a pointer `as *const ()`
    |
830 |     let decompressobj_dunder_copy_addr = mb_zlib_decompressobj_dunder_copy as *const () as usize;
    |                                                                            ++++++++++++

warning: direct cast of function item into an integer
   --> projects/mamba/src/runtime/stdlib/zlib_mod.rs:835:70
    |
835 |     let decompressobj_deepcopy_addr = mb_zlib_decompressobj_deepcopy as usize;
    |                                                                      ^^^^^^^^
    |
help: first cast to a pointer `as *const ()`
    |
835 |     let decompressobj_deepcopy_addr = mb_zlib_decompressobj_deepcopy as *const () as usize;
    |                                                                      ++++++++++++

warning: direct cast of function item into an integer
   --> projects/mamba/src/runtime/stdlib/zlib_mod.rs:842:54
    |
842 |         MbValue::from_func(mb_zlib_uncopyable_reduce as usize),
    |                                                      ^^^^^^^^
    |
help: first cast to a pointer `as *const ()`
    |
842 |         MbValue::from_func(mb_zlib_uncopyable_reduce as *const () as usize),
    |                                                      ++++++++++++

warning: direct cast of function item into an integer
   --> projects/mamba/src/runtime/stdlib/zlib_mod.rs:853:61
    |
853 |     let zlib_decompressor_ctor = dispatch_zlib_decompressor as usize;
    |                                                             ^^^^^^^^
    |
help: first cast to a pointer `as *const ()`
    |
853 |     let zlib_decompressor_ctor = dispatch_zlib_decompressor as *const () as usize;
    |                                                             ++++++++++++

warning: direct cast of function item into an integer
   --> projects/mamba/src/runtime/stdlib/zlib_mod.rs:862:62
    |
862 |     let zd_decompress_addr = mb_zlib_decompressor_decompress as usize;
    |                                                              ^^^^^^^^
    |
help: first cast to a pointer `as *const ()`
    |
862 |     let zd_decompress_addr = mb_zlib_decompressor_decompress as *const () as usize;
    |                                                              ++++++++++++

warning: direct cast of function item into an integer
   --> projects/mamba/src/runtime/stdlib/zlib_mod.rs:869:54
    |
869 |         MbValue::from_func(mb_zlib_uncopyable_reduce as usize),
    |                                                      ^^^^^^^^
    |
help: first cast to a pointer `as *const ()`
    |
869 |         MbValue::from_func(mb_zlib_uncopyable_reduce as *const () as usize),
    |                                                      ++++++++++++

warning: direct cast of function item into an integer
   --> projects/mamba/src/runtime/stdlib/zlib_mod.rs:872:76
    |
872 |     super::super::module::register_variadic_func(mb_zlib_uncopyable_reduce as usize as u64);
    |                                                                            ^^^^^^^^
    |
help: first cast to a pointer `as *const ()`
    |
872 |     super::super::module::register_variadic_func(mb_zlib_uncopyable_reduce as *const () as usize as u64);
    |                                                                            ++++++++++++

warning: direct cast of function item into an integer
   --> projects/mamba/src/runtime/stdlib/ast_mod.rs:355:38
    |
355 |             "Num" => Some(d_Num_ctor as usize),
    |                                      ^^^^^^^^
    |
help: first cast to a pointer `as *const ()`
    |
355 |             "Num" => Some(d_Num_ctor as *const () as usize),
    |                                      ++++++++++++

warning: direct cast of function item into an integer
   --> projects/mamba/src/runtime/stdlib/ast_mod.rs:356:38
    |
356 |             "Str" => Some(d_Str_ctor as usize),
    |                                      ^^^^^^^^
    |
help: first cast to a pointer `as *const ()`
    |
356 |             "Str" => Some(d_Str_ctor as *const () as usize),
    |                                      ++++++++++++

warning: direct cast of function item into an integer
   --> projects/mamba/src/runtime/stdlib/ast_mod.rs:357:42
    |
357 |             "Bytes" => Some(d_Bytes_ctor as usize),
    |                                          ^^^^^^^^
    |
help: first cast to a pointer `as *const ()`
    |
357 |             "Bytes" => Some(d_Bytes_ctor as *const () as usize),
    |                                          ++++++++++++

warning: direct cast of function item into an integer
   --> projects/mamba/src/runtime/stdlib/ast_mod.rs:358:56
    |
358 |             "NameConstant" => Some(d_NameConstant_ctor as usize),
    |                                                        ^^^^^^^^
    |
help: first cast to a pointer `as *const ()`
    |
358 |             "NameConstant" => Some(d_NameConstant_ctor as *const () as usize),
    |                                                        ++++++++++++

warning: direct cast of function item into an integer
   --> projects/mamba/src/runtime/stdlib/ast_mod.rs:359:48
    |
359 |             "Ellipsis" => Some(d_Ellipsis_ctor as usize),
    |                                                ^^^^^^^^
    |
help: first cast to a pointer `as *const ()`
    |
359 |             "Ellipsis" => Some(d_Ellipsis_ctor as *const () as usize),
    |                                                ++++++++++++

warning: direct cast of function item into an integer
   --> projects/mamba/src/runtime/stdlib/ast_mod.rs:777:42
    |
777 |     func.as_func() == Some(ast_node_init as usize)
    |                                          ^^^^^^^^
    |
help: first cast to a pointer `as *const ()`
    |
777 |     func.as_func() == Some(ast_node_init as *const () as usize)
    |                                          ++++++++++++

warning: direct cast of function item into an integer
   --> projects/mamba/src/runtime/stdlib/ast_mod.rs:834:53
    |
834 |                 MbValue::from_func(ast_node_getattr as usize),
    |                                                     ^^^^^^^^
    |
help: first cast to a pointer `as *const ()`
    |
834 |                 MbValue::from_func(ast_node_getattr as *const () as usize),
    |                                                     ++++++++++++

warning: direct cast of function item into an integer
   --> projects/mamba/src/runtime/stdlib/ast_mod.rs:835:50
    |
835 |                 MbValue::from_func(ast_node_init as usize),
    |                                                  ^^^^^^^^
    |
help: first cast to a pointer `as *const ()`
    |
835 |                 MbValue::from_func(ast_node_init as *const () as usize),
    |                                                  ++++++++++++

warning: direct cast of function item into an integer
   --> projects/mamba/src/runtime/stdlib/ast_mod.rs:847:49
    |
847 |             s.borrow_mut().insert(ast_node_init as usize as u64);
    |                                                 ^^^^^^^^
    |
help: first cast to a pointer `as *const ()`
    |
847 |             s.borrow_mut().insert(ast_node_init as *const () as usize as u64);
    |                                                 ++++++++++++

warning: direct cast of function item into an integer
   --> projects/mamba/src/runtime/stdlib/ast_mod.rs:849:68
    |
849 |         super::super::module::register_variadic_func(ast_node_init as usize as u64);
    |                                                                    ^^^^^^^^
    |
help: first cast to a pointer `as *const ()`
    |
849 |         super::super::module::register_variadic_func(ast_node_init as *const () as usize as u64);
    |                                                                    ++++++++++++

warning: direct cast of function item into an integer
   --> projects/mamba/src/runtime/stdlib/ast_mod.rs:869:63
    |
869 |         let subclasses = MbValue::from_func(d_expr_subclasses as usize);
    |                                                               ^^^^^^^^
    |
help: first cast to a pointer `as *const ()`
    |
869 |         let subclasses = MbValue::from_func(d_expr_subclasses as *const () as usize);
    |                                                               ++++++++++++

warning: direct cast of function item into an integer
   --> projects/mamba/src/runtime/stdlib/ast_mod.rs:876:53
    |
876 |             s.borrow_mut().insert(d_expr_subclasses as usize as u64);
    |                                                     ^^^^^^^^
    |
help: first cast to a pointer `as *const ()`
    |
876 |             s.borrow_mut().insert(d_expr_subclasses as *const () as usize as u64);
    |                                                     ++++++++++++

warning: direct cast of function item into an integer
   --> projects/mamba/src/runtime/stdlib/ast_mod.rs:878:72
    |
878 |         super::super::module::register_variadic_func(d_expr_subclasses as usize as u64);
    |                                                                        ^^^^^^^^
    |
help: first cast to a pointer `as *const ()`
    |
878 |         super::super::module::register_variadic_func(d_expr_subclasses as *const () as usize as u64);
    |                                                                        ++++++++++++

warning: direct cast of function item into an integer
  --> projects/mamba/src/runtime/stdlib/atexit_mod.rs:61:40
   |
61 |         ("register", dispatch_register as usize),
   |                                        ^^^^^^^^
   |
help: first cast to a pointer `as *const ()`
   |
61 |         ("register", dispatch_register as *const () as usize),
   |                                        ++++++++++++

warning: direct cast of function item into an integer
  --> projects/mamba/src/runtime/stdlib/atexit_mod.rs:62:44
   |
62 |         ("unregister", dispatch_unregister as usize),
   |                                            ^^^^^^^^
   |
help: first cast to a pointer `as *const ()`
   |
62 |         ("unregister", dispatch_unregister as *const () as usize),
   |                                            ++++++++++++

warning: direct cast of function item into an integer
  --> projects/mamba/src/runtime/stdlib/atexit_mod.rs:63:51
   |
63 |         ("_run_exitfuncs", dispatch_run_exitfuncs as usize),
   |                                                   ^^^^^^^^
   |
help: first cast to a pointer `as *const ()`
   |
63 |         ("_run_exitfuncs", dispatch_run_exitfuncs as *const () as usize),
   |                                                   ++++++++++++

warning: direct cast of function item into an integer
  --> projects/mamba/src/runtime/stdlib/atexit_mod.rs:64:35
   |
64 |         ("_clear", dispatch_clear as usize),
   |                                   ^^^^^^^^
   |
help: first cast to a pointer `as *const ()`
   |
64 |         ("_clear", dispatch_clear as *const () as usize),
   |                                   ++++++++++++

warning: direct cast of function item into an integer
  --> projects/mamba/src/runtime/stdlib/atexit_mod.rs:65:45
   |
65 |         ("_ncallbacks", dispatch_ncallbacks as usize),
   |                                             ^^^^^^^^
   |
help: first cast to a pointer `as *const ()`
   |
65 |         ("_ncallbacks", dispatch_ncallbacks as *const () as usize),
   |                                             ++++++++++++

warning: direct cast of function item into an integer
   --> projects/mamba/src/runtime/stdlib/bdb_mod.rs:460:27
    |
460 |     let stub = m_bdb_stub as usize;
    |                           ^^^^^^^^
    |
help: first cast to a pointer `as *const ()`
    |
460 |     let stub = m_bdb_stub as *const () as usize;
    |                           ++++++++++++

warning: direct cast of function item into an integer
   --> projects/mamba/src/runtime/stdlib/bdb_mod.rs:462:35
    |
462 |         ("set_break", m_set_break as usize),
    |                                   ^^^^^^^^
    |
help: first cast to a pointer `as *const ()`
    |
462 |         ("set_break", m_set_break as *const () as usize),
    |                                   ++++++++++++

warning: direct cast of function item into an integer
   --> projects/mamba/src/runtime/stdlib/bdb_mod.rs:463:39
    |
463 |         ("clear_break", m_clear_break as usize),
    |                                       ^^^^^^^^
    |
help: first cast to a pointer `as *const ()`
    |
463 |         ("clear_break", m_clear_break as *const () as usize),
    |                                       ++++++++++++

warning: direct cast of function item into an integer
   --> projects/mamba/src/runtime/stdlib/bdb_mod.rs:464:35
    |
464 |         ("get_break", m_get_break as usize),
    |                                   ^^^^^^^^
    |
help: first cast to a pointer `as *const ()`
    |
464 |         ("get_break", m_get_break as *const () as usize),
    |                                   ++++++++++++

warning: direct cast of function item into an integer
   --> projects/mamba/src/runtime/stdlib/bdb_mod.rs:465:49
    |
465 |         ("clear_all_breaks", m_clear_all_breaks as usize),
    |                                                 ^^^^^^^^
    |
help: first cast to a pointer `as *const ()`
    |
465 |         ("clear_all_breaks", m_clear_all_breaks as *const () as usize),
    |                                                 ++++++++++++

warning: direct cast of function item into an integer
   --> projects/mamba/src/runtime/stdlib/bdb_mod.rs:466:45
    |
466 |         ("get_bpbynumber", m_get_bpbynumber as usize),
    |                                             ^^^^^^^^
    |
help: first cast to a pointer `as *const ()`
    |
466 |         ("get_bpbynumber", m_get_bpbynumber as *const () as usize),
    |                                             ++++++++++++

warning: direct cast of function item into an integer
   --> projects/mamba/src/runtime/stdlib/bdb_mod.rs:467:33
    |
467 |         ("set_quit", m_set_quit as usize),
    |                                 ^^^^^^^^
    |
help: first cast to a pointer `as *const ()`
    |
467 |         ("set_quit", m_set_quit as *const () as usize),
    |                                 ++++++++++++

warning: direct cast of function item into an integer
   --> projects/mamba/src/runtime/stdlib/bdb_mod.rs:468:31
    |
468 |         ("runcall", m_runcall as usize),
    |                               ^^^^^^^^
    |
help: first cast to a pointer `as *const ()`
    |
468 |         ("runcall", m_runcall as *const () as usize),
    |                               ++++++++++++

warning: direct cast of function item into an integer
   --> projects/mamba/src/runtime/stdlib/bdb_mod.rs:469:31
    |
469 |         ("runeval", m_runeval as usize),
    |                               ^^^^^^^^
    |
help: first cast to a pointer `as *const ()`
    |
469 |         ("runeval", m_runeval as *const () as usize),
    |                               ++++++++++++

warning: direct cast of function item into an integer
   --> projects/mamba/src/runtime/stdlib/binascii_mod.rs:928:38
    |
928 |         ("hexlify", dispatch_hexlify as usize),
    |                                      ^^^^^^^^
    |
help: first cast to a pointer `as *const ()`
    |
928 |         ("hexlify", dispatch_hexlify as *const () as usize),
    |                                      ++++++++++++

warning: direct cast of function item into an integer
   --> projects/mamba/src/runtime/stdlib/binascii_mod.rs:929:38
    |
929 |         ("b2a_hex", dispatch_hexlify as usize),
    |                                      ^^^^^^^^
    |
help: first cast to a pointer `as *const ()`
    |
929 |         ("b2a_hex", dispatch_hexlify as *const () as usize),
    |                                      ++++++++++++

warning: direct cast of function item into an integer
   --> projects/mamba/src/runtime/stdlib/binascii_mod.rs:930:42
    |
930 |         ("unhexlify", dispatch_unhexlify as usize),
    |                                          ^^^^^^^^
    |
help: first cast to a pointer `as *const ()`
    |
930 |         ("unhexlify", dispatch_unhexlify as *const () as usize),
    |                                          ++++++++++++

warning: direct cast of function item into an integer
   --> projects/mamba/src/runtime/stdlib/binascii_mod.rs:931:40
    |
931 |         ("a2b_hex", dispatch_unhexlify as usize),
    |                                        ^^^^^^^^
    |
help: first cast to a pointer `as *const ()`
    |
931 |         ("a2b_hex", dispatch_unhexlify as *const () as usize),
    |                                        ++++++++++++

warning: direct cast of function item into an integer
   --> projects/mamba/src/runtime/stdlib/binascii_mod.rs:932:44
    |
932 |         ("b2a_base64", dispatch_b2a_base64 as usize),
    |                                            ^^^^^^^^
    |
help: first cast to a pointer `as *const ()`
    |
932 |         ("b2a_base64", dispatch_b2a_base64 as *const () as usize),
    |                                            ++++++++++++

warning: direct cast of function item into an integer
   --> projects/mamba/src/runtime/stdlib/binascii_mod.rs:933:44
    |
933 |         ("a2b_base64", dispatch_a2b_base64 as usize),
    |                                            ^^^^^^^^
    |
help: first cast to a pointer `as *const ()`
    |
933 |         ("a2b_base64", dispatch_a2b_base64 as *const () as usize),
    |                                            ++++++++++++

warning: direct cast of function item into an integer
   --> projects/mamba/src/runtime/stdlib/binascii_mod.rs:934:34
    |
934 |         ("crc32", dispatch_crc32 as usize),
    |                                  ^^^^^^^^
    |
help: first cast to a pointer `as *const ()`
    |
934 |         ("crc32", dispatch_crc32 as *const () as usize),
    |                                  ++++++++++++

warning: direct cast of function item into an integer
   --> projects/mamba/src/runtime/stdlib/binascii_mod.rs:935:38
    |
935 |         ("crc_hqx", dispatch_crc_hqx as usize),
    |                                      ^^^^^^^^
    |
help: first cast to a pointer `as *const ()`
    |
935 |         ("crc_hqx", dispatch_crc_hqx as *const () as usize),
    |                                      ++++++++++++

warning: direct cast of function item into an integer
   --> projects/mamba/src/runtime/stdlib/binascii_mod.rs:936:36
    |
936 |         ("b2a_uu", dispatch_b2a_uu as usize),
    |                                    ^^^^^^^^
    |
help: first cast to a pointer `as *const ()`
    |
936 |         ("b2a_uu", dispatch_b2a_uu as *const () as usize),
    |                                    ++++++++++++

warning: direct cast of function item into an integer
   --> projects/mamba/src/runtime/stdlib/binascii_mod.rs:937:36
    |
937 |         ("a2b_uu", dispatch_a2b_uu as usize),
    |                                    ^^^^^^^^
    |
help: first cast to a pointer `as *const ()`
    |
937 |         ("a2b_uu", dispatch_a2b_uu as *const () as usize),
    |                                    ++++++++++++

warning: direct cast of function item into an integer
   --> projects/mamba/src/runtime/stdlib/binascii_mod.rs:938:36
    |
938 |         ("b2a_qp", dispatch_b2a_qp as usize),
    |                                    ^^^^^^^^
    |
help: first cast to a pointer `as *const ()`
    |
938 |         ("b2a_qp", dispatch_b2a_qp as *const () as usize),
    |                                    ++++++++++++

warning: direct cast of function item into an integer
   --> projects/mamba/src/runtime/stdlib/binascii_mod.rs:939:36
    |
939 |         ("a2b_qp", dispatch_a2b_qp as usize),
    |                                    ^^^^^^^^
    |
help: first cast to a pointer `as *const ()`
    |
939 |         ("a2b_qp", dispatch_a2b_qp as *const () as usize),
    |                                    ++++++++++++

warning: direct cast of function item into an integer
   --> projects/mamba/src/runtime/stdlib/contextvars_mod.rs:540:48
    |
540 |         ("copy_context", dispatch_copy_context as usize),
    |                                                ^^^^^^^^
    |
help: first cast to a pointer `as *const ()`
    |
540 |         ("copy_context", dispatch_copy_context as *const () as usize),
    |                                                ++++++++++++

warning: direct cast of function item into an integer
   --> projects/mamba/src/runtime/stdlib/contextvars_mod.rs:541:48
    |
541 |         ("ContextVar", dispatch_contextvar_new as usize),
    |                                                ^^^^^^^^
    |
help: first cast to a pointer `as *const ()`
    |
541 |         ("ContextVar", dispatch_contextvar_new as *const () as usize),
    |                                                ++++++++++++

warning: direct cast of function item into an integer
   --> projects/mamba/src/runtime/stdlib/contextvars_mod.rs:550:33
    |
550 |         dispatch_contextvar_new as usize as u64,
    |                                 ^^^^^^^^
    |
help: first cast to a pointer `as *const ()`
    |
550 |         dispatch_contextvar_new as *const () as usize as u64,
    |                                 ++++++++++++

warning: direct cast of function item into an integer
   --> projects/mamba/src/runtime/stdlib/contextvars_mod.rs:558:31
    |
558 |         ("get", cv_method_get as usize),
    |                               ^^^^^^^^
    |
help: first cast to a pointer `as *const ()`
    |
558 |         ("get", cv_method_get as *const () as usize),
    |                               ++++++++++++

warning: direct cast of function item into an integer
   --> projects/mamba/src/runtime/stdlib/contextvars_mod.rs:559:31
    |
559 |         ("set", cv_method_set as usize),
    |                               ^^^^^^^^
    |
help: first cast to a pointer `as *const ()`
    |
559 |         ("set", cv_method_set as *const () as usize),
    |                               ++++++++++++

warning: direct cast of function item into an integer
   --> projects/mamba/src/runtime/stdlib/contextvars_mod.rs:560:35
    |
560 |         ("reset", cv_method_reset as usize),
    |                                   ^^^^^^^^
    |
help: first cast to a pointer `as *const ()`
    |
560 |         ("reset", cv_method_reset as *const () as usize),
    |                                   ++++++++++++

warning: direct cast of function item into an integer
   --> projects/mamba/src/runtime/stdlib/contextvars_mod.rs:574:45
    |
574 |     let ctx_run_addr = dispatch_context_run as usize;
    |                                             ^^^^^^^^
    |
help: first cast to a pointer `as *const ()`
    |
574 |     let ctx_run_addr = dispatch_context_run as *const () as usize;
    |                                             ++++++++++++

warning: direct cast of function item into an integer
   --> projects/mamba/src/runtime/stdlib/contextvars_mod.rs:575:47
    |
575 |     let ctx_copy_addr = dispatch_context_copy as usize;
    |                                               ^^^^^^^^
    |
help: first cast to a pointer `as *const ()`
    |
575 |     let ctx_copy_addr = dispatch_context_copy as *const () as usize;
    |                                               ++++++++++++

warning: direct cast of function item into an integer
   --> projects/mamba/src/runtime/stdlib/errno_mod.rs:110:34
    |
110 |     let addr = dispatch_strerror as usize;
    |                                  ^^^^^^^^
    |
help: first cast to a pointer `as *const ()`
    |
110 |     let addr = dispatch_strerror as *const () as usize;
    |                                  ++++++++++++

warning: direct cast of function item into an integer
   --> projects/mamba/src/runtime/stdlib/fnmatch_mod.rs:662:38
    |
662 |         ("fnmatch", dispatch_fnmatch as usize),
    |                                      ^^^^^^^^
    |
help: first cast to a pointer `as *const ()`
    |
662 |         ("fnmatch", dispatch_fnmatch as *const () as usize),
    |                                      ++++++++++++

warning: direct cast of function item into an integer
   --> projects/mamba/src/runtime/stdlib/fnmatch_mod.rs:663:46
    |
663 |         ("fnmatchcase", dispatch_fnmatchcase as usize),
    |                                              ^^^^^^^^
    |
help: first cast to a pointer `as *const ()`
    |
663 |         ("fnmatchcase", dispatch_fnmatchcase as *const () as usize),
    |                                              ++++++++++++

warning: direct cast of function item into an integer
   --> projects/mamba/src/runtime/stdlib/fnmatch_mod.rs:664:36
    |
664 |         ("filter", dispatch_filter as usize),
    |                                    ^^^^^^^^
    |
help: first cast to a pointer `as *const ()`
    |
664 |         ("filter", dispatch_filter as *const () as usize),
    |                                    ++++++++++++

warning: direct cast of function item into an integer
   --> projects/mamba/src/runtime/stdlib/fnmatch_mod.rs:665:42
    |
665 |         ("translate", dispatch_translate as usize),
    |                                          ^^^^^^^^
    |
help: first cast to a pointer `as *const ()`
    |
665 |         ("translate", dispatch_translate as *const () as usize),
    |                                          ++++++++++++

warning: direct cast of function item into an integer
   --> projects/mamba/src/runtime/stdlib/future_mod.rs:162:52
    |
162 |         MbValue::from_func(mb_feature_get_optional as usize),
    |                                                    ^^^^^^^^
    |
help: first cast to a pointer `as *const ()`
    |
162 |         MbValue::from_func(mb_feature_get_optional as *const () as usize),
    |                                                    ++++++++++++

warning: direct cast of function item into an integer
   --> projects/mamba/src/runtime/stdlib/future_mod.rs:166:53
    |
166 |         MbValue::from_func(mb_feature_get_mandatory as usize),
    |                                                     ^^^^^^^^
    |
help: first cast to a pointer `as *const ()`
    |
166 |         MbValue::from_func(mb_feature_get_mandatory as *const () as usize),
    |                                                     ++++++++++++

warning: direct cast of function item into an integer
   --> projects/mamba/src/runtime/stdlib/graphlib_mod.rs:729:28
    |
729 |         ("add", method_add as usize),
    |                            ^^^^^^^^
    |
help: first cast to a pointer `as *const ()`
    |
729 |         ("add", method_add as *const () as usize),
    |                            ++++++++++++

warning: direct cast of function item into an integer
   --> projects/mamba/src/runtime/stdlib/graphlib_mod.rs:730:36
    |
730 |         ("prepare", method_prepare as usize),
    |                                    ^^^^^^^^
    |
help: first cast to a pointer `as *const ()`
    |
730 |         ("prepare", method_prepare as *const () as usize),
    |                                    ++++++++++++

warning: direct cast of function item into an integer
   --> projects/mamba/src/runtime/stdlib/graphlib_mod.rs:731:40
    |
731 |         ("get_ready", method_get_ready as usize),
    |                                        ^^^^^^^^
    |
help: first cast to a pointer `as *const ()`
    |
731 |         ("get_ready", method_get_ready as *const () as usize),
    |                                        ++++++++++++

warning: direct cast of function item into an integer
   --> projects/mamba/src/runtime/stdlib/graphlib_mod.rs:732:30
    |
732 |         ("done", method_done as usize),
    |                              ^^^^^^^^
    |
help: first cast to a pointer `as *const ()`
    |
732 |         ("done", method_done as *const () as usize),
    |                              ++++++++++++

warning: direct cast of function item into an integer
   --> projects/mamba/src/runtime/stdlib/graphlib_mod.rs:733:40
    |
733 |         ("is_active", method_is_active as usize),
    |                                        ^^^^^^^^
    |
help: first cast to a pointer `as *const ()`
    |
733 |         ("is_active", method_is_active as *const () as usize),
    |                                        ++++++++++++

warning: direct cast of function item into an integer
   --> projects/mamba/src/runtime/stdlib/graphlib_mod.rs:734:46
    |
734 |         ("static_order", method_static_order as usize),
    |                                              ^^^^^^^^
    |
help: first cast to a pointer `as *const ()`
    |
734 |         ("static_order", method_static_order as *const () as usize),
    |                                              ++++++++++++

warning: direct cast of function item into an integer
   --> projects/mamba/src/runtime/stdlib/graphlib_mod.rs:770:43
    |
770 |     let addr = dispatch_TopologicalSorter as usize;
    |                                           ^^^^^^^^
    |
help: first cast to a pointer `as *const ()`
    |
770 |     let addr = dispatch_TopologicalSorter as *const () as usize;
    |                                           ++++++++++++

warning: direct cast of function item into an integer
   --> projects/mamba/src/runtime/stdlib/http_cookiejar_mod.rs:890:46
    |
890 |         &[("is_expired", m_cookie_is_expired as usize, true)],
    |                                              ^^^^^^^^
    |
help: first cast to a pointer `as *const ()`
    |
890 |         &[("is_expired", m_cookie_is_expired as *const () as usize, true)],
    |                                              ++++++++++++

warning: direct cast of function item into an integer
   --> projects/mamba/src/runtime/stdlib/http_cookiejar_mod.rs:896:45
    |
896 |             ("set_cookie", m_jar_set_cookie as usize, true),
    |                                             ^^^^^^^^
    |
help: first cast to a pointer `as *const ()`
    |
896 |             ("set_cookie", m_jar_set_cookie as *const () as usize, true),
    |                                             ++++++++++++

warning: direct cast of function item into an integer
   --> projects/mamba/src/runtime/stdlib/http_cookiejar_mod.rs:897:55
    |
897 |             ("extract_cookies", m_jar_extract_cookies as usize, true),
    |                                                       ^^^^^^^^
    |
help: first cast to a pointer `as *const ()`
    |
897 |             ("extract_cookies", m_jar_extract_cookies as *const () as usize, true),
    |                                                       ++++++++++++

warning: direct cast of function item into an integer
   --> projects/mamba/src/runtime/stdlib/http_cookiejar_mod.rs:898:59
    |
898 |             ("add_cookie_header", m_jar_add_cookie_header as usize, true),
    |                                                           ^^^^^^^^
    |
help: first cast to a pointer `as *const ()`
    |
898 |             ("add_cookie_header", m_jar_add_cookie_header as *const () as usize, true),
    |                                                           ++++++++++++

warning: direct cast of function item into an integer
   --> projects/mamba/src/runtime/stdlib/http_cookiejar_mod.rs:899:35
    |
899 |             ("clear", m_jar_clear as usize, true),
    |                                   ^^^^^^^^
    |
help: first cast to a pointer `as *const ()`
    |
899 |             ("clear", m_jar_clear as *const () as usize, true),
    |                                   ++++++++++++

warning: direct cast of function item into an integer
   --> projects/mamba/src/runtime/stdlib/http_cookiejar_mod.rs:902:45
    |
902 |                 m_jar_clear_session_cookies as usize,
    |                                             ^^^^^^^^
    |
help: first cast to a pointer `as *const ()`
    |
902 |                 m_jar_clear_session_cookies as *const () as usize,
    |                                             ++++++++++++

warning: direct cast of function item into an integer
   --> projects/mamba/src/runtime/stdlib/http_cookiejar_mod.rs:905:35
    |
905 |             ("__len__", m_jar_len as usize, true),
    |                                   ^^^^^^^^
    |
help: first cast to a pointer `as *const ()`
    |
905 |             ("__len__", m_jar_len as *const () as usize, true),
    |                                   ++++++++++++

warning: direct cast of function item into an integer
   --> projects/mamba/src/runtime/stdlib/http_cookiejar_mod.rs:906:37
    |
906 |             ("__iter__", m_jar_iter as usize, true),
    |                                     ^^^^^^^^
    |
help: first cast to a pointer `as *const ()`
    |
906 |             ("__iter__", m_jar_iter as *const () as usize, true),
    |                                     ++++++++++++

warning: direct cast of function item into an integer
   --> projects/mamba/src/runtime/stdlib/http_cookiejar_mod.rs:915:33
    |
915 |             ("save", m_jar_save as usize, true),
    |                                 ^^^^^^^^
    |
help: first cast to a pointer `as *const ()`
    |
915 |             ("save", m_jar_save as *const () as usize, true),
    |                                 ++++++++++++

warning: direct cast of function item into an integer
   --> projects/mamba/src/runtime/stdlib/http_cookiejar_mod.rs:916:33
    |
916 |             ("load", m_jar_load as usize, true),
    |                                 ^^^^^^^^
    |
help: first cast to a pointer `as *const ()`
    |
916 |             ("load", m_jar_load as *const () as usize, true),
    |                                 ++++++++++++

warning: direct cast of function item into an integer
    --> projects/mamba/src/runtime/stdlib/http_cookies_mod.rs:1151:37
     |
1151 |     let stub = d_cookie_method_stub as usize;
     |                                     ^^^^^^^^
     |
help: first cast to a pointer `as *const ()`
     |
1151 |     let stub = d_cookie_method_stub as *const () as usize;
     |                                     ++++++++++++

warning: direct cast of function item into an integer
    --> projects/mamba/src/runtime/stdlib/http_cookies_mod.rs:1153:40
     |
1153 |         ("__getitem__", cookie_getitem as usize),
     |                                        ^^^^^^^^
     |
help: first cast to a pointer `as *const ()`
     |
1153 |         ("__getitem__", cookie_getitem as *const () as usize),
     |                                        ++++++++++++

warning: direct cast of function item into an integer
    --> projects/mamba/src/runtime/stdlib/http_cookies_mod.rs:1154:40
     |
1154 |         ("__setitem__", cookie_setitem as usize),
     |                                        ^^^^^^^^
     |
help: first cast to a pointer `as *const ()`
     |
1154 |         ("__setitem__", cookie_setitem as *const () as usize),
     |                                        ++++++++++++

warning: direct cast of function item into an integer
    --> projects/mamba/src/runtime/stdlib/http_cookies_mod.rs:1155:42
     |
1155 |         ("__contains__", cookie_contains as usize),
     |                                          ^^^^^^^^
     |
help: first cast to a pointer `as *const ()`
     |
1155 |         ("__contains__", cookie_contains as *const () as usize),
     |                                          ++++++++++++

warning: direct cast of function item into an integer
    --> projects/mamba/src/runtime/stdlib/http_cookies_mod.rs:1156:32
     |
1156 |         ("__len__", cookie_len as usize),
     |                                ^^^^^^^^
     |
help: first cast to a pointer `as *const ()`
     |
1156 |         ("__len__", cookie_len as *const () as usize),
     |                                ++++++++++++

warning: direct cast of function item into an integer
    --> projects/mamba/src/runtime/stdlib/http_cookies_mod.rs:1157:34
     |
1157 |         ("__repr__", cookie_repr as usize),
     |                                  ^^^^^^^^
     |
help: first cast to a pointer `as *const ()`
     |
1157 |         ("__repr__", cookie_repr as *const () as usize),
     |                                  ++++++++++++

warning: direct cast of function item into an integer
    --> projects/mamba/src/runtime/stdlib/http_cookies_mod.rs:1158:30
     |
1158 |         ("keys", cookie_keys as usize),
     |                              ^^^^^^^^
     |
help: first cast to a pointer `as *const ()`
     |
1158 |         ("keys", cookie_keys as *const () as usize),
     |                              ++++++++++++

warning: direct cast of function item into an integer
    --> projects/mamba/src/runtime/stdlib/http_cookies_mod.rs:1159:34
     |
1159 |         ("values", cookie_values as usize),
     |                                  ^^^^^^^^
     |
help: first cast to a pointer `as *const ()`
     |
1159 |         ("values", cookie_values as *const () as usize),
     |                                  ++++++++++++

warning: direct cast of function item into an integer
    --> projects/mamba/src/runtime/stdlib/http_cookies_mod.rs:1160:32
     |
1160 |         ("items", cookie_items as usize),
     |                                ^^^^^^^^
     |
help: first cast to a pointer `as *const ()`
     |
1160 |         ("items", cookie_items as *const () as usize),
     |                                ++++++++++++

warning: direct cast of function item into an integer
    --> projects/mamba/src/runtime/stdlib/http_cookies_mod.rs:1161:28
     |
1161 |         ("get", cookie_get as usize),
     |                            ^^^^^^^^
     |
help: first cast to a pointer `as *const ()`
     |
1161 |         ("get", cookie_get as *const () as usize),
     |                            ++++++++++++

warning: direct cast of function item into an integer
    --> projects/mamba/src/runtime/stdlib/http_cookies_mod.rs:1162:34
     |
1162 |         ("output", cookie_output as usize),
     |                                  ^^^^^^^^
     |
help: first cast to a pointer `as *const ()`
     |
1162 |         ("output", cookie_output as *const () as usize),
     |                                  ++++++++++++

warning: direct cast of function item into an integer
    --> projects/mamba/src/runtime/stdlib/http_cookies_mod.rs:1163:40
     |
1163 |         ("js_output", cookie_js_output as usize),
     |                                        ^^^^^^^^
     |
help: first cast to a pointer `as *const ()`
     |
1163 |         ("js_output", cookie_js_output as *const () as usize),
     |                                        ++++++++++++

warning: direct cast of function item into an integer
    --> projects/mamba/src/runtime/stdlib/http_cookies_mod.rs:1164:30
     |
1164 |         ("load", cookie_load as usize),
     |                              ^^^^^^^^
     |
help: first cast to a pointer `as *const ()`
     |
1164 |         ("load", cookie_load as *const () as usize),
     |                              ++++++++++++

warning: direct cast of function item into an integer
    --> projects/mamba/src/runtime/stdlib/http_cookies_mod.rs:1177:44
     |
1177 |             ("__getitem__", morsel_getitem as usize),
     |                                            ^^^^^^^^
     |
help: first cast to a pointer `as *const ()`
     |
1177 |             ("__getitem__", morsel_getitem as *const () as usize),
     |                                            ++++++++++++

warning: direct cast of function item into an integer
    --> projects/mamba/src/runtime/stdlib/http_cookies_mod.rs:1178:44
     |
1178 |             ("__setitem__", morsel_setitem as usize),
     |                                            ^^^^^^^^
     |
help: first cast to a pointer `as *const ()`
     |
1178 |             ("__setitem__", morsel_setitem as *const () as usize),
     |                                            ++++++++++++

warning: direct cast of function item into an integer
    --> projects/mamba/src/runtime/stdlib/http_cookies_mod.rs:1179:34
     |
1179 |             ("__eq__", morsel_eq as usize),
     |                                  ^^^^^^^^
     |
help: first cast to a pointer `as *const ()`
     |
1179 |             ("__eq__", morsel_eq as *const () as usize),
     |                                  ++++++++++++

warning: direct cast of function item into an integer
    --> projects/mamba/src/runtime/stdlib/http_cookies_mod.rs:1180:36
     |
1180 |             ("__str__", morsel_str as usize),
     |                                    ^^^^^^^^
     |
help: first cast to a pointer `as *const ()`
     |
1180 |             ("__str__", morsel_str as *const () as usize),
     |                                    ++++++++++++

warning: direct cast of function item into an integer
    --> projects/mamba/src/runtime/stdlib/http_cookies_mod.rs:1181:34
     |
1181 |             ("keys", morsel_keys as usize),
     |                                  ^^^^^^^^
     |
help: first cast to a pointer `as *const ()`
     |
1181 |             ("keys", morsel_keys as *const () as usize),
     |                                  ++++++++++++

warning: direct cast of function item into an integer
    --> projects/mamba/src/runtime/stdlib/http_cookies_mod.rs:1182:38
     |
1182 |             ("values", morsel_values as usize),
     |                                      ^^^^^^^^
     |
help: first cast to a pointer `as *const ()`
     |
1182 |             ("values", morsel_values as *const () as usize),
     |                                      ++++++++++++

warning: direct cast of function item into an integer
    --> projects/mamba/src/runtime/stdlib/http_cookies_mod.rs:1183:36
     |
1183 |             ("items", morsel_items as usize),
     |                                    ^^^^^^^^
     |
help: first cast to a pointer `as *const ()`
     |
1183 |             ("items", morsel_items as *const () as usize),
     |                                    ++++++++++++

warning: direct cast of function item into an integer
    --> projects/mamba/src/runtime/stdlib/http_cookies_mod.rs:1184:46
     |
1184 |             ("setdefault", morsel_setdefault as usize),
     |                                              ^^^^^^^^
     |
help: first cast to a pointer `as *const ()`
     |
1184 |             ("setdefault", morsel_setdefault as *const () as usize),
     |                                              ++++++++++++

warning: direct cast of function item into an integer
    --> projects/mamba/src/runtime/stdlib/http_cookies_mod.rs:1185:38
     |
1185 |             ("update", morsel_update as usize),
     |                                      ^^^^^^^^
     |
help: first cast to a pointer `as *const ()`
     |
1185 |             ("update", morsel_update as *const () as usize),
     |                                      ++++++++++++

warning: direct cast of function item into an integer
    --> projects/mamba/src/runtime/stdlib/http_cookies_mod.rs:1186:52
     |
1186 |             ("isReservedKey", morsel_isreservedkey as usize),
     |                                                    ^^^^^^^^
     |
help: first cast to a pointer `as *const ()`
     |
1186 |             ("isReservedKey", morsel_isreservedkey as *const () as usize),
     |                                                    ++++++++++++

warning: direct cast of function item into an integer
    --> projects/mamba/src/runtime/stdlib/http_cookies_mod.rs:1187:50
     |
1187 |             ("OutputString", morsel_outputstring as usize),
     |                                                  ^^^^^^^^
     |
help: first cast to a pointer `as *const ()`
     |
1187 |             ("OutputString", morsel_outputstring as *const () as usize),
     |                                                  ++++++++++++

warning: direct cast of function item into an integer
    --> projects/mamba/src/runtime/stdlib/http_cookies_mod.rs:1188:38
     |
1188 |             ("output", morsel_output as usize),
     |                                      ^^^^^^^^
     |
help: first cast to a pointer `as *const ()`
     |
1188 |             ("output", morsel_output as *const () as usize),
     |                                      ++++++++++++

warning: direct cast of function item into an integer
    --> projects/mamba/src/runtime/stdlib/http_cookies_mod.rs:1189:44
     |
1189 |             ("js_output", morsel_js_output as usize),
     |                                            ^^^^^^^^
     |
help: first cast to a pointer `as *const ()`
     |
1189 |             ("js_output", morsel_js_output as *const () as usize),
     |                                            ++++++++++++

warning: direct cast of function item into an integer
    --> projects/mamba/src/runtime/stdlib/http_cookies_mod.rs:1190:32
     |
1190 |             ("set", morsel_set as usize),
     |                                ^^^^^^^^
     |
help: first cast to a pointer `as *const ()`
     |
1190 |             ("set", morsel_set as *const () as usize),
     |                                ++++++++++++

warning: direct cast of function item into an integer
    --> projects/mamba/src/runtime/stdlib/http_cookies_mod.rs:1191:34
     |
1191 |             ("copy", morsel_copy as usize),
     |                                  ^^^^^^^^
     |
help: first cast to a pointer `as *const ()`
     |
1191 |             ("copy", morsel_copy as *const () as usize),
     |                                  ++++++++++++

warning: direct cast of function item into an integer
  --> projects/mamba/src/runtime/stdlib/idlelib_mod.rs:61:32
   |
61 |         ("idle", dispatch_idle as usize),
   |                                ^^^^^^^^
   |
help: first cast to a pointer `as *const ()`
   |
61 |         ("idle", dispatch_idle as *const () as usize),
   |                                ++++++++++++

warning: direct cast of function item into an integer
  --> projects/mamba/src/runtime/stdlib/idlelib_mod.rs:62:30
   |
62 |         ("run", dispatch_run as usize),
   |                              ^^^^^^^^
   |
help: first cast to a pointer `as *const ()`
   |
62 |         ("run", dispatch_run as *const () as usize),
   |                              ++++++++++++

warning: direct cast of function item into an integer
  --> projects/mamba/src/runtime/stdlib/idlelib_mod.rs:63:42
   |
63 |         ("idle_test", dispatch_idle_test as usize),
   |                                          ^^^^^^^^
   |
help: first cast to a pointer `as *const ()`
   |
63 |         ("idle_test", dispatch_idle_test as *const () as usize),
   |                                          ++++++++++++

warning: direct cast of function item into an integer
  --> projects/mamba/src/runtime/stdlib/idlelib_mod.rs:64:38
   |
64 |         ("PyShell", dispatch_pyshell as usize),
   |                                      ^^^^^^^^
   |
help: first cast to a pointer `as *const ()`
   |
64 |         ("PyShell", dispatch_pyshell as *const () as usize),
   |                                      ++++++++++++

warning: direct cast of function item into an integer
  --> projects/mamba/src/runtime/stdlib/idlelib_mod.rs:65:36
   |
65 |         ("config", dispatch_config as usize),
   |                                    ^^^^^^^^
   |
help: first cast to a pointer `as *const ()`
   |
65 |         ("config", dispatch_config as *const () as usize),
   |                                    ++++++++++++

warning: direct cast of function item into an integer
  --> projects/mamba/src/runtime/stdlib/idlelib_mod.rs:66:42
   |
66 |         ("colorizer", dispatch_colorizer as usize),
   |                                          ^^^^^^^^
   |
help: first cast to a pointer `as *const ()`
   |
66 |         ("colorizer", dispatch_colorizer as *const () as usize),
   |                                          ++++++++++++

warning: direct cast of function item into an integer
  --> projects/mamba/src/runtime/stdlib/idlelib_mod.rs:67:48
   |
67 |         ("autocomplete", dispatch_autocomplete as usize),
   |                                                ^^^^^^^^
   |
help: first cast to a pointer `as *const ()`
   |
67 |         ("autocomplete", dispatch_autocomplete as *const () as usize),
   |                                                ++++++++++++

warning: direct cast of function item into an integer
  --> projects/mamba/src/runtime/stdlib/idlelib_mod.rs:68:38
   |
68 |         ("calltip", dispatch_calltip as usize),
   |                                      ^^^^^^^^
   |
help: first cast to a pointer `as *const ()`
   |
68 |         ("calltip", dispatch_calltip as *const () as usize),
   |                                      ++++++++++++

warning: direct cast of function item into an integer
  --> projects/mamba/src/runtime/stdlib/idlelib_mod.rs:69:40
   |
69 |         ("debugger", dispatch_debugger as usize),
   |                                        ^^^^^^^^
   |
help: first cast to a pointer `as *const ()`
   |
69 |         ("debugger", dispatch_debugger as *const () as usize),
   |                                        ++++++++++++

warning: direct cast of function item into an integer
  --> projects/mamba/src/runtime/stdlib/idlelib_mod.rs:70:36
   |
70 |         ("editor", dispatch_editor as usize),
   |                                    ^^^^^^^^
   |
help: first cast to a pointer `as *const ()`
   |
70 |         ("editor", dispatch_editor as *const () as usize),
   |                                    ++++++++++++

warning: direct cast of function item into an integer
  --> projects/mamba/src/runtime/stdlib/idlelib_mod.rs:71:40
   |
71 |         ("filelist", dispatch_filelist as usize),
   |                                        ^^^^^^^^
   |
help: first cast to a pointer `as *const ()`
   |
71 |         ("filelist", dispatch_filelist as *const () as usize),
   |                                        ++++++++++++

warning: direct cast of function item into an integer
  --> projects/mamba/src/runtime/stdlib/idlelib_mod.rs:72:36
   |
72 |         ("outwin", dispatch_outwin as usize),
   |                                    ^^^^^^^^
   |
help: first cast to a pointer `as *const ()`
   |
72 |         ("outwin", dispatch_outwin as *const () as usize),
   |                                    ++++++++++++

warning: direct cast of function item into an integer
  --> projects/mamba/src/runtime/stdlib/idlelib_mod.rs:73:30
   |
73 |         ("rpc", dispatch_rpc as usize),
   |                              ^^^^^^^^
   |
help: first cast to a pointer `as *const ()`
   |
73 |         ("rpc", dispatch_rpc as *const () as usize),
   |                              ++++++++++++

warning: direct cast of function item into an integer
  --> projects/mamba/src/runtime/stdlib/importlib_mod.rs:44:50
   |
44 |         ("import_module", dispatch_import_module as usize),
   |                                                  ^^^^^^^^
   |
help: first cast to a pointer `as *const ()`
   |
44 |         ("import_module", dispatch_import_module as *const () as usize),
   |                                                  ++++++++++++

warning: direct cast of function item into an integer
  --> projects/mamba/src/runtime/stdlib/importlib_mod.rs:45:36
   |
45 |         ("reload", dispatch_reload as usize),
   |                                    ^^^^^^^^
   |
help: first cast to a pointer `as *const ()`
   |
45 |         ("reload", dispatch_reload as *const () as usize),
   |                                    ++++++++++++

warning: direct cast of function item into an integer
  --> projects/mamba/src/runtime/stdlib/importlib_mod.rs:46:42
   |
46 |         ("find_spec", dispatch_find_spec as usize),
   |                                          ^^^^^^^^
   |
help: first cast to a pointer `as *const ()`
   |
46 |         ("find_spec", dispatch_find_spec as *const () as usize),
   |                                          ++++++++++++

warning: direct cast of function item into an integer
  --> projects/mamba/src/runtime/stdlib/importlib_mod.rs:47:46
   |
47 |         ("find_loader", dispatch_find_loader as usize),
   |                                              ^^^^^^^^
   |
help: first cast to a pointer `as *const ()`
   |
47 |         ("find_loader", dispatch_find_loader as *const () as usize),
   |                                              ++++++++++++

warning: direct cast of function item into an integer
  --> projects/mamba/src/runtime/stdlib/importlib_mod.rs:48:58
   |
48 |         ("invalidate_caches", dispatch_invalidate_caches as usize),
   |                                                          ^^^^^^^^
   |
help: first cast to a pointer `as *const ()`
   |
48 |         ("invalidate_caches", dispatch_invalidate_caches as *const () as usize),
   |                                                          ++++++++++++

warning: direct cast of function item into an integer
   --> projects/mamba/src/runtime/stdlib/importlib_mod.rs:168:72
    |
168 |             let (k, v) = register_func("find_spec", dispatch_find_spec as usize);
    |                                                                        ^^^^^^^^
    |
help: first cast to a pointer `as *const ()`
    |
168 |             let (k, v) = register_func("find_spec", dispatch_find_spec as *const () as usize);
    |                                                                        ++++++++++++

warning: direct cast of function item into an integer
  --> projects/mamba/src/runtime/stdlib/keyword_mod.rs:63:42
   |
63 |         ("iskeyword", dispatch_iskeyword as usize),
   |                                          ^^^^^^^^
   |
help: first cast to a pointer `as *const ()`
   |
63 |         ("iskeyword", dispatch_iskeyword as *const () as usize),
   |                                          ++++++++++++

warning: direct cast of function item into an integer
  --> projects/mamba/src/runtime/stdlib/keyword_mod.rs:64:50
   |
64 |         ("issoftkeyword", dispatch_issoftkeyword as usize),
   |                                                  ^^^^^^^^
   |
help: first cast to a pointer `as *const ()`
   |
64 |         ("issoftkeyword", dispatch_issoftkeyword as *const () as usize),
   |                                                  ++++++++++++

warning: direct cast of function item into an integer
   --> projects/mamba/src/runtime/stdlib/linecache_mod.rs:341:38
    |
341 |         ("getline", dispatch_getline as usize),
    |                                      ^^^^^^^^
    |
help: first cast to a pointer `as *const ()`
    |
341 |         ("getline", dispatch_getline as *const () as usize),
    |                                      ++++++++++++

warning: direct cast of function item into an integer
   --> projects/mamba/src/runtime/stdlib/linecache_mod.rs:342:40
    |
342 |         ("getlines", dispatch_getlines as usize),
    |                                        ^^^^^^^^
    |
help: first cast to a pointer `as *const ()`
    |
342 |         ("getlines", dispatch_getlines as *const () as usize),
    |                                        ++++++++++++

warning: direct cast of function item into an integer
   --> projects/mamba/src/runtime/stdlib/linecache_mod.rs:343:44
    |
343 |         ("clearcache", dispatch_clearcache as usize),
    |                                            ^^^^^^^^
    |
help: first cast to a pointer `as *const ()`
    |
343 |         ("clearcache", dispatch_clearcache as *const () as usize),
    |                                            ++++++++++++

warning: direct cast of function item into an integer
   --> projects/mamba/src/runtime/stdlib/linecache_mod.rs:344:44
    |
344 |         ("checkcache", dispatch_checkcache as usize),
    |                                            ^^^^^^^^
    |
help: first cast to a pointer `as *const ()`
    |
344 |         ("checkcache", dispatch_checkcache as *const () as usize),
    |                                            ++++++++++++

warning: direct cast of function item into an integer
   --> projects/mamba/src/runtime/stdlib/linecache_mod.rs:345:42
    |
345 |         ("lazycache", dispatch_lazycache as usize),
    |                                          ^^^^^^^^
    |
help: first cast to a pointer `as *const ()`
    |
345 |         ("lazycache", dispatch_lazycache as *const () as usize),
    |                                          ++++++++++++

warning: direct cast of function item into an integer
   --> projects/mamba/src/runtime/stdlib/linecache_mod.rs:346:46
    |
346 |         ("updatecache", dispatch_updatecache as usize),
    |                                              ^^^^^^^^
    |
help: first cast to a pointer `as *const ()`
    |
346 |         ("updatecache", dispatch_updatecache as *const () as usize),
    |                                              ++++++++++++

warning: direct cast of function item into an integer
   --> projects/mamba/src/runtime/stdlib/long_tail4_mod.rs:502:42
    |
502 |     let codec_encode_addr = codec_encode as usize;
    |                                          ^^^^^^^^
    |
help: first cast to a pointer `as *const ()`
    |
502 |     let codec_encode_addr = codec_encode as *const () as usize;
    |                                          ++++++++++++

warning: direct cast of function item into an integer
   --> projects/mamba/src/runtime/stdlib/long_tail4_mod.rs:503:42
    |
503 |     let codec_decode_addr = codec_decode as usize;
    |                                          ^^^^^^^^
    |
help: first cast to a pointer `as *const ()`
    |
503 |     let codec_decode_addr = codec_decode as *const () as usize;
    |                                          ++++++++++++

warning: direct cast of function item into an integer
   --> projects/mamba/src/runtime/stdlib/long_tail4_mod.rs:504:63
    |
504 |     let incremental_encoder_addr = incremental_encoder_encode as usize;
    |                                                               ^^^^^^^^
    |
help: first cast to a pointer `as *const ()`
    |
504 |     let incremental_encoder_addr = incremental_encoder_encode as *const () as usize;
    |                                                               ++++++++++++

warning: direct cast of function item into an integer
   --> projects/mamba/src/runtime/stdlib/long_tail4_mod.rs:505:63
    |
505 |     let incremental_decoder_addr = incremental_decoder_decode as usize;
    |                                                               ^^^^^^^^
    |
help: first cast to a pointer `as *const ()`
    |
505 |     let incremental_decoder_addr = incremental_decoder_decode as *const () as usize;
    |                                                               ++++++++++++

warning: direct cast of function item into an integer
    --> projects/mamba/src/runtime/stdlib/mmap_mod.rs:1345:27
     |
1345 |         ("__new__", m_new as usize),
     |                           ^^^^^^^^
     |
help: first cast to a pointer `as *const ()`
     |
1345 |         ("__new__", m_new as *const () as usize),
     |                           ++++++++++++

warning: direct cast of function item into an integer
    --> projects/mamba/src/runtime/stdlib/mmap_mod.rs:1346:27
     |
1346 |         ("__len__", m_len as usize),
     |                           ^^^^^^^^
     |
help: first cast to a pointer `as *const ()`
     |
1346 |         ("__len__", m_len as *const () as usize),
     |                           ++++++++++++

warning: direct cast of function item into an integer
    --> projects/mamba/src/runtime/stdlib/mmap_mod.rs:1347:35
     |
1347 |         ("__getitem__", m_getitem as usize),
     |                                   ^^^^^^^^
     |
help: first cast to a pointer `as *const ()`
     |
1347 |         ("__getitem__", m_getitem as *const () as usize),
     |                                   ++++++++++++

warning: direct cast of function item into an integer
    --> projects/mamba/src/runtime/stdlib/mmap_mod.rs:1348:35
     |
1348 |         ("__setitem__", m_setitem as usize),
     |                                   ^^^^^^^^
     |
help: first cast to a pointer `as *const ()`
     |
1348 |         ("__setitem__", m_setitem as *const () as usize),
     |                                   ++++++++++++

warning: direct cast of function item into an integer
    --> projects/mamba/src/runtime/stdlib/mmap_mod.rs:1349:35
     |
1349 |         ("__delitem__", m_delitem as usize),
     |                                   ^^^^^^^^
     |
help: first cast to a pointer `as *const ()`
     |
1349 |         ("__delitem__", m_delitem as *const () as usize),
     |                                   ++++++++++++

warning: direct cast of function item into an integer
    --> projects/mamba/src/runtime/stdlib/mmap_mod.rs:1350:25
     |
1350 |         ("find", m_find as usize),
     |                         ^^^^^^^^
     |
help: first cast to a pointer `as *const ()`
     |
1350 |         ("find", m_find as *const () as usize),
     |                         ++++++++++++

warning: direct cast of function item into an integer
    --> projects/mamba/src/runtime/stdlib/mmap_mod.rs:1351:27
     |
1351 |         ("rfind", m_rfind as usize),
     |                           ^^^^^^^^
     |
help: first cast to a pointer `as *const ()`
     |
1351 |         ("rfind", m_rfind as *const () as usize),
     |                           ++++++++++++

warning: direct cast of function item into an integer
    --> projects/mamba/src/runtime/stdlib/mmap_mod.rs:1352:25
     |
1352 |         ("read", m_read as usize),
     |                         ^^^^^^^^
     |
help: first cast to a pointer `as *const ()`
     |
1352 |         ("read", m_read as *const () as usize),
     |                         ++++++++++++

warning: direct cast of function item into an integer
    --> projects/mamba/src/runtime/stdlib/mmap_mod.rs:1353:35
     |
1353 |         ("read_byte", m_read_byte as usize),
     |                                   ^^^^^^^^
     |
help: first cast to a pointer `as *const ()`
     |
1353 |         ("read_byte", m_read_byte as *const () as usize),
     |                                   ++++++++++++

warning: direct cast of function item into an integer
    --> projects/mamba/src/runtime/stdlib/mmap_mod.rs:1354:33
     |
1354 |         ("readline", m_readline as usize),
     |                                 ^^^^^^^^
     |
help: first cast to a pointer `as *const ()`
     |
1354 |         ("readline", m_readline as *const () as usize),
     |                                 ++++++++++++

warning: direct cast of function item into an integer
    --> projects/mamba/src/runtime/stdlib/mmap_mod.rs:1355:27
     |
1355 |         ("write", m_write as usize),
     |                           ^^^^^^^^
     |
help: first cast to a pointer `as *const ()`
     |
1355 |         ("write", m_write as *const () as usize),
     |                           ++++++++++++

warning: direct cast of function item into an integer
    --> projects/mamba/src/runtime/stdlib/mmap_mod.rs:1356:37
     |
1356 |         ("write_byte", m_write_byte as usize),
     |                                     ^^^^^^^^
     |
help: first cast to a pointer `as *const ()`
     |
1356 |         ("write_byte", m_write_byte as *const () as usize),
     |                                     ++++++++++++

warning: direct cast of function item into an integer
    --> projects/mamba/src/runtime/stdlib/mmap_mod.rs:1357:25
     |
1357 |         ("seek", m_seek as usize),
     |                         ^^^^^^^^
     |
help: first cast to a pointer `as *const ()`
     |
1357 |         ("seek", m_seek as *const () as usize),
     |                         ++++++++++++

warning: direct cast of function item into an integer
    --> projects/mamba/src/runtime/stdlib/mmap_mod.rs:1358:25
     |
1358 |         ("tell", m_tell as usize),
     |                         ^^^^^^^^
     |
help: first cast to a pointer `as *const ()`
     |
1358 |         ("tell", m_tell as *const () as usize),
     |                         ++++++++++++

warning: direct cast of function item into an integer
    --> projects/mamba/src/runtime/stdlib/mmap_mod.rs:1359:27
     |
1359 |         ("flush", m_flush as usize),
     |                           ^^^^^^^^
     |
help: first cast to a pointer `as *const ()`
     |
1359 |         ("flush", m_flush as *const () as usize),
     |                           ++++++++++++

warning: direct cast of function item into an integer
    --> projects/mamba/src/runtime/stdlib/mmap_mod.rs:1360:29
     |
1360 |         ("resize", m_resize as usize),
     |                             ^^^^^^^^
     |
help: first cast to a pointer `as *const ()`
     |
1360 |         ("resize", m_resize as *const () as usize),
     |                             ++++++++++++

warning: direct cast of function item into an integer
    --> projects/mamba/src/runtime/stdlib/mmap_mod.rs:1361:25
     |
1361 |         ("size", m_size as usize),
     |                         ^^^^^^^^
     |
help: first cast to a pointer `as *const ()`
     |
1361 |         ("size", m_size as *const () as usize),
     |                         ++++++++++++

warning: direct cast of function item into an integer
    --> projects/mamba/src/runtime/stdlib/mmap_mod.rs:1362:25
     |
1362 |         ("move", m_move as usize),
     |                         ^^^^^^^^
     |
help: first cast to a pointer `as *const ()`
     |
1362 |         ("move", m_move as *const () as usize),
     |                         ++++++++++++

warning: direct cast of function item into an integer
    --> projects/mamba/src/runtime/stdlib/mmap_mod.rs:1363:27
     |
1363 |         ("close", m_close as usize),
     |                           ^^^^^^^^
     |
help: first cast to a pointer `as *const ()`
     |
1363 |         ("close", m_close as *const () as usize),
     |                           ++++++++++++

warning: direct cast of function item into an integer
    --> projects/mamba/src/runtime/stdlib/mmap_mod.rs:1364:31
     |
1364 |         ("__enter__", m_enter as usize),
     |                               ^^^^^^^^
     |
help: first cast to a pointer `as *const ()`
     |
1364 |         ("__enter__", m_enter as *const () as usize),
     |                               ++++++++++++

warning: direct cast of function item into an integer
    --> projects/mamba/src/runtime/stdlib/mmap_mod.rs:1365:29
     |
1365 |         ("__exit__", m_exit as usize),
     |                             ^^^^^^^^
     |
help: first cast to a pointer `as *const ()`
     |
1365 |         ("__exit__", m_exit as *const () as usize),
     |                             ++++++++++++

warning: direct cast of function item into an integer
    --> projects/mamba/src/runtime/stdlib/mmap_mod.rs:1366:31
     |
1366 |         ("madvise", m_madvise as usize),
     |                               ^^^^^^^^
     |
help: first cast to a pointer `as *const ()`
     |
1366 |         ("madvise", m_madvise as *const () as usize),
     |                               ++++++++++++

warning: direct cast of function item into an integer
    --> projects/mamba/src/runtime/stdlib/mmap_mod.rs:1367:33
     |
1367 |         ("set_name", m_set_name as usize),
     |                                 ^^^^^^^^
     |
help: first cast to a pointer `as *const ()`
     |
1367 |         ("set_name", m_set_name as *const () as usize),
     |                                 ++++++++++++

warning: direct cast of function item into an integer
    --> projects/mamba/src/runtime/stdlib/mmap_mod.rs:1368:33
     |
1368 |         ("__buffer__", m_buffer as usize),
     |                                 ^^^^^^^^
     |
help: first cast to a pointer `as *const ()`
     |
1368 |         ("__buffer__", m_buffer as *const () as usize),
     |                                 ++++++++++++

warning: direct cast of function item into an integer
    --> projects/mamba/src/runtime/stdlib/mmap_mod.rs:1369:49
     |
1369 |         ("__release_buffer__", m_release_buffer as usize),
     |                                                 ^^^^^^^^
     |
help: first cast to a pointer `as *const ()`
     |
1369 |         ("__release_buffer__", m_release_buffer as *const () as usize),
     |                                                 ++++++++++++

warning: direct cast of function item into an integer
    --> projects/mamba/src/runtime/stdlib/mmap_mod.rs:1382:38
     |
1382 |     let addr_new = dispatch_mmap_new as usize;
     |                                      ^^^^^^^^
     |
help: first cast to a pointer `as *const ()`
     |
1382 |     let addr_new = dispatch_mmap_new as *const () as usize;
     |                                      ++++++++++++

warning: direct cast of function item into an integer
    --> projects/mamba/src/runtime/stdlib/ssl_mod.rs:1415:44
     |
1415 |             let init_addr = ssl_error_init as usize;
     |                                            ^^^^^^^^
     |
help: first cast to a pointer `as *const ()`
     |
1415 |             let init_addr = ssl_error_init as *const () as usize;
     |                                            ++++++++++++

warning: direct cast of function item into an integer
    --> projects/mamba/src/runtime/stdlib/ssl_mod.rs:1423:50
     |
1423 |                 MbValue::from_func(ssl_error_str as usize),
     |                                                  ^^^^^^^^
     |
help: first cast to a pointer `as *const ()`
     |
1423 |                 MbValue::from_func(ssl_error_str as *const () as usize),
     |                                                  ++++++++++++

warning: direct cast of function item into an integer
    --> projects/mamba/src/runtime/stdlib/ssl_mod.rs:1434:40
     |
1434 |         let obj_init = ssl_object_init as usize;
     |                                        ^^^^^^^^
     |
help: first cast to a pointer `as *const ()`
     |
1434 |         let obj_init = ssl_object_init as *const () as usize;
     |                                        ++++++++++++

warning: direct cast of function item into an integer
    --> projects/mamba/src/runtime/stdlib/ssl_mod.rs:1435:41
     |
1435 |         let sock_init = ssl_socket_init as usize;
     |                                         ^^^^^^^^
     |
help: first cast to a pointer `as *const ()`
     |
1435 |         let sock_init = ssl_socket_init as *const () as usize;
     |                                         ++++++++++++

warning: direct cast of function item into an integer
    --> projects/mamba/src/runtime/stdlib/ssl_mod.rs:1438:44
     |
1438 |         let enter_addr = ssl_wrapper_enter as usize;
     |                                            ^^^^^^^^
     |
help: first cast to a pointer `as *const ()`
     |
1438 |         let enter_addr = ssl_wrapper_enter as *const () as usize;
     |                                            ++++++++++++

warning: direct cast of function item into an integer
    --> projects/mamba/src/runtime/stdlib/ssl_mod.rs:1439:42
     |
1439 |         let exit_addr = ssl_wrapper_exit as usize;
     |                                          ^^^^^^^^
     |
help: first cast to a pointer `as *const ()`
     |
1439 |         let exit_addr = ssl_wrapper_exit as *const () as usize;
     |                                          ++++++++++++

warning: direct cast of function item into an integer
    --> projects/mamba/src/runtime/stdlib/ssl_mod.rs:1452:50
     |
1452 |             ("gettimeout", ssl_socket_gettimeout as usize),
     |                                                  ^^^^^^^^
     |
help: first cast to a pointer `as *const ()`
     |
1452 |             ("gettimeout", ssl_socket_gettimeout as *const () as usize),
     |                                                  ++++++++++++

warning: direct cast of function item into an integer
    --> projects/mamba/src/runtime/stdlib/ssl_mod.rs:1453:48
     |
1453 |             ("recv", ssl_socket_unconnected_io as usize),
     |                                                ^^^^^^^^
     |
help: first cast to a pointer `as *const ()`
     |
1453 |             ("recv", ssl_socket_unconnected_io as *const () as usize),
     |                                                ++++++++++++

warning: direct cast of function item into an integer
    --> projects/mamba/src/runtime/stdlib/ssl_mod.rs:1454:53
     |
1454 |             ("recv_into", ssl_socket_unconnected_io as usize),
     |                                                     ^^^^^^^^
     |
help: first cast to a pointer `as *const ()`
     |
1454 |             ("recv_into", ssl_socket_unconnected_io as *const () as usize),
     |                                                     ++++++++++++

warning: direct cast of function item into an integer
    --> projects/mamba/src/runtime/stdlib/ssl_mod.rs:1455:52
     |
1455 |             ("recvfrom", ssl_socket_unconnected_io as usize),
     |                                                    ^^^^^^^^
     |
help: first cast to a pointer `as *const ()`
     |
1455 |             ("recvfrom", ssl_socket_unconnected_io as *const () as usize),
     |                                                    ++++++++++++

warning: direct cast of function item into an integer
    --> projects/mamba/src/runtime/stdlib/ssl_mod.rs:1456:57
     |
1456 |             ("recvfrom_into", ssl_socket_unconnected_io as usize),
     |                                                         ^^^^^^^^
     |
help: first cast to a pointer `as *const ()`
     |
1456 |             ("recvfrom_into", ssl_socket_unconnected_io as *const () as usize),
     |                                                         ++++++++++++

warning: direct cast of function item into an integer
    --> projects/mamba/src/runtime/stdlib/ssl_mod.rs:1457:48
     |
1457 |             ("send", ssl_socket_unconnected_io as usize),
     |                                                ^^^^^^^^
     |
help: first cast to a pointer `as *const ()`
     |
1457 |             ("send", ssl_socket_unconnected_io as *const () as usize),
     |                                                ++++++++++++

warning: direct cast of function item into an integer
    --> projects/mamba/src/runtime/stdlib/ssl_mod.rs:1458:50
     |
1458 |             ("sendto", ssl_socket_unconnected_io as usize),
     |                                                  ^^^^^^^^
     |
help: first cast to a pointer `as *const ()`
     |
1458 |             ("sendto", ssl_socket_unconnected_io as *const () as usize),
     |                                                  ++++++++++++

warning: direct cast of function item into an integer
    --> projects/mamba/src/runtime/stdlib/ssl_mod.rs:1459:48
     |
1459 |             ("dup", ssl_socket_not_implemented as usize),
     |                                                ^^^^^^^^
     |
help: first cast to a pointer `as *const ()`
     |
1459 |             ("dup", ssl_socket_not_implemented as *const () as usize),
     |                                                ++++++++++++

warning: direct cast of function item into an integer
    --> projects/mamba/src/runtime/stdlib/ssl_mod.rs:1460:52
     |
1460 |             ("sendmsg", ssl_socket_not_implemented as usize),
     |                                                    ^^^^^^^^
     |
help: first cast to a pointer `as *const ()`
     |
1460 |             ("sendmsg", ssl_socket_not_implemented as *const () as usize),
     |                                                    ++++++++++++

warning: direct cast of function item into an integer
    --> projects/mamba/src/runtime/stdlib/ssl_mod.rs:1461:52
     |
1461 |             ("recvmsg", ssl_socket_not_implemented as usize),
     |                                                    ^^^^^^^^
     |
help: first cast to a pointer `as *const ()`
     |
1461 |             ("recvmsg", ssl_socket_not_implemented as *const () as usize),
     |                                                    ++++++++++++

warning: direct cast of function item into an integer
    --> projects/mamba/src/runtime/stdlib/ssl_mod.rs:1462:57
     |
1462 |             ("recvmsg_into", ssl_socket_not_implemented as usize),
     |                                                         ^^^^^^^^
     |
help: first cast to a pointer `as *const ()`
     |
1462 |             ("recvmsg_into", ssl_socket_not_implemented as *const () as usize),
     |                                                         ++++++++++++

warning: direct cast of function item into an integer
    --> projects/mamba/src/runtime/stdlib/ssl_mod.rs:1473:42
     |
1473 |         let init_addr = init_ssl_context as usize;
     |                                          ^^^^^^^^
     |
help: first cast to a pointer `as *const ()`
     |
1473 |         let init_addr = init_ssl_context as *const () as usize;
     |                                          ++++++++++++

warning: direct cast of function item into an integer
    --> projects/mamba/src/runtime/stdlib/ssl_mod.rs:1474:41
     |
1474 |         let noop_addr = ctx_method_noop as usize;
     |                                         ^^^^^^^^
     |
help: first cast to a pointer `as *const ()`
     |
1474 |         let noop_addr = ctx_method_noop as *const () as usize;
     |                                         ++++++++++++

warning: direct cast of function item into an integer
    --> projects/mamba/src/runtime/stdlib/ssl_mod.rs:1480:47
     |
1480 |             ("get_ca_certs", ctx_get_ca_certs as usize),
     |                                               ^^^^^^^^
     |
help: first cast to a pointer `as *const ()`
     |
1480 |             ("get_ca_certs", ctx_get_ca_certs as *const () as usize),
     |                                               ++++++++++++

warning: direct cast of function item into an integer
    --> projects/mamba/src/runtime/stdlib/ssl_mod.rs:1481:45
     |
1481 |             ("get_ciphers", ctx_get_ciphers as usize),
     |                                             ^^^^^^^^
     |
help: first cast to a pointer `as *const ()`
     |
1481 |             ("get_ciphers", ctx_get_ciphers as *const () as usize),
     |                                             ++++++++++++

warning: direct cast of function item into an integer
    --> projects/mamba/src/runtime/stdlib/ssl_mod.rs:1482:45
     |
1482 |             ("set_ciphers", ctx_set_ciphers as usize),
     |                                             ^^^^^^^^
     |
help: first cast to a pointer `as *const ()`
     |
1482 |             ("set_ciphers", ctx_set_ciphers as *const () as usize),
     |                                             ++++++++++++

warning: direct cast of function item into an integer
    --> projects/mamba/src/runtime/stdlib/ssl_mod.rs:1483:49
     |
1483 |             ("session_stats", ctx_session_stats as usize),
     |                                                 ^^^^^^^^
     |
help: first cast to a pointer `as *const ()`
     |
1483 |             ("session_stats", ctx_session_stats as *const () as usize),
     |                                                 ++++++++++++

warning: direct cast of function item into an integer
    --> projects/mamba/src/runtime/stdlib/ssl_mod.rs:1484:55
     |
1484 |             ("load_cert_chain", ctx_load_path_checked as usize),
     |                                                       ^^^^^^^^
     |
help: first cast to a pointer `as *const ()`
     |
1484 |             ("load_cert_chain", ctx_load_path_checked as *const () as usize),
     |                                                       ++++++++++++

warning: direct cast of function item into an integer
    --> projects/mamba/src/runtime/stdlib/ssl_mod.rs:1485:61
     |
1485 |             ("load_verify_locations", ctx_load_path_checked as usize),
     |                                                             ^^^^^^^^
     |
help: first cast to a pointer `as *const ()`
     |
1485 |             ("load_verify_locations", ctx_load_path_checked as *const () as usize),
     |                                                             ++++++++++++

warning: direct cast of function item into an integer
    --> projects/mamba/src/runtime/stdlib/ssl_mod.rs:1486:51
     |
1486 |             ("set_ecdh_curve", ctx_set_ecdh_curve as usize),
     |                                                   ^^^^^^^^
     |
help: first cast to a pointer `as *const ()`
     |
1486 |             ("set_ecdh_curve", ctx_set_ecdh_curve as *const () as usize),
     |                                                   ++++++++++++

warning: direct cast of function item into an integer
    --> projects/mamba/src/runtime/stdlib/ssl_mod.rs:1487:45
     |
1487 |             ("wrap_socket", ctx_wrap_socket as usize),
     |                                             ^^^^^^^^
     |
help: first cast to a pointer `as *const ()`
     |
1487 |             ("wrap_socket", ctx_wrap_socket as *const () as usize),
     |                                             ++++++++++++

warning: direct cast of function item into an integer
    --> projects/mamba/src/runtime/stdlib/ssl_mod.rs:1488:39
     |
1488 |             ("wrap_bio", ctx_wrap_bio as usize),
     |                                       ^^^^^^^^
     |
help: first cast to a pointer `as *const ()`
     |
1488 |             ("wrap_bio", ctx_wrap_bio as *const () as usize),
     |                                       ++++++++++++

warning: direct cast of function item into an integer
    --> projects/mamba/src/runtime/stdlib/ssl_mod.rs:1491:45
     |
1491 |                 ctx_set_servername_callback as usize,
     |                                             ^^^^^^^^
     |
help: first cast to a pointer `as *const ()`
     |
1491 |                 ctx_set_servername_callback as *const () as usize,
     |                                             ++++++++++++

warning: direct cast of function item into an integer
    --> projects/mamba/src/runtime/stdlib/ssl_mod.rs:1511:41
     |
1511 |         let init_addr = memory_bio_init as usize;
     |                                         ^^^^^^^^
     |
help: first cast to a pointer `as *const ()`
     |
1511 |         let init_addr = memory_bio_init as *const () as usize;
     |                                         ++++++++++++

warning: direct cast of function item into an integer
    --> projects/mamba/src/runtime/stdlib/ssl_mod.rs:1516:40
     |
1516 |             ("write", memory_bio_write as usize),
     |                                        ^^^^^^^^
     |
help: first cast to a pointer `as *const ()`
     |
1516 |             ("write", memory_bio_write as *const () as usize),
     |                                        ++++++++++++

warning: direct cast of function item into an integer
    --> projects/mamba/src/runtime/stdlib/ssl_mod.rs:1517:38
     |
1517 |             ("read", memory_bio_read as usize),
     |                                      ^^^^^^^^
     |
help: first cast to a pointer `as *const ()`
     |
1517 |             ("read", memory_bio_read as *const () as usize),
     |                                      ++++++++++++

warning: direct cast of function item into an integer
    --> projects/mamba/src/runtime/stdlib/ssl_mod.rs:1518:48
     |
1518 |             ("write_eof", memory_bio_write_eof as usize),
     |                                                ^^^^^^^^
     |
help: first cast to a pointer `as *const ()`
     |
1518 |             ("write_eof", memory_bio_write_eof as *const () as usize),
     |                                                ++++++++++++

warning: direct cast of function item into an integer
    --> projects/mamba/src/runtime/stdlib/ssl_mod.rs:1529:42
     |
1529 |         let init_addr = certificate_init as usize;
     |                                          ^^^^^^^^
     |
help: first cast to a pointer `as *const ()`
     |
1529 |         let init_addr = certificate_init as *const () as usize;
     |                                          ++++++++++++

warning: direct cast of function item into an integer
    --> projects/mamba/src/runtime/stdlib/ssl_mod.rs:1530:58
     |
1530 |         let public_bytes_addr = certificate_public_bytes as usize;
     |                                                          ^^^^^^^^
     |
help: first cast to a pointer `as *const ()`
     |
1530 |         let public_bytes_addr = certificate_public_bytes as *const () as usize;
     |                                                          ++++++++++++

warning: direct cast of function item into an integer
   --> projects/mamba/src/runtime/stdlib/stat_mod.rs:143:38
    |
143 |         ("S_ISDIR", dispatch_s_isdir as usize),
    |                                      ^^^^^^^^
    |
help: first cast to a pointer `as *const ()`
    |
143 |         ("S_ISDIR", dispatch_s_isdir as *const () as usize),
    |                                      ++++++++++++

warning: direct cast of function item into an integer
   --> projects/mamba/src/runtime/stdlib/stat_mod.rs:144:38
    |
144 |         ("S_ISCHR", dispatch_s_ischr as usize),
    |                                      ^^^^^^^^
    |
help: first cast to a pointer `as *const ()`
    |
144 |         ("S_ISCHR", dispatch_s_ischr as *const () as usize),
    |                                      ++++++++++++

warning: direct cast of function item into an integer
   --> projects/mamba/src/runtime/stdlib/stat_mod.rs:145:38
    |
145 |         ("S_ISBLK", dispatch_s_isblk as usize),
    |                                      ^^^^^^^^
    |
help: first cast to a pointer `as *const ()`
    |
145 |         ("S_ISBLK", dispatch_s_isblk as *const () as usize),
    |                                      ++++++++++++

warning: direct cast of function item into an integer
   --> projects/mamba/src/runtime/stdlib/stat_mod.rs:146:38
    |
146 |         ("S_ISREG", dispatch_s_isreg as usize),
    |                                      ^^^^^^^^
    |
help: first cast to a pointer `as *const ()`
    |
146 |         ("S_ISREG", dispatch_s_isreg as *const () as usize),
    |                                      ++++++++++++

warning: direct cast of function item into an integer
   --> projects/mamba/src/runtime/stdlib/stat_mod.rs:147:40
    |
147 |         ("S_ISFIFO", dispatch_s_isfifo as usize),
    |                                        ^^^^^^^^
    |
help: first cast to a pointer `as *const ()`
    |
147 |         ("S_ISFIFO", dispatch_s_isfifo as *const () as usize),
    |                                        ++++++++++++

warning: direct cast of function item into an integer
   --> projects/mamba/src/runtime/stdlib/stat_mod.rs:148:38
    |
148 |         ("S_ISLNK", dispatch_s_islnk as usize),
    |                                      ^^^^^^^^
    |
help: first cast to a pointer `as *const ()`
    |
148 |         ("S_ISLNK", dispatch_s_islnk as *const () as usize),
    |                                      ++++++++++++

warning: direct cast of function item into an integer
   --> projects/mamba/src/runtime/stdlib/stat_mod.rs:149:40
    |
149 |         ("S_ISSOCK", dispatch_s_issock as usize),
    |                                        ^^^^^^^^
    |
help: first cast to a pointer `as *const ()`
    |
149 |         ("S_ISSOCK", dispatch_s_issock as *const () as usize),
    |                                        ++++++++++++

warning: direct cast of function item into an integer
   --> projects/mamba/src/runtime/stdlib/stat_mod.rs:150:38
    |
150 |         ("S_ISWHT", dispatch_s_iswht as usize),
    |                                      ^^^^^^^^
    |
help: first cast to a pointer `as *const ()`
    |
150 |         ("S_ISWHT", dispatch_s_iswht as *const () as usize),
    |                                      ++++++++++++

warning: direct cast of function item into an integer
   --> projects/mamba/src/runtime/stdlib/stat_mod.rs:151:40
    |
151 |         ("S_ISDOOR", dispatch_s_isdoor as usize),
    |                                        ^^^^^^^^
    |
help: first cast to a pointer `as *const ()`
    |
151 |         ("S_ISDOOR", dispatch_s_isdoor as *const () as usize),
    |                                        ++++++++++++

warning: direct cast of function item into an integer
   --> projects/mamba/src/runtime/stdlib/stat_mod.rs:152:40
    |
152 |         ("S_ISPORT", dispatch_s_isport as usize),
    |                                        ^^^^^^^^
    |
help: first cast to a pointer `as *const ()`
    |
152 |         ("S_ISPORT", dispatch_s_isport as *const () as usize),
    |                                        ++++++++++++

warning: direct cast of function item into an integer
   --> projects/mamba/src/runtime/stdlib/stat_mod.rs:153:38
    |
153 |         ("S_IMODE", dispatch_s_imode as usize),
    |                                      ^^^^^^^^
    |
help: first cast to a pointer `as *const ()`
    |
153 |         ("S_IMODE", dispatch_s_imode as *const () as usize),
    |                                      ++++++++++++

warning: direct cast of function item into an integer
   --> projects/mamba/src/runtime/stdlib/stat_mod.rs:156:39
    |
156 |         ("S_IFMT", dispatch_s_ifmt_fn as usize),
    |                                       ^^^^^^^^
    |
help: first cast to a pointer `as *const ()`
    |
156 |         ("S_IFMT", dispatch_s_ifmt_fn as *const () as usize),
    |                                       ++++++++++++

warning: direct cast of function item into an integer
   --> projects/mamba/src/runtime/stdlib/stat_mod.rs:157:40
    |
157 |         ("filemode", dispatch_filemode as usize),
    |                                        ^^^^^^^^
    |
help: first cast to a pointer `as *const ()`
    |
157 |         ("filemode", dispatch_filemode as *const () as usize),
    |                                        ++++++++++++

warning: direct cast of function item into an integer
   --> projects/mamba/src/runtime/stdlib/support_mod.rs:344:43
    |
344 |         MbValue::from_func(captured_enter as usize),
    |                                           ^^^^^^^^
    |
help: first cast to a pointer `as *const ()`
    |
344 |         MbValue::from_func(captured_enter as *const () as usize),
    |                                           ++++++++++++

warning: direct cast of function item into an integer
   --> projects/mamba/src/runtime/stdlib/support_mod.rs:348:42
    |
348 |         MbValue::from_func(captured_exit as usize),
    |                                          ^^^^^^^^
    |
help: first cast to a pointer `as *const ()`
    |
348 |         MbValue::from_func(captured_exit as *const () as usize),
    |                                          ++++++++++++

warning: direct cast of function item into an integer
   --> projects/mamba/src/runtime/stdlib/support_mod.rs:416:35
    |
416 |     let noop = func(dispatch_noop as usize);
    |                                   ^^^^^^^^
    |
help: first cast to a pointer `as *const ()`
    |
416 |     let noop = func(dispatch_noop as *const () as usize);
    |                                   ++++++++++++

warning: direct cast of function item into an integer
   --> projects/mamba/src/runtime/stdlib/support_mod.rs:417:43
    |
417 |     let identity = func(dispatch_identity as usize);
    |                                           ^^^^^^^^
    |
help: first cast to a pointer `as *const ()`
    |
417 |     let identity = func(dispatch_identity as *const () as usize);
    |                                           ++++++++++++

warning: direct cast of function item into an integer
   --> projects/mamba/src/runtime/stdlib/support_mod.rs:418:47
    |
418 |     let empty_iter = func(dispatch_empty_iter as usize);
    |                                               ^^^^^^^^
    |
help: first cast to a pointer `as *const ()`
    |
418 |     let empty_iter = func(dispatch_empty_iter as *const () as usize);
    |                                               ++++++++++++

warning: direct cast of function item into an integer
   --> projects/mamba/src/runtime/stdlib/support_mod.rs:419:43
    |
419 |     let run_code = func(dispatch_run_code as usize);
    |                                           ^^^^^^^^
    |
help: first cast to a pointer `as *const ()`
    |
419 |     let run_code = func(dispatch_run_code as *const () as usize);
    |                                           ++++++++++++

warning: direct cast of function item into an integer
   --> projects/mamba/src/runtime/stdlib/support_mod.rs:420:53
    |
420 |     let import_module = func(dispatch_import_module as usize);
    |                                                     ^^^^^^^^
    |
help: first cast to a pointer `as *const ()`
    |
420 |     let import_module = func(dispatch_import_module as *const () as usize);
    |                                                     ++++++++++++

warning: direct cast of function item into an integer
   --> projects/mamba/src/runtime/stdlib/support_mod.rs:421:43
    |
421 |     let findfile = func(dispatch_findfile as usize);
    |                                           ^^^^^^^^
    |
help: first cast to a pointer `as *const ()`
    |
421 |     let findfile = func(dispatch_findfile as *const () as usize);
    |                                           ++++++++++++

warning: direct cast of function item into an integer
   --> projects/mamba/src/runtime/stdlib/support_mod.rs:422:54
    |
422 |     let captured_out = func(dispatch_captured_stdout as usize);
    |                                                      ^^^^^^^^
    |
help: first cast to a pointer `as *const ()`
    |
422 |     let captured_out = func(dispatch_captured_stdout as *const () as usize);
    |                                                      ++++++++++++

warning: direct cast of function item into an integer
   --> projects/mamba/src/runtime/stdlib/support_mod.rs:423:54
    |
423 |     let captured_err = func(dispatch_captured_stderr as usize);
    |                                                      ^^^^^^^^
    |
help: first cast to a pointer `as *const ()`
    |
423 |     let captured_err = func(dispatch_captured_stderr as *const () as usize);
    |                                                      ++++++++++++

warning: direct cast of function item into an integer
   --> projects/mamba/src/runtime/stdlib/support_mod.rs:424:52
    |
424 |     let captured_in = func(dispatch_captured_stdin as usize);
    |                                                    ^^^^^^^^
    |
help: first cast to a pointer `as *const ()`
    |
424 |     let captured_in = func(dispatch_captured_stdin as *const () as usize);
    |                                                    ++++++++++++

warning: direct cast of function item into an integer
   --> projects/mamba/src/runtime/stdlib/test_mod.rs:768:50
    |
768 |         s.borrow_mut().insert(dispatch_swap_attr as usize as u64);
    |                                                  ^^^^^^^^
    |
help: first cast to a pointer `as *const ()`
    |
768 |         s.borrow_mut().insert(dispatch_swap_attr as *const () as usize as u64);
    |                                                  ++++++++++++

warning: direct cast of function item into an integer
   --> projects/mamba/src/runtime/stdlib/test_mod.rs:769:50
    |
769 |         s.borrow_mut().insert(dispatch_env_guard as usize as u64);
    |                                                  ^^^^^^^^
    |
help: first cast to a pointer `as *const ()`
    |
769 |         s.borrow_mut().insert(dispatch_env_guard as *const () as usize as u64);
    |                                                  ++++++++++++

warning: direct cast of function item into an integer
    --> projects/mamba/src/runtime/stdlib/test_mod.rs:1012:40
     |
1012 |         ("TestCase", dispatch_TestCase as usize),
     |                                        ^^^^^^^^
     |
help: first cast to a pointer `as *const ()`
     |
1012 |         ("TestCase", dispatch_TestCase as *const () as usize),
     |                                        ++++++++++++

warning: direct cast of function item into an integer
    --> projects/mamba/src/runtime/stdlib/test_mod.rs:1013:32
     |
1013 |         ("main", dispatch_main as usize),
     |                                ^^^^^^^^
     |
help: first cast to a pointer `as *const ()`
     |
1013 |         ("main", dispatch_main as *const () as usize),
     |                                ++++++++++++

warning: direct cast of function item into an integer
    --> projects/mamba/src/runtime/stdlib/test_mod.rs:1014:46
     |
1014 |         ("assertEqual", dispatch_assertEqual as usize),
     |                                              ^^^^^^^^
     |
help: first cast to a pointer `as *const ()`
     |
1014 |         ("assertEqual", dispatch_assertEqual as *const () as usize),
     |                                              ++++++++++++

warning: direct cast of function item into an integer
    --> projects/mamba/src/runtime/stdlib/test_mod.rs:1015:44
     |
1015 |         ("assertTrue", dispatch_assertTrue as usize),
     |                                            ^^^^^^^^
     |
help: first cast to a pointer `as *const ()`
     |
1015 |         ("assertTrue", dispatch_assertTrue as *const () as usize),
     |                                            ++++++++++++

warning: direct cast of function item into an integer
    --> projects/mamba/src/runtime/stdlib/test_mod.rs:1016:46
     |
1016 |         ("assertFalse", dispatch_assertFalse as usize),
     |                                              ^^^^^^^^
     |
help: first cast to a pointer `as *const ()`
     |
1016 |         ("assertFalse", dispatch_assertFalse as *const () as usize),
     |                                              ++++++++++++

warning: direct cast of function item into an integer
    --> projects/mamba/src/runtime/stdlib/test_mod.rs:1017:48
     |
1017 |         ("assertRaises", dispatch_assertRaises as usize),
     |                                                ^^^^^^^^
     |
help: first cast to a pointer `as *const ()`
     |
1017 |         ("assertRaises", dispatch_assertRaises as *const () as usize),
     |                                                ++++++++++++

warning: direct cast of function item into an integer
    --> projects/mamba/src/runtime/stdlib/test_mod.rs:1018:38
     |
1018 |         ("support", dispatch_support as usize),
     |                                      ^^^^^^^^
     |
help: first cast to a pointer `as *const ()`
     |
1018 |         ("support", dispatch_support as *const () as usize),
     |                                      ++++++++++++

warning: direct cast of function item into an integer
    --> projects/mamba/src/runtime/stdlib/test_mod.rs:1181:39
     |
1181 |     let noop = dispatch_noop_variadic as usize;
     |                                       ^^^^^^^^
     |
help: first cast to a pointer `as *const ()`
     |
1181 |     let noop = dispatch_noop_variadic as *const () as usize;
     |                                       ++++++++++++

warning: direct cast of function item into an integer
    --> projects/mamba/src/runtime/stdlib/test_mod.rs:1182:38
     |
1182 |     let identity = dispatch_identity as usize;
     |                                      ^^^^^^^^
     |
help: first cast to a pointer `as *const ()`
     |
1182 |     let identity = dispatch_identity as *const () as usize;
     |                                      ++++++++++++

warning: direct cast of function item into an integer
    --> projects/mamba/src/runtime/stdlib/test_mod.rs:1183:54
     |
1183 |     let assert_python_ok = dispatch_assert_python_ok as usize;
     |                                                      ^^^^^^^^
     |
help: first cast to a pointer `as *const ()`
     |
1183 |     let assert_python_ok = dispatch_assert_python_ok as *const () as usize;
     |                                                      ++++++++++++

warning: direct cast of function item into an integer
    --> projects/mamba/src/runtime/stdlib/test_mod.rs:1184:64
     |
1184 |     let assert_python_failure = dispatch_assert_python_failure as usize;
     |                                                                ^^^^^^^^
     |
help: first cast to a pointer `as *const ()`
     |
1184 |     let assert_python_failure = dispatch_assert_python_failure as *const () as usize;
     |                                                                ++++++++++++

warning: direct cast of function item into an integer
    --> projects/mamba/src/runtime/stdlib/test_mod.rs:1185:56
     |
1185 |     let decorator_factory = dispatch_decorator_factory as usize;
     |                                                        ^^^^^^^^
     |
help: first cast to a pointer `as *const ()`
     |
1185 |     let decorator_factory = dispatch_decorator_factory as *const () as usize;
     |                                                        ++++++++++++

warning: direct cast of function item into an integer
    --> projects/mamba/src/runtime/stdlib/test_mod.rs:1186:58
     |
1186 |     let load_package_tests = dispatch_load_package_tests as usize;
     |                                                          ^^^^^^^^
     |
help: first cast to a pointer `as *const ()`
     |
1186 |     let load_package_tests = dispatch_load_package_tests as *const () as usize;
     |                                                          ++++++++++++

warning: direct cast of function item into an integer
    --> projects/mamba/src/runtime/stdlib/test_mod.rs:1187:64
     |
1187 |     let type_params_make_base = dispatch_type_params_make_base as usize;
     |                                                                ^^^^^^^^
     |
help: first cast to a pointer `as *const ()`
     |
1187 |     let type_params_make_base = dispatch_type_params_make_base as *const () as usize;
     |                                                                ++++++++++++

warning: direct cast of function item into an integer
    --> projects/mamba/src/runtime/stdlib/test_mod.rs:1188:38
     |
1188 |     let fakepath = dispatch_fakepath as usize;
     |                                      ^^^^^^^^
     |
help: first cast to a pointer `as *const ()`
     |
1188 |     let fakepath = dispatch_fakepath as *const () as usize;
     |                                      ++++++++++++

warning: direct cast of function item into an integer
    --> projects/mamba/src/runtime/stdlib/test_mod.rs:1189:40
     |
1189 |     let swap_attr = dispatch_swap_attr as usize;
     |                                        ^^^^^^^^
     |
help: first cast to a pointer `as *const ()`
     |
1189 |     let swap_attr = dispatch_swap_attr as *const () as usize;
     |                                        ++++++++++++

warning: direct cast of function item into an integer
    --> projects/mamba/src/runtime/stdlib/test_mod.rs:1190:40
     |
1190 |     let env_guard = dispatch_env_guard as usize;
     |                                        ^^^^^^^^
     |
help: first cast to a pointer `as *const ()`
     |
1190 |     let env_guard = dispatch_env_guard as *const () as usize;
     |                                        ++++++++++++

warning: direct cast of function item into an integer
   --> projects/mamba/src/runtime/stdlib/token_mod.rs:238:44
    |
238 |         ("ISTERMINAL", dispatch_isterminal as usize),
    |                                            ^^^^^^^^
    |
help: first cast to a pointer `as *const ()`
    |
238 |         ("ISTERMINAL", dispatch_isterminal as *const () as usize),
    |                                            ++++++++++++

warning: direct cast of function item into an integer
   --> projects/mamba/src/runtime/stdlib/token_mod.rs:239:50
    |
239 |         ("ISNONTERMINAL", dispatch_isnonterminal as usize),
    |                                                  ^^^^^^^^
    |
help: first cast to a pointer `as *const ()`
    |
239 |         ("ISNONTERMINAL", dispatch_isnonterminal as *const () as usize),
    |                                                  ++++++++++++

warning: direct cast of function item into an integer
   --> projects/mamba/src/runtime/stdlib/token_mod.rs:240:34
    |
240 |         ("ISEOF", dispatch_iseof as usize),
    |                                  ^^^^^^^^
    |
help: first cast to a pointer `as *const ()`
    |
240 |         ("ISEOF", dispatch_iseof as *const () as usize),
    |                                  ++++++++++++

warning: direct cast of function item into an integer
   --> projects/mamba/src/runtime/stdlib/tracemalloc_mod.rs:961:34
    |
961 |         ("start", dispatch_start as usize),
    |                                  ^^^^^^^^
    |
help: first cast to a pointer `as *const ()`
    |
961 |         ("start", dispatch_start as *const () as usize),
    |                                  ++++++++++++

warning: direct cast of function item into an integer
   --> projects/mamba/src/runtime/stdlib/tracemalloc_mod.rs:962:32
    |
962 |         ("stop", dispatch_stop as usize),
    |                                ^^^^^^^^
    |
help: first cast to a pointer `as *const ()`
    |
962 |         ("stop", dispatch_stop as *const () as usize),
    |                                ++++++++++++

warning: direct cast of function item into an integer
   --> projects/mamba/src/runtime/stdlib/tracemalloc_mod.rs:963:44
    |
963 |         ("is_tracing", dispatch_is_tracing as usize),
    |                                            ^^^^^^^^
    |
help: first cast to a pointer `as *const ()`
    |
963 |         ("is_tracing", dispatch_is_tracing as *const () as usize),
    |                                            ++++++++++++

warning: direct cast of function item into an integer
   --> projects/mamba/src/runtime/stdlib/tracemalloc_mod.rs:964:58
    |
964 |         ("get_traced_memory", dispatch_get_traced_memory as usize),
    |                                                          ^^^^^^^^
    |
help: first cast to a pointer `as *const ()`
    |
964 |         ("get_traced_memory", dispatch_get_traced_memory as *const () as usize),
    |                                                          ++++++++++++

warning: direct cast of function item into an integer
   --> projects/mamba/src/runtime/stdlib/tracemalloc_mod.rs:965:62
    |
965 |         ("get_traceback_limit", dispatch_get_traceback_limit as usize),
    |                                                              ^^^^^^^^
    |
help: first cast to a pointer `as *const ()`
    |
965 |         ("get_traceback_limit", dispatch_get_traceback_limit as *const () as usize),
    |                                                              ++++++++++++

warning: direct cast of function item into an integer
   --> projects/mamba/src/runtime/stdlib/tracemalloc_mod.rs:966:50
    |
966 |         ("take_snapshot", dispatch_take_snapshot as usize),
    |                                                  ^^^^^^^^
    |
help: first cast to a pointer `as *const ()`
    |
966 |         ("take_snapshot", dispatch_take_snapshot as *const () as usize),
    |                                                  ++++++++++++

warning: direct cast of function item into an integer
   --> projects/mamba/src/runtime/stdlib/tracemalloc_mod.rs:967:44
    |
967 |         ("reset_peak", dispatch_reset_peak as usize),
    |                                            ^^^^^^^^
    |
help: first cast to a pointer `as *const ()`
    |
967 |         ("reset_peak", dispatch_reset_peak as *const () as usize),
    |                                            ++++++++++++

warning: direct cast of function item into an integer
   --> projects/mamba/src/runtime/stdlib/tracemalloc_mod.rs:968:48
    |
968 |         ("clear_traces", dispatch_clear_traces as usize),
    |                                                ^^^^^^^^
    |
help: first cast to a pointer `as *const ()`
    |
968 |         ("clear_traces", dispatch_clear_traces as *const () as usize),
    |                                                ++++++++++++

warning: direct cast of function item into an integer
   --> projects/mamba/src/runtime/stdlib/tracemalloc_mod.rs:971:43
    |
971 |             dispatch_get_object_traceback as usize,
    |                                           ^^^^^^^^
    |
help: first cast to a pointer `as *const ()`
    |
971 |             dispatch_get_object_traceback as *const () as usize,
    |                                           ++++++++++++

warning: direct cast of function item into an integer
   --> projects/mamba/src/runtime/stdlib/tracemalloc_mod.rs:975:45
    |
975 |             dispatch_get_tracemalloc_memory as usize,
    |                                             ^^^^^^^^
    |
help: first cast to a pointer `as *const ()`
    |
975 |             dispatch_get_tracemalloc_memory as *const () as usize,
    |                                             ++++++++++++

warning: direct cast of function item into an integer
   --> projects/mamba/src/runtime/stdlib/tracemalloc_mod.rs:977:36
    |
977 |         ("Filter", dispatch_filter as usize),
    |                                    ^^^^^^^^
    |
help: first cast to a pointer `as *const ()`
    |
977 |         ("Filter", dispatch_filter as *const () as usize),
    |                                    ++++++++++++

warning: direct cast of function item into an integer
   --> projects/mamba/src/runtime/stdlib/tracemalloc_mod.rs:978:49
    |
978 |         ("DomainFilter", dispatch_domain_filter as usize),
    |                                                 ^^^^^^^^
    |
help: first cast to a pointer `as *const ()`
    |
978 |         ("DomainFilter", dispatch_domain_filter as *const () as usize),
    |                                                 ++++++++++++

warning: direct cast of function item into an integer
   --> projects/mamba/src/runtime/stdlib/tracemalloc_mod.rs:979:40
    |
979 |         ("Snapshot", dispatch_snapshot as usize),
    |                                        ^^^^^^^^
    |
help: first cast to a pointer `as *const ()`
    |
979 |         ("Snapshot", dispatch_snapshot as *const () as usize),
    |                                        ++++++++++++

warning: direct cast of function item into an integer
   --> projects/mamba/src/runtime/stdlib/tracemalloc_mod.rs:980:42
    |
980 |         ("Traceback", dispatch_traceback as usize),
    |                                          ^^^^^^^^
    |
help: first cast to a pointer `as *const ()`
    |
980 |         ("Traceback", dispatch_traceback as *const () as usize),
    |                                          ++++++++++++

warning: direct cast of function item into an integer
   --> projects/mamba/src/runtime/stdlib/types_mod.rs:323:54
    |
323 |         ("SimpleNamespace", dispatch_simplenamespace as usize),
    |                                                      ^^^^^^^^
    |
help: first cast to a pointer `as *const ()`
    |
323 |         ("SimpleNamespace", dispatch_simplenamespace as *const () as usize),
    |                                                      ++++++++++++

warning: direct cast of function item into an integer
   --> projects/mamba/src/runtime/stdlib/types_mod.rs:324:42
    |
324 |         ("new_class", dispatch_new_class as usize),
    |                                          ^^^^^^^^
    |
help: first cast to a pointer `as *const ()`
    |
324 |         ("new_class", dispatch_new_class as *const () as usize),
    |                                          ++++++++++++

warning: direct cast of function item into an integer
   --> projects/mamba/src/runtime/stdlib/types_mod.rs:325:50
    |
325 |         ("prepare_class", dispatch_prepare_class as usize),
    |                                                  ^^^^^^^^
    |
help: first cast to a pointer `as *const ()`
    |
325 |         ("prepare_class", dispatch_prepare_class as *const () as usize),
    |                                                  ++++++++++++

warning: direct cast of function item into an integer
   --> projects/mamba/src/runtime/stdlib/types_mod.rs:326:50
    |
326 |         ("resolve_bases", dispatch_resolve_bases as usize),
    |                                                  ^^^^^^^^
    |
help: first cast to a pointer `as *const ()`
    |
326 |         ("resolve_bases", dispatch_resolve_bases as *const () as usize),
    |                                                  ++++++++++++

warning: direct cast of function item into an integer
   --> projects/mamba/src/runtime/stdlib/types_mod.rs:327:42
    |
327 |         ("coroutine", dispatch_coroutine as usize),
    |                                          ^^^^^^^^
    |
help: first cast to a pointer `as *const ()`
    |
327 |         ("coroutine", dispatch_coroutine as *const () as usize),
    |                                          ++++++++++++

warning: direct cast of function item into an integer
   --> projects/mamba/src/runtime/stdlib/types_mod.rs:328:60
    |
328 |         ("get_original_bases", dispatch_get_original_bases as usize),
    |                                                            ^^^^^^^^
    |
help: first cast to a pointer `as *const ()`
    |
328 |         ("get_original_bases", dispatch_get_original_bases as *const () as usize),
    |                                                            ++++++++++++

warning: direct cast of function item into an integer
   --> projects/mamba/src/runtime/stdlib/types_mod.rs:333:40
    |
333 |         ("CellType", dispatch_celltype as usize),
    |                                        ^^^^^^^^
    |
help: first cast to a pointer `as *const ()`
    |
333 |         ("CellType", dispatch_celltype as *const () as usize),
    |                                        ++++++++++++

warning: `cap` (lib) generated 1 warning (run `cargo fix --lib -p cap` to apply 1 suggestion)
warning: `mamba` (lib) generated 1271 warnings (run `cargo fix --lib -p mamba` to apply 1125 suggestions)
    Checking axiom-client-transport-policy-example v0.4.7 (/Users/chrischeng/axiom/app_courier/examples/client-transport-policy)
warning: struct `TextAtlasPlan` is never constructed
   --> crates/cclab-grid-wasm/src/renderer_bridge.rs:184:8
    |
184 | struct TextAtlasPlan {
    |        ^^^^^^^^^^^^^
    |
    = note: `#[warn(dead_code)]` (part of `#[warn(unused)]`) on by default

warning: struct `AtlasGlyphKey` is never constructed
   --> crates/cclab-grid-wasm/src/renderer_bridge.rs:190:8
    |
190 | struct AtlasGlyphKey {
    |        ^^^^^^^^^^^^^

warning: struct `AtlasGlyphSlot` is never constructed
   --> crates/cclab-grid-wasm/src/renderer_bridge.rs:197:8
    |
197 | struct AtlasGlyphSlot {
    |        ^^^^^^^^^^^^^^

warning: function `atlas_glyph_size` is never used
   --> crates/cclab-grid-wasm/src/renderer_bridge.rs:204:4
    |
204 | fn atlas_glyph_size(run: &TextRunWire) -> (u32, u32) {
    |    ^^^^^^^^^^^^^^^^

warning: function `plan_glyph_atlas` is never used
   --> crates/cclab-grid-wasm/src/renderer_bridge.rs:210:4
    |
210 | fn plan_glyph_atlas(runs: &[TextRunWire]) -> TextAtlasPlan {
    |    ^^^^^^^^^^^^^^^^

warning: `cclab-grid-wasm` (lib) generated 5 warnings
    Checking mamba v0.4.7 (/Users/chrischeng/axiom/app_courier/projects/mamba)
    Checking jet v0.4.26 (/Users/chrischeng/axiom/app_courier/apps/jet)
    Checking cclab-server v0.4.7 (/Users/chrischeng/axiom/app_courier/crates/cclab-server)
    Checking tape v0.4.7 (/Users/chrischeng/axiom/app_courier/apps/tape)
    Checking agentic-workflow v0.4.7 (/Users/chrischeng/axiom/app_courier/apps/agentic-workflow)
    Checking lumen v0.4.21 (/Users/chrischeng/axiom/app_courier/apps/lumen)
error[E0425]: cannot find value `client` in this scope
    --> apps/tape/src/bin/tape.rs:1080:18
     |
1080 |                 &client,
     |                  ^^^^^^ not found in this scope

error[E0425]: cannot find value `client` in this scope
    --> apps/tape/src/bin/tape.rs:1090:59
     |
1090 |         IssueCommand::View(args) => cli_std::issue::view(&client, &TOOL, args.number).await,
     |                                                           ^^^^^^ not found in this scope

error[E0425]: cannot find value `client` in this scope
    --> apps/tape/src/bin/tape.rs:1101:18
     |
1101 |                 &client,
     |                  ^^^^^^ not found in this scope

error[E0425]: cannot find value `client` in this scope
    --> apps/tape/src/bin/tape.rs:1120:18
     |
1120 |                 &client,
     |                  ^^^^^^ not found in this scope

error[E0277]: the trait bound `ToolInfo: IssueBackend` is not satisfied
   --> projects/mamba/src/standard_cli.rs:228:9
    |
227 |     block_on(cli_std::report_issue::run(
    |              -------------------------- required by a bound introduced by this call
228 |         &TOOL,
    |         ^^^^^ the trait `IssueBackend` is not implemented for `ToolInfo`
    |
note: required by a bound in `create`
   --> libs/cli-std/src/issue.rs:287:35
    |
287 | pub async fn create(client: &impl IssueBackend, tool: &ToolInfo, opts: CreateOptions) -> Result<()> {
    |                                   ^^^^^^^^^^^^ required by this bound in `create`

error[E0061]: this function takes 3 arguments but 2 arguments were supplied
   --> projects/mamba/src/standard_cli.rs:227:14
    |
227 |       block_on(cli_std::report_issue::run(
    |                ^^^^^^^^^^^^^^^^^^^^^^^^^^
228 |           &TOOL,
229 | /         cli_std::report_issue::Options {
230 | |             title,
231 | |             message,
232 | |             url: matches.get_one::<String>("url").cloned(),
...   |
238 | |             yes: matches.get_flag("yes"),
239 | |         },
    | |_________- argument #2 of type `&ToolInfo` is missing
    |
note: function defined here
   --> libs/cli-std/src/issue.rs:287:14
    |
287 | pub async fn create(client: &impl IssueBackend, tool: &ToolInfo, opts: CreateOptions) -> Result<()> {
    |              ^^^^^^
help: provide the argument
    |
227 |     block_on(cli_std::report_issue::run(
228 |         &TOOL,
229 ~         /* &ToolInfo */,
230 ~         cli_std::report_issue::Options {
    |

error[E0277]: the trait bound `ToolInfo: IssueBackend` is not satisfied
   --> projects/mamba/src/standard_cli.rs:227:14
    |
227 |       block_on(cli_std::report_issue::run(
    |  ______________^
228 | |         &TOOL,
229 | |         cli_std::report_issue::Options {
230 | |             title,
...   |
239 | |         },
240 | |     ))
    | |_____^ the trait `IssueBackend` is not implemented for `ToolInfo`
    |
note: required by a bound in `create`
   --> libs/cli-std/src/issue.rs:287:35
    |
287 | pub async fn create(client: &impl IssueBackend, tool: &ToolInfo, opts: CreateOptions) -> Result<()> {
    |                                   ^^^^^^^^^^^^ required by this bound in `create`

error[E0277]: the trait bound `ToolInfo: IssueBackend` is not satisfied
   --> projects/mamba/src/standard_cli.rs:227:5
    |
227 |     block_on(cli_std::report_issue::run(
    |     ^^^^^^^^ the trait `IssueBackend` is not implemented for `ToolInfo`
    |
note: required by a bound in `create`
   --> libs/cli-std/src/issue.rs:287:35
    |
287 | pub async fn create(client: &impl IssueBackend, tool: &ToolInfo, opts: CreateOptions) -> Result<()> {
    |                                   ^^^^^^^^^^^^ required by this bound in `create`

error[E0425]: cannot find value `client` in this scope
   --> apps/lumen/src/bin/lumen.rs:978:18
    |
978 |                 &client,
    |                  ^^^^^^ not found in this scope

error[E0425]: cannot find value `client` in this scope
   --> apps/lumen/src/bin/lumen.rs:988:59
    |
988 |         IssueCommand::View(args) => cli_std::issue::view(&client, &TOOL, args.number).await,
    |                                                           ^^^^^^ not found in this scope

error[E0425]: cannot find value `client` in this scope
    --> apps/lumen/src/bin/lumen.rs:1006:18
     |
1006 |                 &client,
     |                  ^^^^^^ not found in this scope

error[E0425]: cannot find value `client` in this scope
    --> apps/lumen/src/bin/lumen.rs:1027:18
     |
1027 |                 &client,
     |                  ^^^^^^ not found in this scope

Some errors have detailed explanations: E0061, E0277.
For more information about an error, try `rustc --explain E0061`.
error: could not compile `mamba` (bin "mamba") due to 4 previous errors
warning: build failed, waiting for other jobs to finish...
For more information about this error, try `rustc --explain E0425`.
error: could not compile `tape` (bin "tape") due to 4 previous errors
error: could not compile `lumen` (bin "lumen") due to 4 previous errors
